// Auto-generated by tools/make_splash.py -- do not edit by hand.
// warroom berserker-gorilla boot splash, RGB565, 240x320 (ILI9341).
// Same art as the warroom PWA splash. Draw with TFT_eSPI pushImage
// + setSwapBytes(true).
#pragma once
#include <Arduino.h>

#define GORILLA_SPLASH_W 240
#define GORILLA_SPLASH_H 320

const uint16_t gorilla_splash[GORILLA_SPLASH_W * GORILLA_SPLASH_H] PROGMEM = {
  0x1946,0x1966,0x2166,0x2166,0x2166,0x2166,0x2166,0x1946,0x1946,0x1946,0x2166,0x2166,
  0x2187,0x2187,0x2187,0x2187,0x21A7,0x29A8,0x29A8,0x29A8,0x31E9,0x3A4A,0x3A6B,0x3A4A,
  0x3A6B,0x4B2D,0x5B8F,0x63B0,0x63B0,0x5B4E,0x532E,0x42AC,0x2A09,0x29E9,0x3A6B,0x5B4E,
  0x5B8F,0x6BD1,0x8494,0x4AED,0x29C9,0x320A,0x320A,0x2A09,0x5B6F,0x84B4,0x530E,0x428C,
  0x42AC,0x428C,0x3A4B,0x322A,0x42AC,0x4AED,0x3A6B,0x3A4A,0x320A,0x29E9,0x3A4A,0x322A,
  0x29C8,0x21A8,0x2187,0x1967,0x1946,0x1926,0x1926,0x1926,0x1925,0x1105,0x1105,0x1105,
  0x1105,0x1105,0x10E5,0x10E5,0x10E5,0x10E4,0x10E4,0x10E4,0x10E5,0x10E5,0x1105,0x1105,
  0x1105,0x10E5,0x1105,0x1105,0x1105,0x1105,0x1105,0x1905,0x1925,0x1926,0x1946,0x1946,
  0x1946,0x1966,0x2166,0x2187,0x2187,0x21A8,0x29C8,0x29C8,0x29C8,0x29C8,0x31E9,0x29C8,
  0x530D,0x9D76,0x9535,0x7411,0x3A4A,0x3A6A,0x428B,0x42AB,0x428C,0x428B,0x42AC,0x4ACC,
  0x3A8B,0x322A,0x29E9,0x29C9,0x29E9,0x29C9,0x29C8,0x29C8,0x29C8,0x29E9,0x31E9,0x3209,
  0x3209,0x3209,0x3209,0x31E9,0x31E9,0x29E9,0x29C8,0x29C8,0x29C8,0x29C8,0x29C8,0x29C8,
  0x29E8,0x3209,0x3A4A,0x428B,0x426B,0x3A4B,0x320A,0x3209,0x31E9,0x29E9,0x29E9,0x29E9,
  0x29E9,0x29E9,0x31C9,0x31E9,0x3209,0x3A2A,0x3A4A,0x3A4A,0x322A,0x322A,0x3209,0x31E9,
  0x29E9,0x29E9,0x29E9,0x29E9,0x29C8,0x29C8,0x29C8,0x29C8,0x29A8,0x29A8,0x29A8,0x2188,
  0x3209,0x3A6B,0x3A4A,0x3A4A,0x322A,0x322A,0x29E9,0x31E9,0x2187,0x4AAB,0x0862,0x0021,
  0x0862,0x0842,0x0021,0x0000,0x0021,0x0842,0x0021,0x0020,0x0021,0x0842,0x0042,0x0041,
  0x0041,0x0041,0x0021,0x0841,0x0862,0x0041,0x0041,0x08A3,0x2166,0x2167,0x2187,0x2187,
  0x2167,0x2167,0x2167,0x2167,0x2167,0x2167,0x2167,0x2147,0x2147,0x2146,0x2146,0x2146,
  0x2146,0x2146,0x2146,0x1946,0x1946,0x1946,0x1946,0x1946,0x1946,0x1946,0x1946,0x1946,
  0x1946,0x2166,0x2167,0x2167,0x2167,0x1946,0x1946,0x1946,0x1946,0x1946,0x1946,0x2166,
  0x2187,0x29A7,0x2187,0x2187,0x2187,0x2187,0x21A8,0x29A8,0x29C8,0x322A,0x426B,0x428B,
  0x4B0D,0x5B8F,0x63D0,0x63B0,0x4AED,0x42AC,0x42AC,0x21A8,0x1967,0x1967,0x29C8,0x322A,
  0x3A4A,0x530E,0x7432,0x5B6F,0x2A09,0x2A09,0x2A09,0x324A,0x530E,0x6BF1,0x7412,0x63B0,
  0x4AED,0x63B0,0x4ACD,0x322A,0x4AED,0x322A,0x3A4B,0x3A4A,0x320A,0x322A,0x320A,0x29E9,
  0x29C8,0x21A8,0x2187,0x1967,0x1946,0x1926,0x1926,0x1925,0x1925,0x1925,0x1925,0x1105,
  0x1105,0x1105,0x1105,0x1105,0x1105,0x10E5,0x10E5,0x10E5,0x10E5,0x1105,0x1105,0x1105,
  0x1105,0x1105,0x1105,0x1105,0x1105,0x1105,0x1905,0x1905,0x1925,0x1926,0x1946,0x1946,
  0x1946,0x1946,0x2166,0x2167,0x2187,0x21A7,0x29A8,0x29C8,0x29C8,0x29C8,0x29E9,0x29C8,
  0x428B,0x6BF1,0x73F1,0x636F,0x3A6B,0x3229,0x3A4A,0x42AC,0x428B,0x3A6B,0x3A6B,0x322A,
  0x29C8,0x29E9,0x29C9,0x29C8,0x29C8,0x29E9,0x29E9,0x29C8,0x29E9,0x3209,0x322A,0x322A,
  0x3229,0x3209,0x3209,0x3209,0x31E9,0x29E9,0x29E9,0x29E9,0x29E8,0x29C8,0x29C8,0x29E9,
  0x31E9,0x3209,0x3A4A,0x426B,0x3A4A,0x3A4A,0x3209,0x3209,0x3209,0x3209,0x320A,0x320A,
  0x3209,0x31E9,0x31E9,0x31E9,0x3209,0x3A4A,0x3A6B,0x3A4B,0x322A,0x320A,0x31E9,0x29E9,
  0x29C8,0x29E9,0x31E9,0x3209,0x31E9,0x29E9,0x29C9,0x29A8,0x29A8,0x29A8,0x29C9,0x31C9,
  0x322A,0x3A4B,0x3A2A,0x3A4A,0x320A,0x3209,0x3209,0x21A7,0x52CC,0x31C8,0x0000,0x0041,
  0x0041,0x0041,0x0001,0x0000,0x0021,0x0862,0x0021,0x0000,0x0021,0x0842,0x0862,0x0861,
  0x0041,0x0041,0x0021,0x0021,0x0841,0x0062,0x08A3,0x2146,0x2167,0x2167,0x2187,0x2167,
  0x2167,0x2167,0x2167,0x2167,0x2167,0x2167,0x2167,0x2167,0x2167,0x2166,0x2166,0x2166,
  0x2166,0x2146,0x2146,0x2146,0x2146,0x2146,0x2146,0x2146,0x2146,0x2146,0x2146,0x2146,
  0x2166,0x2167,0x2167,0x2166,0x1946,0x1946,0x1946,0x1946,0x1946,0x1946,0x2166,0x2167,
  0x2187,0x21A7,0x2187,0x2187,0x2187,0x2187,0x29A8,0x29A8,0x29C8,0x3209,0x3A4A,0x428B,
  0x530D,0x63B0,0x63D0,0x5B8F,0x322A,0x21A8,0x29C8,0x2187,0x1946,0x1126,0x1126,0x1967,
  0x29C8,0x320A,0x428C,0x4ACD,0x2A09,0x2A09,0x322A,0x3A6B,0x428C,0x3A6B,0x4ACD,0x7452,
  0x5B8F,0x5B6F,0x4AED,0x320A,0x3A4B,0x320A,0x3209,0x322A,0x322A,0x322A,0x29E9,0x29C8,
  0x21C8,0x2188,0x2187,0x2187,0x1946,0x1926,0x1925,0x1925,0x1925,0x1105,0x1105,0x1105,
  0x1905,0x1905,0x1105,0x1105,0x1105,0x1105,0x1105,0x1105,0x1105,0x1105,0x1105,0x1105,
  0x1105,0x1105,0x1105,0x1105,0x1105,0x1105,0x1905,0x1925,0x1925,0x1926,0x1926,0x1926,
  0x1946,0x1946,0x2166,0x2167,0x2187,0x21A7,0x29A8,0x29C8,0x29C8,0x29E8,0x31E9,0x322A,
  0x5B4E,0x5B4E,0x4B0D,0x5B6E,0x532E,0x3A8B,0x4ACC,0x4AED,0x428C,0x3A4A,0x322A,0x3209,
  0x29E8,0x29C8,0x29C8,0x29C8,0x29C8,0x29C9,0x29C8,0x29E9,0x3209,0x3A2A,0x3A4A,0x3A4A,
  0x3A2A,0x3229,0x322A,0x3A4A,0x3209,0x29E9,0x29E9,0x31E9,0x31E9,0x29E9,0x29E9,0x31E9,
  0x31E9,0x3209,0x322A,0x322A,0x320A,0x3209,0x3209,0x3209,0x320A,0x3A2A,0x3A4A,0x3A2A,
  0x3A2A,0x3A4A,0x3A2A,0x3A4A,0x3A6B,0x3A6B,0x3A6B,0x3A4A,0x3A6B,0x3A2A,0x31E9,0x29C9,
  0x3A2A,0x31E9,0x3209,0x322A,0x3209,0x29E9,0x29C9,0x29C8,0x29C8,0x29A8,0x31E9,0x320A,
  0x322A,0x3A4A,0x3A4A,0x3A4A,0x322A,0x320A,0x29C8,0x426B,0x5B0D,0x0000,0x0021,0x0041,
  0x0041,0x0041,0x0000,0x0000,0x0041,0x0021,0x0000,0x0000,0x0021,0x0841,0x0862,0x0862,
  0x0041,0x0841,0x0041,0x0041,0x0062,0x0062,0x1925,0x2987,0x2167,0x2187,0x2187,0x2187,
  0x2167,0x2167,0x2167,0x2167,0x2167,0x2167,0x2167,0x2167,0x2167,0x2166,0x2166,0x2166,
  0x2166,0x2146,0x2146,0x2146,0x2146,0x2146,0x2146,0x2146,0x2146,0x2146,0x2146,0x2146,
  0x2167,0x2167,0x2166,0x1966,0x1946,0x2166,0x2166,0x1946,0x1946,0x2166,0x2187,0x2187,
  0x2187,0x2187,0x21A7,0x21A7,0x21A8,0x29A8,0x29C8,0x29C8,0x2A09,0x322A,0x322A,0x3A6B,
  0x530D,0x6BD0,0x7411,0x6BF0,0x42AC,0x4AAC,0x428B,0x4AAC,0x52ED,0x52ED,0x530D,0x428B,
  0x3A2A,0x29E9,0x2187,0x2187,0x29C9,0x2A09,0x3A6B,0x3A4A,0x3209,0x322A,0x3A4B,0x4AED,
  0x4B0D,0x42AC,0x4ACD,0x29E9,0x29E9,0x3209,0x29E9,0x29E9,0x29E9,0x29C9,0x29C9,0x21C8,
  0x2188,0x2187,0x2167,0x2167,0x1946,0x1945,0x1925,0x1925,0x1925,0x1105,0x1105,0x1105,
  0x1905,0x1905,0x1905,0x1905,0x1905,0x1105,0x1105,0x1105,0x1105,0x1105,0x1105,0x1105,
  0x1105,0x1105,0x1105,0x1105,0x1105,0x1905,0x1925,0x1925,0x1125,0x1125,0x1926,0x1925,
  0x1946,0x1946,0x2166,0x2167,0x2187,0x2187,0x29A8,0x29C8,0x29C8,0x3209,0x426B,0x4ACC,
  0x84B3,0x530D,0x6C11,0x8CF4,0x5B8F,0x4AEC,0x4AED,0x530E,0x4AED,0x3A6B,0x3A4A,0x3209,
  0x31E9,0x3209,0x31E9,0x29C8,0x29C8,0x29C8,0x29E8,0x3209,0x3A2A,0x3A4A,0x3A4A,0x3A4A,
  0x3A4A,0x3A4A,0x3A4A,0x322A,0x322A,0x3209,0x31E9,0x3209,0x3209,0x31E9,0x31E9,0x31E9,
  0x31E9,0x31E9,0x3209,0x3209,0x31E9,0x31E9,0x3209,0x320A,0x320A,0x3A2A,0x3A2A,0x3A2A,
  0x3A4A,0x3A8B,0x428B,0x3A8B,0x428C,0x428C,0x3A8B,0x3A4B,0x428B,0x3A2A,0x29E9,0x29C9,
  0x428B,0x3A2A,0x320A,0x320A,0x31E9,0x29E9,0x29C9,0x29A8,0x2987,0x3A09,0x426B,0x3A4A,
  0x3A4A,0x3A4B,0x3A4A,0x322A,0x31E9,0x31E9,0x426B,0x6B8F,0x0862,0x0021,0x0041,0x0041,
  0x0041,0x0020,0x0000,0x0000,0x0041,0x0000,0x0000,0x0020,0x0021,0x0841,0x0841,0x0841,
  0x0841,0x0841,0x0041,0x0062,0x0062,0x08A3,0x2126,0x2187,0x2187,0x2187,0x21A7,0x2187,
  0x2187,0x2187,0x2187,0x2167,0x2167,0x2167,0x2167,0x2167,0x2167,0x2166,0x2166,0x2166,
  0x2166,0x2166,0x2146,0x2146,0x2146,0x2146,0x2146,0x1946,0x2146,0x2146,0x2146,0x2146,
  0x2167,0x2167,0x2167,0x2166,0x2166,0x2166,0x2166,0x2166,0x2166,0x2167,0x2187,0x21A7,
  0x21A7,0x2187,0x21A7,0x21A8,0x29C8,0x29C9,0x29C8,0x29C8,0x3A4A,0x4AAC,0x4AAB,0x428B,
  0x428B,0x4ACC,0x428B,0x21A7,0x1125,0x29A8,0x3209,0x29A8,0x29A7,0x31C8,0x426B,0x4AAC,
  0x5B4E,0x4ACC,0x5B4E,0x5B4E,0x3A4A,0x2187,0x29E9,0x322A,0x322A,0x322A,0x322A,0x324B,
  0x324A,0x3A4A,0x322A,0x29E9,0x29E9,0x29E9,0x29E9,0x29C8,0x29C8,0x29C8,0x29E9,0x29C8,
  0x2187,0x2167,0x2167,0x1946,0x1946,0x1946,0x1925,0x1925,0x1925,0x1105,0x1105,0x1105,
  0x1905,0x1905,0x1905,0x1905,0x1905,0x1905,0x1905,0x1905,0x1105,0x1105,0x1105,0x1105,
  0x1105,0x1105,0x1105,0x1105,0x1105,0x1905,0x1925,0x1925,0x1125,0x1125,0x1925,0x1925,
  0x1946,0x1946,0x1946,0x1967,0x2167,0x2187,0x21A7,0x29C8,0x29E9,0x3229,0x3A4A,0x638F,
  0x8493,0x5B4E,0x9D76,0x8CF5,0x638F,0x42CC,0x3A6B,0x3A6B,0x4ACC,0x428C,0x3A6B,0x3A4A,
  0x320A,0x3A4A,0x3A4A,0x3209,0x3229,0x322A,0x3A2A,0x426B,0x42AC,0x428B,0x42AB,0x3A8B,
  0x3A6A,0x3A6A,0x3A4A,0x324A,0x322A,0x320A,0x322A,0x320A,0x3209,0x3209,0x3209,0x3209,
  0x3209,0x29E9,0x29E9,0x29E9,0x29E9,0x29E9,0x31E9,0x3209,0x320A,0x320A,0x322A,0x322A,
  0x3A4A,0x42AB,0x42AC,0x42CC,0x42AC,0x428C,0x428C,0x426B,0x3A4A,0x31E9,0x29E9,0x3209,
  0x322A,0x322A,0x320A,0x320A,0x31E9,0x29C8,0x29A8,0x3A4A,0x636F,0x6B8F,0x3A4A,0x1946,
  0x2187,0x3209,0x3A4A,0x3A29,0x4AAC,0x4ACC,0x3A09,0x10A3,0x0000,0x0041,0x0841,0x0041,
  0x0021,0x0000,0x0000,0x0020,0x0020,0x0000,0x0000,0x0861,0x0862,0x0841,0x0841,0x0041,
  0x0041,0x0841,0x0862,0x0862,0x0082,0x2166,0x2987,0x2167,0x2187,0x2188,0x21A8,0x2187,
  0x2187,0x2187,0x2187,0x2187,0x2167,0x2167,0x2167,0x2167,0x2167,0x2167,0x2167,0x2167,
  0x2166,0x2166,0x2166,0x2166,0x2166,0x2166,0x1966,0x1946,0x1946,0x2146,0x2146,0x2146,
  0x2167,0x2167,0x2167,0x2187,0x2167,0x2166,0x2166,0x2166,0x2166,0x2167,0x2187,0x29A8,
  0x29A8,0x2187,0x21A7,0x29A8,0x29E8,0x29E8,0x322A,0x426B,0x4AAC,0x4AAB,0x2167,0x1926,
  0x10E5,0x1905,0x31C8,0x1905,0x1905,0x2146,0x31E8,0x2187,0x10C4,0x1905,0x2967,0x2146,
  0x29A8,0x2166,0x29E8,0x52ED,0x6BB0,0x6BD0,0x532E,0x3209,0x29C8,0x320A,0x322A,0x322A,
  0x322A,0x320A,0x29E9,0x29E9,0x29C8,0x29C8,0x29C9,0x29C8,0x29C8,0x21A8,0x21A8,0x2187,
  0x2167,0x2167,0x2167,0x2146,0x2166,0x1946,0x1926,0x1926,0x1925,0x1925,0x1925,0x1925,
  0x1905,0x1905,0x1905,0x1905,0x1905,0x1905,0x1905,0x1925,0x1905,0x1905,0x1905,0x1105,
  0x1105,0x1105,0x1105,0x1105,0x1105,0x1105,0x1125,0x1925,0x1925,0x1925,0x1925,0x1926,
  0x1946,0x1946,0x1946,0x1967,0x2167,0x2187,0x21A7,0x29C8,0x3209,0x3A2A,0x322A,0x638F,
  0x8CD4,0x5B4E,0x84B4,0x9536,0x5B6E,0x42AC,0x324A,0x320A,0x320A,0x426B,0x4AAC,0x428B,
  0x3A2A,0x3A2A,0x3A4A,0x426B,0x4AAC,0x4ACC,0x4ACC,0x4ACC,0x4AAC,0x42AC,0x42AC,0x428B,
  0x428B,0x3A6B,0x3A4B,0x3A4B,0x322A,0x320A,0x3A4A,0x322A,0x322A,0x3229,0x3209,0x3209,
  0x3209,0x29E9,0x29E9,0x29E9,0x29C9,0x29C9,0x29C9,0x29E9,0x320A,0x3A4A,0x322A,0x322A,
  0x3A4A,0x42AC,0x42AC,0x42CC,0x42AC,0x42AC,0x3A6B,0x3A4B,0x3A4A,0x31E9,0x3A2A,0x3A4A,
  0x322A,0x322A,0x3209,0x31E9,0x29C9,0x3A2A,0x31E9,0x3A2A,0x31C8,0x10E4,0x10E4,0x08A3,
  0x0883,0x0883,0x08C4,0x1104,0x3A29,0x2166,0x0001,0x0001,0x0021,0x0041,0x0861,0x0841,
  0x0020,0x0000,0x0001,0x0000,0x0020,0x0020,0x0000,0x0041,0x0841,0x0841,0x0841,0x0041,
  0x0041,0x0041,0x0062,0x0882,0x08A3,0x2167,0x2987,0x2187,0x2187,0x29A8,0x21A8,0x2188,
  0x2187,0x2187,0x2187,0x2187,0x2187,0x2187,0x2187,0x2167,0x2167,0x2167,0x2167,0x2167,
  0x2167,0x2167,0x2167,0x2167,0x2167,0x2167,0x1946,0x2167,0x2167,0x2147,0x2147,0x2167,
  0x2167,0x2167,0x2187,0x2167,0x2187,0x2187,0x2187,0x2167,0x2167,0x2187,0x2187,0x21A8,
  0x29C8,0x29C8,0x29E8,0x3209,0x3209,0x428B,0x3A4A,0x1926,0x08A3,0x10E4,0x2146,0x1905,
  0x1925,0x1905,0x29A7,0x31E8,0x2987,0x2146,0x1925,0x1925,0x1105,0x2146,0x2987,0x2987,
  0x29A7,0x29A7,0x2987,0x31E8,0x3209,0x428B,0x6BAF,0x73F0,0x532D,0x3209,0x29C9,0x320A,
  0x29E9,0x29E9,0x29C9,0x29C8,0x29C8,0x21A8,0x21A8,0x21A8,0x21A8,0x2188,0x2187,0x2167,
  0x2167,0x2167,0x2167,0x1946,0x1946,0x1946,0x1926,0x1926,0x1926,0x1925,0x1925,0x1925,
  0x1905,0x1905,0x1905,0x1905,0x1905,0x1905,0x1905,0x1905,0x1905,0x1905,0x1905,0x1105,
  0x1105,0x1105,0x1105,0x1105,0x1105,0x1105,0x1125,0x1925,0x1925,0x1925,0x1925,0x1925,
  0x1926,0x1946,0x1946,0x1966,0x2167,0x2187,0x21A8,0x29E9,0x3229,0x428B,0x3A4A,0x4ACC,
  0x9536,0x9D36,0xB619,0x9D56,0x428B,0x3A4A,0x322A,0x3209,0x29E9,0x29E9,0x3A6B,0x428C,
  0x426B,0x3A4A,0x3A6A,0x428B,0x4AEC,0x532D,0x530D,0x4AED,0x530D,0x4ACC,0x42AC,0x4AEC,
  0x42CC,0x42AC,0x428B,0x428B,0x3A4B,0x322A,0x322A,0x322A,0x3229,0x3229,0x3209,0x3209,
  0x3209,0x29E9,0x29E9,0x29C8,0x29A8,0x29C8,0x29C9,0x29C9,0x3209,0x3A4A,0x322A,0x3A4A,
  0x3A6B,0x3A4A,0x428C,0x42AC,0x42AC,0x42AC,0x3A4B,0x3209,0x320A,0x322A,0x3A4A,0x3A4A,
  0x322A,0x320A,0x29E9,0x3A0A,0x52ED,0x426B,0x2166,0x08A3,0x0021,0x0862,0x10E4,0x2166,
  0x1905,0x0863,0x0062,0x0041,0x0882,0x0883,0x0042,0x0021,0x0000,0x0000,0x0000,0x0000,
  0x0000,0x0020,0x0021,0x0841,0x0020,0x0000,0x0021,0x0041,0x0041,0x0861,0x0862,0x0042,
  0x0042,0x0042,0x0042,0x1905,0x2987,0x29A8,0x2988,0x2988,0x29A8,0x29A8,0x29A8,0x29A8,
  0x2187,0x2187,0x2187,0x2187,0x2187,0x2187,0x2187,0x2167,0x2167,0x2167,0x2167,0x2167,
  0x2167,0x2167,0x2167,0x2167,0x2167,0x2187,0x2187,0x2167,0x2167,0x2167,0x2167,0x2167,
  0x2167,0x2167,0x2166,0x2186,0x2187,0x21A7,0x2187,0x21A7,0x2188,0x2187,0x2187,0x21A8,
  0x2A09,0x3209,0x3A4A,0x428B,0x3A8B,0x42AB,0x1105,0x08C3,0x1925,0x1904,0x1925,0x1904,
  0x1904,0x10C4,0x1925,0x29A7,0x29A7,0x2166,0x08A3,0x2186,0x3A09,0x31E8,0x2146,0x2166,
  0x2967,0x2146,0x2987,0x29A7,0x3A08,0x29A7,0x31C7,0x31E8,0x52EC,0x7C11,0x5B2E,0x21A8,
  0x21C8,0x29E9,0x29C8,0x29C8,0x29C8,0x21A8,0x21A8,0x21A8,0x2188,0x2187,0x2187,0x2167,
  0x1946,0x1967,0x1946,0x1946,0x1946,0x1946,0x1926,0x1926,0x1926,0x1946,0x1946,0x1926,
  0x1905,0x1905,0x1905,0x1905,0x1905,0x1905,0x1905,0x1905,0x1925,0x1125,0x1125,0x1105,
  0x1105,0x1105,0x1105,0x1105,0x1104,0x1104,0x1125,0x1925,0x1925,0x1925,0x1926,0x1925,
  0x1926,0x1946,0x1946,0x1946,0x1967,0x2187,0x29A8,0x31E9,0x3A2A,0x532D,0x428B,0x5B6E,
  0xADD8,0xBE3A,0xBE5A,0x638F,0x322A,0x320A,0x3209,0x3209,0x3209,0x3209,0x3A4A,0x4ACC,
  0x4AED,0x428B,0x4AEC,0x3A6B,0x3A6B,0x532D,0x532E,0x5B6F,0x638F,0x530D,0x530D,0x530D,
  0x4ACD,0x42CC,0x428C,0x428C,0x3A6B,0x3A4A,0x3A4A,0x3A4A,0x3A2A,0x3209,0x3209,0x3209,
  0x3209,0x29E9,0x29C9,0x29C8,0x29C8,0x29C8,0x29C8,0x29C8,0x320A,0x3A4A,0x324A,0x3A4A,
  0x3A4B,0x31E9,0x29E9,0x3209,0x3A4B,0x42AC,0x3A4A,0x29E9,0x3209,0x3A6B,0x3A6B,0x3A4A,
  0x322A,0x3229,0x31E9,0x5B2E,0x31C8,0x08A3,0x10A3,0x1905,0x2125,0x18C4,0x10C4,0x1925,
  0x10C4,0x0862,0x0042,0x0042,0x10A3,0x10A3,0x0041,0x0020,0x0000,0x0000,0x0000,0x0000,
  0x0000,0x0000,0x0020,0x0841,0x0862,0x0021,0x0021,0x0021,0x0041,0x0041,0x0042,0x0862,
  0x0842,0x0042,0x0042,0x1925,0x29A8,0x2987,0x2988,0x29A8,0x29A8,0x29A8,0x29A7,0x29A7,
  0x29A7,0x2187,0x2187,0x2187,0x2187,0x2187,0x2187,0x2187,0x2187,0x2167,0x2167,0x2167,
  0x2187,0x2187,0x2187,0x2187,0x2187,0x2187,0x2167,0x2167,0x2167,0x2167,0x2167,0x2167,
  0x2167,0x2167,0x2166,0x2186,0x2187,0x21A7,0x21A8,0x2188,0x2188,0x2188,0x21A7,0x21A8,
  0x29C8,0x29E9,0x3A6A,0x42AC,0x4AEC,0x4ACC,0x1946,0x1946,0x1925,0x1904,0x10E4,0x1904,
  0x1904,0x10C3,0x1905,0x29A8,0x29A7,0x2987,0x10C4,0x1925,0x2186,0x29A7,0x29A7,0x31C8,
  0x2166,0x2946,0x2166,0x2986,0x2986,0x31A7,0x31E8,0x3A08,0x3A29,0x2966,0x638F,0x7C52,
  0x3A2A,0x21A7,0x29E8,0x29C8,0x21A8,0x21A8,0x21A8,0x21A8,0x2188,0x2187,0x2167,0x2167,
  0x1966,0x1946,0x1946,0x1946,0x1946,0x1946,0x1926,0x1926,0x1946,0x1946,0x1946,0x1926,
  0x1905,0x1905,0x1905,0x1905,0x1905,0x1905,0x1925,0x1905,0x1925,0x1125,0x1125,0x1125,
  0x1905,0x1905,0x1905,0x1905,0x1104,0x1925,0x1925,0x1125,0x1926,0x1926,0x1926,0x1926,
  0x1926,0x1946,0x1946,0x1946,0x1967,0x2187,0x29A8,0x3229,0x3A6A,0x530D,0x324A,0x63AF,
  0x9D56,0x8493,0x8CD4,0x428B,0x322A,0x3209,0x3209,0x322A,0x3209,0x3A6B,0x5B8F,0x530D,
  0x4ACC,0x532E,0x63B0,0x5B4E,0x4ACC,0x5B4E,0x534E,0x5B6E,0x5B6F,0x636F,0x5B6F,0x530D,
  0x4AED,0x42CD,0x42AC,0x42AC,0x428C,0x3A6B,0x3A4A,0x3A4A,0x322A,0x3209,0x3209,0x3209,
  0x31E9,0x29E9,0x29C9,0x29C9,0x29C8,0x29C8,0x29C8,0x29E9,0x3A4A,0x3A4A,0x3A4A,0x324A,
  0x3A4A,0x3A2A,0x322A,0x3A4A,0x3A8B,0x42AC,0x322A,0x3209,0x3A8B,0x42AC,0x3A8B,0x3A6B,
  0x324A,0x3209,0x3A4A,0x3209,0x1925,0x2146,0x18E4,0x18E4,0x18C4,0x0862,0x0883,0x0882,
  0x0042,0x0021,0x0041,0x0021,0x0883,0x0883,0x0041,0x0021,0x0000,0x0000,0x0000,0x0000,
  0x0000,0x0000,0x0000,0x0021,0x0862,0x0041,0x0021,0x0021,0x0041,0x0041,0x0021,0x0062,
  0x0863,0x0883,0x1905,0x2166,0x29A7,0x2987,0x2988,0x29A8,0x29A8,0x29A8,0x29A7,0x29A8,
  0x29A7,0x29A8,0x2187,0x2187,0x2187,0x2187,0x2187,0x2187,0x2187,0x2187,0x2187,0x2187,
  0x2187,0x2187,0x2187,0x2187,0x2187,0x2187,0x2167,0x2167,0x2167,0x2187,0x2187,0x2167,
  0x2166,0x2166,0x2166,0x2166,0x2187,0x2187,0x29A8,0x21A8,0x21A7,0x21A7,0x21A7,0x29A8,
  0x29C8,0x322A,0x3A6B,0x428B,0x4ACC,0x4ACC,0x1946,0x1925,0x1925,0x1904,0x2145,0x2145,
  0x1905,0x18E4,0x2146,0x31E8,0x3A29,0x2166,0x1925,0x1925,0x29A7,0x29C8,0x31E8,0x29A7,
  0x2146,0x2966,0x2166,0x31A7,0x31A7,0x31C7,0x2987,0x31A7,0x31C7,0x31C8,0x4A8B,0x6B8F,
  0x8472,0x4AEC,0x2187,0x29C8,0x29C8,0x29A8,0x21A8,0x21A8,0x21A8,0x21A8,0x1967,0x1947,
  0x1967,0x1966,0x1966,0x1946,0x1946,0x1946,0x1946,0x1946,0x1946,0x1946,0x1946,0x1926,
  0x1925,0x1925,0x1905,0x1905,0x1905,0x1925,0x1925,0x1925,0x1925,0x1925,0x1925,0x1105,
  0x1105,0x1905,0x1905,0x1905,0x1905,0x1905,0x1905,0x1905,0x1905,0x1905,0x1925,0x1925,
  0x1926,0x1946,0x1946,0x1946,0x1967,0x2187,0x29C8,0x3209,0x3A4A,0x428B,0x3229,0x4ACC,
  0xB619,0x6BD0,0x4ACC,0x42AC,0x322A,0x3209,0x322A,0x320A,0x4ACD,0x532E,0x532E,0x4AED,
  0x4ACD,0x7411,0x8CD4,0x7431,0x5B4E,0x636F,0x638F,0x63AF,0x63AF,0x6BD0,0x638F,0x530E,
  0x4AED,0x4ACC,0x42AC,0x42AC,0x42AC,0x3A6B,0x3A6A,0x322A,0x322A,0x3209,0x3209,0x3209,
  0x31E9,0x31E9,0x29C9,0x29C9,0x29C9,0x29C9,0x29C8,0x31E9,0x3A4A,0x3A4A,0x3A4A,0x322A,
  0x3A4A,0x3A4A,0x428B,0x4ACD,0x42CC,0x42CC,0x3A8B,0x3A4B,0x42CC,0x42AC,0x428B,0x3A6B,
  0x3A4A,0x322A,0x3209,0x3209,0x3A09,0x426A,0x18E4,0x0000,0x0001,0x0001,0x0000,0x0000,
  0x0021,0x0021,0x0021,0x0021,0x0862,0x0882,0x0862,0x0041,0x0021,0x0020,0x0000,0x0000,
  0x0000,0x0000,0x0000,0x0021,0x0021,0x0041,0x0041,0x0041,0x0041,0x0041,0x0041,0x0042,
  0x0862,0x10C4,0x31C8,0x29A8,0x29A8,0x29A8,0x29A8,0x29A8,0x29A8,0x29A8,0x29A8,0x29A8,
  0x29A8,0x29A8,0x29A8,0x29A8,0x29A8,0x2187,0x2187,0x2187,0x2187,0x2987,0x2987,0x2187,
  0x2187,0x2187,0x2187,0x2187,0x2187,0x2187,0x2187,0x2187,0x2187,0x2187,0x2187,0x2187,
  0x2166,0x2166,0x2166,0x2167,0x2167,0x2187,0x21A7,0x21A8,0x21A7,0x2187,0x21A8,0x29C8,
  0x3209,0x3A6B,0x42AC,0x4ACC,0x4AED,0x426B,0x1946,0x1946,0x1905,0x1904,0x1925,0x2125,
  0x1925,0x2125,0x31C8,0x2125,0x2146,0x31C8,0x31E8,0x31E8,0x3A29,0x3A09,0x2186,0x2166,
  0x2146,0x2146,0x2145,0x2986,0x39C7,0x31C7,0x2987,0x2986,0x31C7,0x4249,0x424A,0x3A08,
  0x3A09,0x6BCF,0x638F,0x21A7,0x21A8,0x29C9,0x29C8,0x29C8,0x29C8,0x29C8,0x21A8,0x2167,
  0x2187,0x2187,0x1966,0x1946,0x2166,0x1946,0x1946,0x1946,0x1946,0x1946,0x1946,0x1946,
  0x1926,0x1925,0x1925,0x1925,0x1925,0x1926,0x1926,0x1926,0x1926,0x1925,0x1925,0x1925,
  0x1925,0x1925,0x1925,0x1925,0x1925,0x1925,0x1905,0x1905,0x1905,0x1905,0x1925,0x1925,
  0x1926,0x1946,0x1946,0x1946,0x1966,0x2167,0x21A7,0x29C8,0x3209,0x322A,0x3209,0x322A,
  0x4ACC,0x7C52,0x63B0,0x3A6A,0x3A2A,0x320A,0x3A6B,0x4AED,0x636F,0x5B4F,0x4ACC,0x532E,
  0x638F,0x84B4,0x9515,0x8493,0x638F,0x8CB4,0x8CF4,0x8493,0x7411,0x6BF0,0x638F,0x530D,
  0x4AED,0x4ACC,0x4ACC,0x42AC,0x42AC,0x428B,0x3A6B,0x324A,0x322A,0x322A,0x320A,0x3209,
  0x3209,0x31E9,0x29C9,0x29C9,0x29E9,0x29E9,0x29C9,0x3209,0x3A2A,0x3A4A,0x3A4A,0x322A,
  0x322A,0x324A,0x428C,0x4AED,0x4AED,0x4AED,0x42CC,0x42AC,0x42AC,0x3A8B,0x3A6B,0x3A4A,
  0x3A4A,0x3A4A,0x322A,0x322A,0x322A,0x29C8,0x31A8,0x2146,0x0021,0x0000,0x0020,0x0000,
  0x0000,0x0000,0x0000,0x0001,0x0862,0x0882,0x0862,0x0041,0x0021,0x0021,0x0021,0x0021,
  0x0000,0x0000,0x0000,0x0021,0x0841,0x0841,0x0041,0x0041,0x0041,0x0041,0x0042,0x0042,
  0x10E4,0x2166,0x29A8,0x29C8,0x29A8,0x29A8,0x29A8,0x29A8,0x29A8,0x29A8,0x29A8,0x29A8,
  0x29A8,0x29A8,0x29A8,0x29A8,0x29A8,0x29A8,0x29A8,0x2187,0x2187,0x2987,0x2987,0x2987,
  0x2987,0x2187,0x2187,0x2187,0x2187,0x2187,0x2187,0x2187,0x2187,0x2187,0x2187,0x2187,
  0x2167,0x2187,0x2187,0x2187,0x2187,0x2187,0x29A8,0x29A8,0x21A8,0x29A8,0x29C8,0x29E8,
  0x322A,0x428B,0x4ACC,0x4AED,0x532E,0x428B,0x2187,0x1926,0x1925,0x2125,0x1905,0x1905,
  0x2146,0x2966,0x2987,0x18E4,0x1905,0x1904,0x2145,0x2166,0x2987,0x3A09,0x29A7,0x29C7,
  0x31C7,0x2146,0x2166,0x2146,0x31A7,0x39C8,0x2946,0x2146,0x39C8,0x31A7,0x31C7,0x4229,
  0x4249,0x31C7,0x5B0C,0x638E,0x2187,0x29A8,0x29E8,0x29E9,0x29C9,0x29C8,0x29C8,0x320A,
  0x31E9,0x21A7,0x2187,0x2167,0x2167,0x2167,0x2167,0x1946,0x1946,0x1946,0x1946,0x1946,
  0x1946,0x1926,0x1926,0x1926,0x1926,0x1926,0x1926,0x1926,0x1926,0x1926,0x1926,0x1925,
  0x1925,0x1925,0x1925,0x1925,0x1925,0x1925,0x1925,0x1925,0x1925,0x1926,0x1925,0x1925,
  0x1926,0x1946,0x1946,0x1946,0x1966,0x2167,0x2187,0x21A8,0x29E8,0x3209,0x3209,0x3A4A,
  0x3A6A,0x4ACC,0x4AED,0x3A6B,0x3A4A,0x322A,0x3A6B,0x5B4F,0x3A6B,0x42AC,0x6BF1,0x7431,
  0x7C52,0x7C52,0x6BB0,0x8493,0x8473,0x9D77,0x9536,0x7C72,0x7431,0x6BF1,0x638F,0x5B4E,
  0x532E,0x532E,0x4AED,0x4ACC,0x42AC,0x42AC,0x428B,0x3A6B,0x3A6B,0x322A,0x322A,0x3209,
  0x3209,0x31E9,0x29C9,0x29C9,0x29E9,0x29E9,0x29E9,0x31E9,0x320A,0x3A2A,0x3A4A,0x322A,
  0x322A,0x3A4A,0x428C,0x42AC,0x4AED,0x4ACD,0x4ACD,0x42AC,0x3A8C,0x3A6B,0x322A,0x324A,
  0x3A4A,0x322A,0x322A,0x322A,0x320A,0x29E9,0x31E9,0x31E8,0x31E8,0x0882,0x0000,0x0000,
  0x0000,0x0000,0x0000,0x0001,0x0041,0x0041,0x0041,0x0021,0x0041,0x0021,0x0021,0x0021,
  0x0021,0x0000,0x0862,0x0021,0x0041,0x0882,0x0862,0x0862,0x0041,0x0041,0x0042,0x0862,
  0x2166,0x29E8,0x29E8,0x29C8,0x29A8,0x29A8,0x29A8,0x29A8,0x29A8,0x29C8,0x29C8,0x29C8,
  0x29C8,0x29C8,0x29A8,0x29A8,0x29A8,0x29A8,0x29A8,0x2187,0x2187,0x2988,0x2988,0x2987,
  0x2987,0x2987,0x2187,0x2187,0x2187,0x2187,0x2187,0x29A8,0x29A8,0x29A8,0x29A8,0x29A8,
  0x2167,0x2187,0x2187,0x21A7,0x21A8,0x29C8,0x29E9,0x29C8,0x29C8,0x29C8,0x29E8,0x29E9,
  0x322A,0x42AC,0x4AED,0x4ACD,0x530D,0x3A6B,0x2166,0x31E9,0x31E8,0x2125,0x10C4,0x10C3,
  0x0062,0x0062,0x0882,0x0062,0x0021,0x0021,0x0041,0x0041,0x0001,0x0882,0x10E4,0x1924,
  0x2145,0x2986,0x426A,0x29A7,0x29A7,0x3A29,0x2145,0x31C7,0x3A08,0x4229,0x4209,0x4229,
  0x4249,0x31E7,0x2986,0x6BAF,0x73F0,0x29A7,0x29C8,0x29E9,0x29C8,0x29C8,0x29A8,0x31E9,
  0x29C9,0x29A8,0x2187,0x2187,0x2187,0x2167,0x2167,0x2167,0x2166,0x2146,0x1946,0x1946,
  0x1946,0x1926,0x1926,0x1926,0x1926,0x1926,0x1926,0x1926,0x1926,0x1946,0x1946,0x1926,
  0x1926,0x1925,0x1925,0x1925,0x1925,0x1925,0x1926,0x1925,0x1926,0x1946,0x1125,0x1925,
  0x1926,0x1946,0x1946,0x1946,0x1966,0x2167,0x2187,0x21A7,0x21A8,0x29C8,0x2A09,0x3229,
  0x322A,0x3A8B,0x4AEC,0x3229,0x3209,0x3209,0x3209,0x3209,0x3A2A,0x4ACD,0x7411,0x9515,
  0x9515,0x84B3,0x8493,0x7C52,0x7C32,0x7C32,0x6BF1,0x7432,0x7452,0x6BD0,0x638F,0x5B4E,
  0x530D,0x532E,0x4AED,0x4AED,0x4AED,0x4ACD,0x42AC,0x3A6B,0x3A6B,0x3A4A,0x3A4A,0x322A,
  0x320A,0x3209,0x29E9,0x29E9,0x29E9,0x29E9,0x29E9,0x29E9,0x31E9,0x3209,0x3209,0x322A,
  0x3A4A,0x3A6B,0x428B,0x3A6B,0x3A8B,0x4ACD,0x4ACD,0x42AC,0x3A8B,0x3A4B,0x324A,0x3A2A,
  0x3A2A,0x322A,0x322A,0x322A,0x3209,0x29E8,0x3209,0x428B,0x530C,0x2146,0x0841,0x1082,
  0x0020,0x0000,0x0000,0x0001,0x0021,0x0021,0x0021,0x0021,0x0021,0x0021,0x0021,0x0021,
  0x0021,0x0000,0x0021,0x10C3,0x0882,0x08A3,0x0882,0x0862,0x0862,0x0041,0x10C4,0x2987,
  0x29C8,0x29E8,0x31E9,0x29C8,0x29A8,0x29A8,0x29A8,0x29A8,0x29C8,0x29C8,0x29C8,0x29C8,
  0x29C8,0x29C8,0x29A8,0x29A8,0x29A8,0x29A8,0x29A8,0x29A8,0x29A8,0x29A8,0x29A8,0x2988,
  0x2988,0x2987,0x29A8,0x29A8,0x29A8,0x29A8,0x29A8,0x29A8,0x29A8,0x29A8,0x29A8,0x29A8,
  0x2187,0x2187,0x21A7,0x21A8,0x29A8,0x29C8,0x29E8,0x29E9,0x29E9,0x29E9,0x31E9,0x2A09,
  0x2A09,0x324A,0x428C,0x428C,0x4AED,0x3209,0x1925,0x1925,0x0862,0x0042,0x0042,0x0041,
  0x0021,0x0041,0x0021,0x0041,0x0862,0x0882,0x0862,0x0862,0x0862,0x0041,0x0041,0x0041,
  0x0041,0x08A3,0x31E8,0x2166,0x31A7,0x31C8,0x31A7,0x39E8,0x39E8,0x4249,0x3A08,0x3A08,
  0x31C7,0x4249,0x52AB,0x52AB,0x4AAB,0x6BCF,0x29A7,0x29C8,0x29E8,0x29C8,0x29A8,0x29A8,
  0x29A8,0x29A8,0x21A8,0x2187,0x2187,0x2187,0x2187,0x2167,0x2167,0x2166,0x1946,0x1946,
  0x2146,0x1946,0x1946,0x1946,0x1946,0x1946,0x1946,0x1946,0x1946,0x1946,0x1946,0x1926,
  0x1946,0x1946,0x1926,0x1946,0x1926,0x1925,0x1926,0x1926,0x1925,0x1925,0x1925,0x1925,
  0x1926,0x1946,0x1946,0x1946,0x2166,0x2187,0x2187,0x2187,0x21A7,0x29A8,0x29C8,0x29E9,
  0x3209,0x3A4A,0x3A4A,0x3209,0x31E9,0x31E9,0x29E9,0x3209,0x322A,0x322A,0x42AB,0x7431,
  0x9535,0xA596,0x9535,0x8472,0x7431,0x7411,0x6BD0,0x63B0,0x63B0,0x63B0,0x638F,0x5B4E,
  0x532E,0x530E,0x530D,0x4AED,0x530D,0x530D,0x4ACC,0x428B,0x3A6B,0x3A4B,0x322A,0x322A,
  0x322A,0x3209,0x31E9,0x29E9,0x31E9,0x29E9,0x31E9,0x29E9,0x31E9,0x29E9,0x29E9,0x3209,
  0x3209,0x3A4B,0x428B,0x428C,0x3A6B,0x3A8B,0x4AED,0x42AC,0x42AC,0x3A6B,0x3A4A,0x3A2A,
  0x322A,0x3209,0x322A,0x324A,0x3A8B,0x52EC,0x424A,0x2987,0x0042,0x0041,0x39E8,0x10A3,
  0x0000,0x0000,0x0000,0x0021,0x0001,0x0001,0x0021,0x0021,0x0001,0x0021,0x0021,0x0021,
  0x0021,0x0021,0x0000,0x0041,0x2145,0x31C8,0x1925,0x0883,0x18E5,0x10E5,0x2166,0x31E8,
  0x29E9,0x3209,0x3209,0x29A8,0x29A8,0x29A8,0x29C8,0x29C8,0x29C8,0x29C8,0x29C8,0x29C8,
  0x29C8,0x29C8,0x29C8,0x29C8,0x29A8,0x29A8,0x29A8,0x29A8,0x29A8,0x29A8,0x29A8,0x29A8,
  0x29A8,0x29A8,0x29A8,0x29A8,0x29C8,0x29C8,0x29C8,0x29C8,0x29C8,0x29C8,0x29A8,0x29A8,
  0x2187,0x2187,0x2187,0x2188,0x21A8,0x21A8,0x29A8,0x29C8,0x3209,0x324A,0x322A,0x320A,
  0x29E9,0x3209,0x428B,0x42AC,0x4ACD,0x2167,0x0042,0x0883,0x0042,0x0042,0x0062,0x0062,
  0x0882,0x10E4,0x10C3,0x0042,0x0862,0x0862,0x0882,0x0882,0x0862,0x0882,0x08A3,0x0882,
  0x0062,0x10A3,0x10C3,0x0041,0x0883,0x2966,0x39E8,0x31C8,0x31A7,0x39C8,0x31A7,0x3A28,
  0x3A08,0x4A8A,0x4A49,0x4249,0x31C7,0x424A,0x634E,0x2987,0x29E8,0x29C8,0x29C9,0x29C8,
  0x21A8,0x29A8,0x29A8,0x2188,0x2188,0x2187,0x2187,0x21A7,0x2167,0x2166,0x2166,0x2166,
  0x2166,0x1946,0x1946,0x1946,0x1946,0x1946,0x1946,0x1946,0x1946,0x1946,0x1946,0x1946,
  0x1946,0x1946,0x1946,0x1946,0x1946,0x1946,0x1946,0x1926,0x1946,0x1926,0x1926,0x1926,
  0x1946,0x1946,0x1946,0x2167,0x2187,0x2187,0x2187,0x2187,0x21A7,0x29A8,0x29C8,0x29C8,
  0x29E8,0x29E8,0x29E9,0x31E9,0x31E9,0x31E9,0x3209,0x3209,0x322A,0x3A6B,0x428B,0x532E,
  0x9514,0xADD8,0x9D56,0x8CD4,0x84B3,0x7C72,0x6BD0,0x638F,0x636F,0x638F,0x638F,0x5B6F,
  0x5B4E,0x532E,0x532E,0x530D,0x530D,0x530D,0x42AC,0x428B,0x428B,0x3A6B,0x3A4A,0x322A,
  0x322A,0x320A,0x31E9,0x31E9,0x31E9,0x31E9,0x31E9,0x31E9,0x31E9,0x31E9,0x31E9,0x31E9,
  0x3A2A,0x3A6B,0x426B,0x428B,0x322A,0x3A6B,0x4AED,0x42CC,0x428B,0x3A4A,0x3A6B,0x3A4A,
  0x3A2A,0x3A2A,0x426A,0x3A2A,0x3209,0x29A8,0x0001,0x0000,0x0021,0x0000,0x31C7,0x4229,
  0x18C3,0x0862,0x0021,0x0000,0x0000,0x0000,0x0000,0x0000,0x0000,0x0000,0x0000,0x0021,
  0x0021,0x0021,0x0021,0x0021,0x0062,0x2987,0x3A09,0x31C8,0x29C8,0x31E9,0x29E8,0x31E9,
  0x31E9,0x320A,0x31E9,0x29A8,0x29A8,0x29C8,0x29C8,0x29E9,0x29E9,0x29E9,0x29C9,0x29C9,
  0x29C8,0x29C8,0x29C8,0x29C8,0x29C8,0x29C8,0x29C8,0x29A8,0x29A8,0x29C8,0x29C8,0x29C8,
  0x29C8,0x29C8,0x29C8,0x29C8,0x29C8,0x29C8,0x29C8,0x29C8,0x29C8,0x29C8,0x29A8,0x29A8,
  0x2187,0x2187,0x2187,0x2187,0x2187,0x21A8,0x21A8,0x29A8,0x3209,0x3A6B,0x3A4A,0x322A,
  0x320A,0x3A4A,0x42AC,0x42AC,0x4ACC,0x428B,0x1925,0x08A3,0x10C3,0x0882,0x0041,0x0062,
  0x0042,0x10A3,0x10C3,0x10C3,0x10A3,0x10C3,0x10A3,0x0882,0x0062,0x0862,0x0882,0x0882,
  0x0042,0x18E4,0x2146,0x0042,0x0021,0x0021,0x10C3,0x2986,0x31C7,0x2987,0x2987,0x4249,
  0x4A49,0x4A49,0x4A49,0x4A49,0x4249,0x39E8,0x52CC,0x636E,0x21A7,0x29E9,0x29E9,0x320A,
  0x3209,0x21A8,0x21A8,0x21A8,0x21A8,0x2187,0x21A7,0x29E9,0x2187,0x2187,0x2187,0x2167,
  0x2167,0x2167,0x1967,0x1966,0x1946,0x1946,0x1946,0x1946,0x1946,0x1946,0x1946,0x1946,
  0x1946,0x2166,0x2166,0x1946,0x1946,0x1946,0x1946,0x1946,0x1946,0x1946,0x1946,0x1946,
  0x1946,0x1946,0x1946,0x2166,0x2166,0x2166,0x2167,0x2187,0x2187,0x21A7,0x29A8,0x29C8,
  0x29C8,0x29E8,0x29E9,0x31E9,0x31E9,0x31E9,0x3A2A,0x428B,0x5B6F,0x63B0,0x5B6E,0x530D,
  0x7C52,0xADF8,0xADD8,0xA597,0x9535,0x8CF4,0x7C73,0x7432,0x7411,0x6BD0,0x638F,0x638F,
  0x638F,0x5B6F,0x5B4F,0x5B4E,0x5B4E,0x638F,0x4AED,0x42AC,0x428B,0x3A6B,0x3A4A,0x3A4A,
  0x3A2A,0x322A,0x322A,0x320A,0x322A,0x320A,0x31E9,0x31E9,0x31E9,0x31E9,0x31E9,0x29E9,
  0x3209,0x3A4A,0x3A4A,0x322A,0x3A6B,0x42AC,0x42CC,0x3A6B,0x4ACC,0x5B4E,0x3A0A,0x1926,
  0x10E4,0x10C4,0x0883,0x0042,0x0001,0x0001,0x0041,0x0042,0x0041,0x0021,0x0021,0x4A6A,
  0x39C7,0x0862,0x0021,0x0000,0x0000,0x0000,0x0000,0x0000,0x0000,0x0000,0x0000,0x0841,
  0x0862,0x0021,0x0021,0x0041,0x0021,0x1105,0x3A4A,0x3209,0x31C8,0x29C8,0x29C8,0x29E9,
  0x29E9,0x31E9,0x29C9,0x29A8,0x29C8,0x31E9,0x29E9,0x29E9,0x31E9,0x31E9,0x29C9,0x29E9,
  0x29C8,0x29C8,0x29C8,0x29C8,0x29C8,0x29C8,0x29C8,0x29C8,0x29C8,0x29C8,0x31C8,0x29C8,
  0x29C8,0x29C8,0x29C8,0x29E9,0x31E9,0x31E9,0x29E9,0x29C9,0x29C8,0x29C8,0x29C8,0x29A8,
  0x2187,0x2187,0x2187,0x2187,0x2187,0x29C8,0x21A8,0x29A8,0x320A,0x3A6B,0x3A6B,0x3A6B,
  0x29E9,0x29C8,0x3A6B,0x4ACC,0x4ACC,0x4AAC,0x3A4A,0x10C4,0x08A3,0x08A3,0x0062,0x0882,
  0x0862,0x0862,0x0862,0x0882,0x0862,0x0882,0x1925,0x08A3,0x0062,0x0862,0x0862,0x0882,
  0x10A3,0x10A3,0x1904,0x0862,0x0041,0x0041,0x0021,0x0041,0x2125,0x31A7,0x2987,0x4229,
  0x4249,0x4A49,0x4A28,0x4228,0x31C6,0x4228,0x4249,0x6B8E,0x52ED,0x2988,0x3209,0x322A,
  0x42AC,0x3A4A,0x29C8,0x21A7,0x21A7,0x21A7,0x21A8,0x29C8,0x21A8,0x21A8,0x2187,0x2167,
  0x2167,0x2167,0x1967,0x1966,0x1966,0x2166,0x2166,0x2166,0x2166,0x1946,0x1946,0x1946,
  0x1946,0x1946,0x2166,0x1946,0x1946,0x1946,0x1946,0x2166,0x1946,0x1946,0x1946,0x1946,
  0x1946,0x1946,0x1946,0x1946,0x2166,0x2166,0x2166,0x2187,0x2187,0x2187,0x21A8,0x29A8,
  0x29A8,0x29C8,0x29E9,0x29E9,0x31E9,0x3209,0x3A4A,0x5B6F,0x7C52,0x7411,0x9D55,0x8492,
  0x7410,0xA5B7,0xB5F8,0x8CB3,0x8CB3,0x7C52,0x73F1,0x636F,0x638F,0x63AF,0x5B6E,0x638F,
  0x638F,0x638F,0x638F,0x5B6E,0x638F,0x532D,0x4ACC,0x428C,0x428B,0x3A6B,0x3A4A,0x322A,
  0x3A2A,0x322A,0x322A,0x322A,0x322A,0x322A,0x320A,0x3209,0x3209,0x3209,0x29E8,0x31E9,
  0x31E9,0x320A,0x320A,0x31E9,0x3209,0x3A6B,0x4AAC,0x530E,0x636F,0x3A09,0x0021,0x0021,
  0x0041,0x0021,0x0041,0x0041,0x0862,0x0862,0x0842,0x0842,0x0041,0x0021,0x0000,0x0861,
  0x1904,0x0041,0x0000,0x0000,0x0000,0x0000,0x0000,0x0000,0x0000,0x0000,0x0000,0x0861,
  0x0882,0x0021,0x0041,0x0862,0x0882,0x10E4,0x2166,0x2187,0x2187,0x29C8,0x3209,0x3209,
  0x31E8,0x31E8,0x29C8,0x29C8,0x29E9,0x29E9,0x29E9,0x29E9,0x29E9,0x29E9,0x31E9,0x31E9,
  0x31E9,0x29C8,0x29C8,0x29C8,0x29C8,0x29C8,0x29C8,0x31C8,0x31C8,0x31E8,0x31E9,0x31E9,
  0x31E9,0x31E9,0x29E9,0x29E9,0x31E9,0x31E9,0x31E9,0x29E9,0x29C9,0x29C8,0x29C8,0x29C8,
  0x2167,0x2187,0x2187,0x2187,0x21A7,0x29A8,0x29A8,0x29C8,0x322A,0x3A6B,0x3A6B,0x3A4A,
  0x29C8,0x21A8,0x322A,0x428B,0x4AAC,0x42AC,0x42AB,0x2187,0x0062,0x08A3,0x0862,0x0862,
  0x0882,0x0862,0x0862,0x0862,0x0882,0x0882,0x08A3,0x1904,0x0882,0x0042,0x0882,0x10C3,
  0x10C3,0x0883,0x10C3,0x10A3,0x0021,0x0862,0x0882,0x0041,0x0021,0x18E4,0x39E8,0x4249,
  0x3A08,0x4229,0x526A,0x4A69,0x31A6,0x39E7,0x3A08,0x39E8,0x7C11,0x4A8B,0x29C8,0x3209,
  0x3A4A,0x3A6B,0x3A4A,0x3229,0x21C8,0x29A8,0x21A8,0x29C8,0x29C8,0x21A8,0x21A7,0x29A7,
  0x2187,0x2167,0x2187,0x2187,0x2166,0x2166,0x2166,0x2166,0x2166,0x2166,0x2166,0x2166,
  0x2166,0x2166,0x2166,0x2166,0x2166,0x2166,0x2166,0x2166,0x2166,0x1946,0x1946,0x1946,
  0x1946,0x1946,0x1946,0x1946,0x2166,0x2166,0x2166,0x2187,0x2187,0x2187,0x21A8,0x21A7,
  0x21A8,0x29C8,0x29C8,0x29E8,0x31E9,0x3A2A,0x3A6B,0x532E,0x63D0,0x7C52,0xCEBB,0xBE59,
  0x9D55,0xADB7,0x9D35,0x428B,0x4AAB,0x4AEC,0x6BF0,0x7C72,0x63B0,0x532D,0x5B4E,0x638F,
  0x6BF1,0x63B0,0x5B6F,0x5B4E,0x532D,0x4ACC,0x4ACC,0x428C,0x428B,0x3A6B,0x3A4A,0x3A4A,
  0x3A2A,0x3A2A,0x3A2A,0x322A,0x320A,0x3A2A,0x3A4B,0x3A2A,0x3209,0x3209,0x3209,0x322A,
  0x3209,0x3209,0x31E9,0x29E9,0x31E9,0x3A4A,0x428B,0x29A8,0x0062,0x0000,0x0062,0x0062,
  0x0041,0x0061,0x0862,0x0061,0x0041,0x0041,0x0842,0x0842,0x0021,0x0041,0x0020,0x0000,
  0x0841,0x18C3,0x0862,0x0021,0x0000,0x0000,0x0000,0x0000,0x0000,0x0000,0x0000,0x0861,
  0x0862,0x0021,0x0021,0x0882,0x0861,0x0862,0x0000,0x0021,0x0041,0x08A3,0x1905,0x1905,
  0x1926,0x2166,0x2987,0x29A7,0x29A8,0x29E9,0x29E9,0x29E9,0x29E9,0x29E9,0x31E9,0x31E9,
  0x31E9,0x31E9,0x29C8,0x29C8,0x31E9,0x31E9,0x3209,0x31E9,0x31E9,0x31E9,0x31E9,0x31E9,
  0x31E9,0x31E9,0x29E9,0x31E9,0x31E9,0x31E9,0x31E9,0x31E9,0x31E9,0x29E8,0x29C8,0x29C8,
  0x1966,0x2166,0x2187,0x21A7,0x29A8,0x29C8,0x29C8,0x3209,0x3A2A,0x3A4B,0x3A6B,0x322A,
  0x29C8,0x21A8,0x3209,0x3A6A,0x428B,0x426B,0x3A4A,0x29E8,0x08A3,0x0883,0x08A3,0x0862,
  0x0883,0x0842,0x0862,0x0882,0x0862,0x0882,0x0042,0x10C3,0x10C3,0x0882,0x0882,0x0041,
  0x10A3,0x10A3,0x10A3,0x10C3,0x0841,0x0862,0x0862,0x0862,0x0041,0x0001,0x10C4,0x3A08,
  0x3A08,0x4229,0x528A,0x528A,0x4248,0x3A07,0x4228,0x4228,0x4229,0x73D0,0x31E8,0x3209,
  0x3A4A,0x3A4A,0x3A4A,0x3A6B,0x3209,0x29C8,0x29C8,0x29C8,0x29C9,0x29C8,0x29A8,0x29A8,
  0x21A8,0x2187,0x2187,0x2187,0x2167,0x2167,0x2167,0x2167,0x2167,0x2167,0x2187,0x2187,
  0x2187,0x2167,0x2187,0x2187,0x2167,0x2167,0x2167,0x2166,0x2166,0x2166,0x2166,0x2166,
  0x2166,0x2166,0x2166,0x2166,0x2166,0x2166,0x2166,0x2187,0x2187,0x2187,0x29A8,0x2187,
  0x29A8,0x29C8,0x29C8,0x29E8,0x3209,0x322A,0x428B,0x5B4E,0x532E,0x7C52,0xCEDC,0xC69A,
  0xC67A,0xADB7,0xAD97,0xAD97,0x5B2E,0x6BAF,0x9D35,0x8CD4,0x7411,0x636F,0x638F,0x638F,
  0x7411,0x638F,0x5B2E,0x5B4E,0x5B2E,0x52ED,0x4AED,0x4ACC,0x42AC,0x428B,0x3A6B,0x3A4B,
  0x3A4A,0x3A4A,0x322A,0x322A,0x322A,0x322A,0x428B,0x3A4B,0x322A,0x3A4A,0x3A6B,0x3A6B,
  0x3209,0x3209,0x3209,0x3209,0x3209,0x29A7,0x0883,0x0042,0x0862,0x0862,0x0062,0x0862,
  0x0862,0x0862,0x0882,0x0862,0x0041,0x0041,0x0862,0x0862,0x0041,0x0841,0x0041,0x0021,
  0x0000,0x0041,0x10A3,0x18C3,0x0862,0x0020,0x0020,0x0021,0x0021,0x0021,0x0020,0x0841,
  0x0841,0x0021,0x0021,0x1082,0x0021,0x0861,0x0861,0x0862,0x10A3,0x08A3,0x0062,0x0883,
  0x0883,0x0882,0x0883,0x08A3,0x0883,0x08C4,0x29A8,0x31E9,0x29E9,0x29E9,0x31E9,0x31E9,
  0x31E9,0x29E9,0x29E9,0x29E9,0x31E9,0x3209,0x3A4A,0x3209,0x31E9,0x29C8,0x29C8,0x29C8,
  0x29C8,0x31E9,0x31E9,0x31E9,0x31E9,0x31E9,0x31E9,0x31E9,0x31E9,0x31E9,0x29C8,0x29A8,
  0x1966,0x1966,0x2187,0x21A7,0x29C8,0x29C8,0x320A,0x3A2A,0x320A,0x3209,0x322A,0x322A,
  0x29C8,0x21A8,0x3209,0x3A4A,0x3A4A,0x322A,0x29E9,0x29E9,0x1905,0x0883,0x10E4,0x0042,
  0x10A3,0x0882,0x0862,0x0862,0x0862,0x0862,0x0062,0x0062,0x10A3,0x10A3,0x0862,0x0862,
  0x1083,0x0862,0x0882,0x10A3,0x0021,0x0862,0x0882,0x0882,0x0862,0x0042,0x0021,0x0883,
  0x31A7,0x4229,0x4A6A,0x528A,0x4A48,0x4A48,0x4227,0x4248,0x39C7,0x3A09,0x4AAB,0x31E8,
  0x3A2A,0x3A2A,0x3A4B,0x3A4B,0x322A,0x3209,0x31E9,0x31E9,0x29E9,0x29C8,0x29A8,0x29A8,
  0x29A8,0x2187,0x2187,0x2187,0x2187,0x2187,0x2187,0x2187,0x2187,0x2187,0x2187,0x2187,
  0x2187,0x2187,0x2187,0x2187,0x2187,0x2187,0x2187,0x2167,0x2166,0x2166,0x2166,0x2166,
  0x2166,0x2166,0x2166,0x2166,0x2166,0x2166,0x2166,0x2167,0x2187,0x2187,0x2187,0x2187,
  0x21A8,0x29A8,0x29C8,0x29C8,0x3209,0x322A,0x42AC,0x6BD1,0x8473,0x31E9,0xB5F8,0xD6FC,
  0xCEBB,0xC659,0xC65A,0x9515,0x8CD4,0x9535,0x8CD4,0x7C72,0x7411,0x7411,0x6BF1,0x6BD0,
  0x636F,0x5B6E,0x5B4E,0x5B4E,0x5B4E,0x5B4E,0x530D,0x530D,0x530D,0x4AED,0x428C,0x428B,
  0x3A6B,0x3A4B,0x3A4A,0x322A,0x322A,0x3A4A,0x428C,0x428B,0x3A4B,0x3A6B,0x42AC,0x428B,
  0x320A,0x31E9,0x31E9,0x29C8,0x29C8,0x18E4,0x0042,0x0863,0x0842,0x0041,0x0841,0x0862,
  0x0882,0x0862,0x0862,0x0861,0x0041,0x0041,0x0041,0x0041,0x0021,0x0021,0x0021,0x0000,
  0x0000,0x0000,0x0000,0x0841,0x10A3,0x10A3,0x1082,0x0862,0x0841,0x0841,0x0021,0x0021,
  0x0841,0x0000,0x0021,0x0862,0x0021,0x0041,0x0841,0x0021,0x10E4,0x10E4,0x10C4,0x10C4,
  0x10C4,0x10C4,0x10C4,0x08A3,0x0883,0x0063,0x2167,0x31E9,0x29C8,0x29E9,0x31E9,0x31E9,
  0x31E9,0x31E9,0x31E9,0x31E9,0x31E9,0x31E9,0x31E8,0x29C8,0x2187,0x29A8,0x31E9,0x31E9,
  0x29C8,0x29A8,0x2187,0x2988,0x29C9,0x31C9,0x29C9,0x31E9,0x31E9,0x29A8,0x29A8,0x29C8,
  0x1946,0x1966,0x2167,0x2167,0x2187,0x21A7,0x3209,0x3A2A,0x31E9,0x29E9,0x29E8,0x29A8,
  0x21A7,0x21A8,0x3229,0x3A6B,0x3A6A,0x322A,0x29E9,0x29C8,0x2187,0x0883,0x10A3,0x0882,
  0x0862,0x0883,0x0883,0x0862,0x0862,0x0862,0x0882,0x08A3,0x0042,0x10A3,0x0021,0x0842,
  0x10C3,0x0862,0x0883,0x10C3,0x0882,0x0882,0x0882,0x0882,0x0862,0x0862,0x0842,0x0021,
  0x0882,0x4249,0x3A08,0x4A69,0x4A69,0x4A69,0x52AA,0x4A69,0x4208,0x4229,0x73AE,0x428B,
  0x2A09,0x322A,0x322A,0x322A,0x322B,0x322A,0x29E9,0x29C8,0x29C8,0x29A8,0x29A8,0x29A8,
  0x2987,0x2187,0x2187,0x2187,0x2187,0x2187,0x2187,0x2187,0x2187,0x21A7,0x21A8,0x29A8,
  0x21A8,0x2187,0x2187,0x2187,0x29A8,0x2187,0x2187,0x2187,0x2187,0x2167,0x2167,0x2167,
  0x2167,0x2167,0x2167,0x2166,0x2166,0x2166,0x2166,0x2167,0x2167,0x2187,0x2187,0x2187,
  0x21A7,0x29C8,0x29C8,0x31E9,0x3229,0x322A,0x42AC,0x7411,0xA597,0x8493,0xC69A,0xCEDB,
  0xBE19,0x7411,0x638F,0x42AB,0x5B4E,0x9D76,0x9D35,0x8CB4,0x8CB3,0x8493,0x8473,0x7C32,
  0x63B0,0x638F,0x636F,0x5B6E,0x636F,0x63B0,0x5B8F,0x5B6F,0x5B4E,0x530D,0x4ACC,0x42AC,
  0x42AC,0x3A6B,0x3A4A,0x322A,0x322A,0x428C,0x3A6B,0x3A4B,0x428B,0x42AC,0x42CC,0x4ACC,
  0x3A6B,0x3209,0x29C8,0x3A4A,0x31E8,0x0883,0x0882,0x0862,0x0841,0x0841,0x1082,0x0882,
  0x0041,0x0021,0x0021,0x0021,0x0021,0x0021,0x0000,0x0000,0x0021,0x0021,0x0000,0x0000,
  0x0000,0x0021,0x0021,0x0000,0x0021,0x10A3,0x0862,0x0862,0x0862,0x0862,0x0041,0x0021,
  0x0841,0x10A3,0x0041,0x0041,0x0021,0x0000,0x0021,0x0000,0x0862,0x10C3,0x10E4,0x18E4,
  0x10C4,0x10C3,0x10C3,0x08A3,0x1925,0x29A7,0x29C8,0x29C8,0x29C8,0x29E9,0x29E9,0x29E9,
  0x29E9,0x31E9,0x31E9,0x31E9,0x3209,0x29A8,0x2167,0x1946,0x2187,0x31E9,0x31E9,0x29A8,
  0x2187,0x2167,0x2167,0x2167,0x2187,0x2188,0x2187,0x2187,0x29A8,0x2187,0x2167,0x2187,
  0x1946,0x1946,0x1946,0x1967,0x2167,0x2187,0x21A8,0x29C8,0x29C8,0x29C8,0x29C8,0x29A8,
  0x29A8,0x29A8,0x31E9,0x3A4A,0x3209,0x31E9,0x29E8,0x29C8,0x29C8,0x10C4,0x08A3,0x0882,
  0x0021,0x0041,0x10E4,0x0882,0x0862,0x0882,0x08A3,0x0882,0x0041,0x0882,0x0862,0x10A3,
  0x10A3,0x0862,0x0882,0x10C3,0x0862,0x0862,0x0862,0x0862,0x0042,0x0862,0x0882,0x0021,
  0x0021,0x10C3,0x39E8,0x4269,0x4A8A,0x4A49,0x632D,0x528A,0x39C7,0x4A6A,0x4208,0x52EC,
  0x31E9,0x3209,0x320A,0x320A,0x322A,0x322A,0x322A,0x3209,0x29A8,0x29A8,0x29A8,0x29A8,
  0x2988,0x2187,0x29A8,0x29A8,0x29A8,0x29A8,0x29A8,0x29A8,0x29A8,0x21A8,0x21C8,0x29A8,
  0x29A8,0x29A8,0x29A7,0x29A7,0x29A7,0x29A7,0x21A7,0x2187,0x2187,0x2187,0x2187,0x2187,
  0x2187,0x2187,0x2167,0x2166,0x2166,0x2166,0x2166,0x2167,0x2167,0x2187,0x2187,0x2187,
  0x21A7,0x29C8,0x29C8,0x31E9,0x322A,0x322A,0x42AB,0x9D56,0xB619,0x7C52,0x94F4,0xBE5A,
  0x8CB3,0x638F,0x3A6A,0x4AEC,0x42AB,0x532D,0x8473,0x9D56,0x9D35,0x9514,0x94F4,0x7C72,
  0x7431,0x6BD0,0x63B0,0x63B0,0x6BF0,0x6C11,0x63D0,0x638F,0x5B4F,0x530D,0x4AED,0x4ACC,
  0x4AAC,0x428C,0x3A6B,0x428B,0x428B,0x42AB,0x3A2A,0x320A,0x3A4A,0x428B,0x42CC,0x4ACC,
  0x3A6B,0x31E8,0x428B,0x3A09,0x0042,0x0021,0x0042,0x0042,0x0882,0x1082,0x0862,0x0841,
  0x0041,0x0041,0x0041,0x0041,0x0041,0x0041,0x0021,0x0021,0x0021,0x0021,0x0041,0x0021,
  0x0021,0x0021,0x0021,0x0021,0x0021,0x0021,0x0062,0x0882,0x0021,0x0021,0x0021,0x0000,
  0x0841,0x18C3,0x0021,0x0000,0x0021,0x0000,0x0001,0x0021,0x0862,0x10A3,0x10C4,0x10A3,
  0x10C4,0x1905,0x10E4,0x0883,0x0883,0x10C4,0x2167,0x29C8,0x29C8,0x29C9,0x29C9,0x29C8,
  0x29E9,0x29E9,0x31E9,0x320A,0x3209,0x2187,0x2187,0x2167,0x29C8,0x3209,0x2987,0x2167,
  0x2167,0x2167,0x2167,0x2167,0x2167,0x2167,0x2187,0x2187,0x2187,0x2187,0x2167,0x2187,
  0x1926,0x1946,0x1946,0x1967,0x2167,0x2187,0x21A8,0x29A8,0x29A8,0x29A8,0x29C8,0x29A8,
  0x29A8,0x29A8,0x29C8,0x29E8,0x29E8,0x29C8,0x29C8,0x29A8,0x29C8,0x1905,0x08A3,0x0882,
  0x0042,0x0062,0x0862,0x18E4,0x10A3,0x0062,0x0062,0x0041,0x0042,0x0041,0x18E4,0x10A3,
  0x0882,0x0021,0x0862,0x10A3,0x0882,0x0862,0x0862,0x0842,0x0862,0x0882,0x0862,0x0041,
  0x0041,0x0021,0x2165,0x4A6A,0x4228,0x5AAB,0x4A69,0x39E7,0x3186,0x39C7,0x31A6,0x5B0C,
  0x530D,0x29A8,0x3209,0x29E9,0x320A,0x3209,0x3229,0x3209,0x29C8,0x29A8,0x29A8,0x29A7,
  0x29A8,0x29A8,0x29A8,0x29A8,0x29A8,0x29A8,0x29A8,0x29A8,0x29A8,0x29C8,0x29C8,0x29C8,
  0x29C8,0x29A8,0x29A8,0x29A8,0x29A8,0x29A8,0x29A8,0x29A7,0x29A8,0x21A7,0x21A7,0x21A7,
  0x2187,0x2187,0x2187,0x2167,0x2167,0x2167,0x2167,0x2187,0x29C8,0x2187,0x2187,0x2187,
  0x21A7,0x29A8,0x29C8,0x29E8,0x31E9,0x3209,0x426B,0x94F4,0x94F5,0x426A,0x428B,0x5B6E,
  0xADB8,0x7C72,0x428B,0x4AEC,0x5B6E,0x4AEC,0x4ACC,0x7C52,0x9D56,0x9D56,0x94F4,0x8CB3,
  0x7C32,0x73F1,0x73F1,0x7411,0x7411,0x6BD0,0x63AF,0x638F,0x5B6F,0x532E,0x530D,0x4AED,
  0x4ACC,0x42AC,0x428B,0x42AC,0x4ACC,0x3A6B,0x3209,0x3209,0x3A2A,0x428C,0x4ACD,0x42AC,
  0x426B,0x428B,0x2166,0x08A3,0x10E4,0x10A3,0x10A3,0x10A3,0x10A3,0x0862,0x0041,0x0041,
  0x0021,0x0021,0x0041,0x0041,0x0862,0x0041,0x0041,0x0021,0x0021,0x0021,0x0021,0x0041,
  0x0041,0x0021,0x0021,0x0021,0x0021,0x0041,0x10E4,0x29A7,0x0021,0x0001,0x0000,0x0000,
  0x1082,0x18C3,0x0000,0x0000,0x0020,0x0021,0x0021,0x0021,0x0862,0x18E4,0x1905,0x1905,
  0x10E4,0x10C4,0x10C4,0x08A3,0x0883,0x0063,0x1926,0x31E9,0x31E9,0x29C8,0x29A8,0x29A8,
  0x29C8,0x29C9,0x320A,0x322A,0x31E9,0x2987,0x2187,0x2187,0x29C8,0x29C8,0x2187,0x2167,
  0x2167,0x2167,0x2167,0x2187,0x2167,0x2167,0x2187,0x2187,0x2187,0x2187,0x2187,0x2187,
  0x1925,0x1926,0x1946,0x1966,0x2167,0x2187,0x2187,0x29A8,0x29A8,0x29A8,0x29A8,0x2187,
  0x21A7,0x29A8,0x29A8,0x29C8,0x29C8,0x29C8,0x29C8,0x21A7,0x29C8,0x1926,0x0883,0x10A3,
  0x0883,0x0883,0x0042,0x0062,0x0882,0x08A3,0x0041,0x0862,0x10A3,0x10A3,0x0862,0x0862,
  0x0882,0x0021,0x0041,0x0882,0x0882,0x0862,0x1083,0x0882,0x10C3,0x0862,0x10A3,0x0842,
  0x0041,0x0041,0x0041,0x3A08,0x4229,0x4A49,0x4228,0x39C6,0x41E7,0x41E8,0x41E7,0x4229,
  0x73CF,0x29A7,0x29C9,0x29C9,0x29C9,0x29E9,0x3209,0x3A4B,0x3A6B,0x29E9,0x29C8,0x29C8,
  0x29C8,0x29C8,0x29C8,0x29C8,0x29C8,0x29C8,0x29C8,0x29C8,0x29C8,0x29C8,0x29C8,0x29C8,
  0x29C8,0x29C8,0x29C8,0x29C8,0x29C8,0x29C8,0x29C8,0x29A8,0x29C8,0x29C8,0x29A8,0x29A8,
  0x29A8,0x21A8,0x21A7,0x2187,0x2167,0x2187,0x2187,0x2187,0x2187,0x2187,0x2187,0x2187,
  0x21A7,0x29A8,0x29A8,0x29C8,0x29E9,0x3209,0x3A6B,0x4ACC,0x7411,0x6BD0,0x428B,0x428B,
  0x638F,0x532D,0x428B,0x3A4A,0x42AC,0x5B4E,0x4AAB,0x426A,0x7411,0x9D56,0x9515,0x8CB3,
  0x8493,0x7C52,0x73D0,0x7431,0x7411,0x6BAF,0x63AF,0x5B8F,0x638F,0x5B6F,0x5B4E,0x532E,
  0x4AED,0x42CC,0x42AC,0x42AC,0x428B,0x3A2A,0x3209,0x3209,0x3A2A,0x42AC,0x4ACC,0x4ACC,
  0x4ACC,0x2187,0x0041,0x0883,0x10C4,0x10C3,0x10A3,0x0862,0x0862,0x0862,0x0862,0x0882,
  0x0021,0x0021,0x0041,0x0042,0x0862,0x0042,0x0041,0x0041,0x0041,0x0041,0x0021,0x0041,
  0x0862,0x0862,0x0041,0x0041,0x0862,0x0042,0x0883,0x3A29,0x2166,0x0862,0x0862,0x0841,
  0x2125,0x18C3,0x0841,0x0021,0x0020,0x0021,0x0021,0x0001,0x0882,0x10C4,0x08A3,0x1925,
  0x2146,0x10E5,0x0883,0x2146,0x2967,0x2166,0x31E9,0x31E9,0x31E9,0x29E9,0x29A8,0x29C8,
  0x3209,0x322A,0x320A,0x3209,0x29C8,0x2187,0x2187,0x2187,0x29C8,0x29A8,0x2187,0x2187,
  0x2187,0x2187,0x2187,0x2187,0x2167,0x2167,0x2167,0x2187,0x29A8,0x29A8,0x2987,0x2167,
  0x1905,0x1925,0x1926,0x1946,0x2167,0x2187,0x2187,0x2187,0x29A8,0x29A8,0x29A8,0x2187,
  0x2187,0x21A7,0x21A7,0x21A7,0x21A7,0x29A8,0x29A7,0x2187,0x21A7,0x1925,0x0883,0x0883,
  0x0862,0x0882,0x0062,0x0062,0x0041,0x10A3,0x10C4,0x08A3,0x10C3,0x10A3,0x0021,0x0041,
  0x0862,0x0862,0x0041,0x0862,0x10A3,0x10A3,0x10A3,0x0862,0x0021,0x0842,0x10A3,0x1904,
  0x0882,0x0041,0x0041,0x10A2,0x4229,0x4A69,0x4A69,0x52AA,0x4A69,0x4208,0x4A49,0x39A6,
  0x5ACB,0x52CB,0x2167,0x29C9,0x29C8,0x29C8,0x3209,0x322A,0x3A2A,0x3209,0x29C8,0x29E8,
  0x29C8,0x29E8,0x29C8,0x29C8,0x29C8,0x29C8,0x29C8,0x29C8,0x29C8,0x29C8,0x3A2A,0x3209,
  0x21A8,0x29C8,0x29E8,0x29E8,0x29E9,0x29C8,0x29C8,0x29C8,0x3209,0x4ACC,0x29E8,0x29C8,
  0x29C8,0x29C8,0x29A8,0x29C8,0x29A8,0x2187,0x2187,0x2187,0x2187,0x21A8,0x21A8,0x29A8,
  0x29A8,0x29A7,0x29A8,0x29C8,0x31E9,0x322A,0x3A4A,0x426B,0x4ACC,0x5B6E,0x530D,0x428B,
  0x3A4A,0x3A6A,0x3A4A,0x426B,0x3A6B,0x4AED,0x638F,0x4AAB,0x638F,0x8493,0x8CB3,0x8CB3,
  0x94F4,0x73F0,0x7411,0x7C52,0x7411,0x73F1,0x6BF0,0x6BD0,0x6BD0,0x63B0,0x638F,0x530D,
  0x4ACC,0x42AC,0x3A8B,0x3A4A,0x3A2A,0x322A,0x3229,0x3209,0x3A2A,0x428B,0x4AED,0x3A4A,
  0x10E5,0x10E4,0x08C4,0x0882,0x0883,0x0862,0x0862,0x0862,0x0862,0x0882,0x0883,0x0882,
  0x0042,0x0021,0x0041,0x0041,0x0042,0x0042,0x0862,0x0042,0x0042,0x0041,0x0041,0x0041,
  0x0042,0x0862,0x0862,0x0062,0x0862,0x1925,0x29A7,0x3A2A,0x2987,0x2125,0x10A3,0x0862,
  0x10A3,0x0862,0x0041,0x0021,0x0020,0x0021,0x0021,0x0021,0x0882,0x18E5,0x08A4,0x08A4,
  0x2146,0x2166,0x18E5,0x10C4,0x31A8,0x3A2A,0x3209,0x3209,0x3209,0x31E9,0x29C8,0x29E9,
  0x3209,0x3209,0x31E9,0x29C8,0x21A8,0x2187,0x2187,0x29A8,0x29A8,0x2187,0x2187,0x2187,
  0x2187,0x2167,0x2167,0x2167,0x2167,0x2167,0x1946,0x2167,0x2187,0x2167,0x2167,0x2167,
  0x1125,0x1925,0x1925,0x1926,0x1946,0x2146,0x2167,0x2167,0x2187,0x2187,0x29A8,0x2187,
  0x2187,0x21A8,0x21A7,0x2187,0x21A7,0x21A7,0x21A7,0x2187,0x21A7,0x2166,0x08A3,0x0883,
  0x0062,0x0882,0x0862,0x0062,0x0862,0x0862,0x0883,0x0862,0x0042,0x0862,0x0861,0x10C3,
  0x0861,0x0862,0x0882,0x18E4,0x18E4,0x0882,0x0041,0x0842,0x0862,0x0042,0x0042,0x0882,
  0x10A2,0x10A2,0x0061,0x0041,0x18E3,0x4A49,0x4A69,0x528A,0x62EB,0x4A48,0x4228,0x3185,
  0x4207,0x8410,0x2167,0x29C8,0x21A8,0x29C8,0x29E9,0x322A,0x3A6B,0x3209,0x29E9,0x29E9,
  0x29E9,0x29E9,0x29E9,0x29E9,0x29E9,0x29E8,0x29C8,0x31E8,0x31E8,0x31E8,0x424A,0x3209,
  0x428B,0x3209,0x29E8,0x2A09,0x29E8,0x29C8,0x29C8,0x29E8,0x3209,0x3A2A,0x3209,0x29E8,
  0x29C8,0x29C8,0x29C8,0x29C8,0x29C8,0x29C8,0x29A8,0x29A8,0x21A8,0x29A8,0x29A8,0x29C8,
  0x29C8,0x29C7,0x29C7,0x29C8,0x3209,0x322A,0x3A2A,0x3A2A,0x3A4A,0x428B,0x42AB,0x3A4A,
  0x3A2A,0x3A4A,0x3A6A,0x428B,0x428B,0x4AAC,0x6BD0,0x636E,0x5B4E,0x94F5,0xA556,0x9D35,
  0x94F4,0x8CB3,0x94F4,0x84B3,0x8472,0x7C52,0x7C52,0x7431,0x7431,0x6BD1,0x5B6F,0x4ACC,
  0x42AC,0x42AB,0x3A6A,0x3A4A,0x3A2A,0x3A2A,0x322A,0x322A,0x3A2A,0x428B,0x29A7,0x0083,
  0x08A3,0x10C4,0x10C3,0x10C3,0x10A3,0x10A3,0x0883,0x0882,0x10A3,0x0883,0x0882,0x0882,
  0x0862,0x0021,0x0021,0x0041,0x0041,0x0042,0x0862,0x0042,0x0862,0x0862,0x0862,0x0041,
  0x0042,0x10A3,0x08A3,0x0082,0x0083,0x29C8,0x3A09,0x3A29,0x2967,0x1904,0x2105,0x0862,
  0x0862,0x10A3,0x0021,0x0000,0x0021,0x0041,0x0041,0x0021,0x0062,0x10C4,0x10E5,0x10E4,
  0x10C4,0x18E4,0x10E4,0x10C4,0x10C4,0x31E9,0x322A,0x322A,0x3209,0x3209,0x320A,0x320A,
  0x31E9,0x31E9,0x29E9,0x21A8,0x2187,0x2187,0x2187,0x2187,0x2187,0x2187,0x2187,0x2187,
  0x2167,0x2167,0x2167,0x2167,0x1946,0x1946,0x1946,0x2146,0x2147,0x2146,0x2147,0x2167,
  0x1105,0x1925,0x1905,0x1925,0x1946,0x1946,0x1946,0x2167,0x2167,0x2187,0x2167,0x2187,
  0x2187,0x2187,0x2187,0x2187,0x2187,0x2187,0x2187,0x2187,0x2187,0x2187,0x08A3,0x08A3,
  0x0062,0x0061,0x0882,0x0862,0x0862,0x0042,0x0883,0x0882,0x0041,0x0061,0x0861,0x0041,
  0x0041,0x0861,0x0862,0x0041,0x0862,0x10C3,0x0862,0x0042,0x0862,0x10A3,0x0862,0x0882,
  0x0041,0x10A2,0x10C3,0x0882,0x0861,0x3186,0x4249,0x4A49,0x4A48,0x4207,0x4207,0x4A48,
  0x39C7,0x8430,0x426A,0x2187,0x21C8,0x29C8,0x29E9,0x3209,0x3A4A,0x31E9,0x31E9,0x3209,
  0x3209,0x2A09,0x2A09,0x29E9,0x31E9,0x3A2A,0x3A29,0x29C8,0x3A09,0x4A8A,0x2966,0x10C3,
  0x4229,0x428A,0x31E8,0x29E8,0x29E9,0x29E9,0x29E9,0x3209,0x3229,0x322A,0x3229,0x3209,
  0x31E9,0x31E9,0x29E9,0x31C8,0x29C8,0x29C8,0x29C8,0x29A8,0x29A8,0x29C8,0x29C8,0x29C8,
  0x29C8,0x29C8,0x29C8,0x29C8,0x29C8,0x29E9,0x3209,0x3209,0x3209,0x3229,0x322A,0x322A,
  0x3229,0x3A4A,0x428B,0x428B,0x428B,0x4ACC,0x7C31,0x94F4,0x63AF,0x9D56,0xBE19,0xC65A,
  0xBE39,0x9D55,0x94F4,0x94F4,0x8CB3,0x8CB3,0x8CB3,0x8493,0x7C52,0x6BD0,0x532D,0x4AEC,
  0x530D,0x4AEC,0x3A8B,0x3A4A,0x3A4A,0x3A2A,0x3A2A,0x3A4B,0x31E9,0x1925,0x0062,0x0883,
  0x10A3,0x10A3,0x10C3,0x10C4,0x10C4,0x10A3,0x10A3,0x0883,0x1083,0x0883,0x0882,0x0882,
  0x0883,0x0041,0x0021,0x0041,0x0041,0x0042,0x0862,0x0862,0x0862,0x0883,0x10A3,0x0862,
  0x0862,0x0883,0x10E4,0x2187,0x29C8,0x3209,0x3209,0x424A,0x2146,0x10A3,0x18E4,0x0882,
  0x0882,0x0882,0x0862,0x0883,0x0042,0x0042,0x0862,0x0862,0x0883,0x08A3,0x10E4,0x1905,
  0x10E4,0x10E4,0x1905,0x10E4,0x1105,0x3209,0x324A,0x322A,0x322A,0x3A2A,0x3A4A,0x3A4A,
  0x320A,0x29C8,0x2188,0x2188,0x2188,0x2187,0x2167,0x2187,0x2187,0x2167,0x2167,0x2167,
  0x2167,0x2167,0x2167,0x2167,0x2167,0x2146,0x1946,0x1946,0x1926,0x2146,0x2167,0x2167,
  0x1105,0x1905,0x1905,0x1925,0x1926,0x1946,0x1946,0x1966,0x2166,0x2167,0x21A8,0x21A8,
  0x2187,0x2187,0x2167,0x2167,0x2187,0x2187,0x2187,0x2187,0x2187,0x2187,0x08A3,0x08A3,
  0x0062,0x08A2,0x0862,0x0861,0x0882,0x0042,0x0883,0x0882,0x0041,0x0862,0x0862,0x0020,
  0x0021,0x0861,0x0862,0x0862,0x0882,0x18E4,0x10A3,0x0041,0x0862,0x10C3,0x0882,0x0882,
  0x0041,0x0041,0x10A3,0x0882,0x0041,0x10C3,0x52AB,0x528A,0x4A28,0x2124,0x20E3,0x4A28,
  0x41E7,0x5AEC,0x634E,0x1966,0x29C8,0x29C8,0x29E9,0x29E9,0x29E9,0x29E9,0x3209,0x320A,
  0x3209,0x3209,0x3A4A,0x428B,0x428B,0x426A,0x428A,0x4A8B,0x426A,0x2146,0x10A3,0x1082,
  0x18E4,0x2124,0x4A8A,0x428B,0x3209,0x3209,0x3209,0x322A,0x3A4A,0x3A4A,0x322A,0x322A,
  0x3229,0x3209,0x3209,0x31E9,0x29E9,0x29E8,0x29C8,0x29C8,0x29C8,0x29C8,0x29E8,0x29E8,
  0x29C8,0x29C8,0x29C8,0x29C8,0x29C8,0x29E9,0x31E9,0x31E9,0x3209,0x3209,0x3209,0x3209,
  0x3209,0x3A2A,0x3A6A,0x426B,0x428B,0x532D,0x8493,0xBE39,0x9D56,0xB5F8,0xA597,0x9D15,
  0xADB7,0x9515,0x9D35,0x9D35,0x9515,0x9514,0x94F4,0x8CB3,0x7C72,0x638F,0x4B0D,0x534E,
  0x5B6F,0x530D,0x4ACC,0x428B,0x3A4A,0x3A6B,0x322A,0x2988,0x2146,0x2166,0x08A3,0x08A3,
  0x08A3,0x08A3,0x10C4,0x10C4,0x08A3,0x08A3,0x0883,0x1083,0x10A3,0x10A3,0x0883,0x08A3,
  0x10C3,0x0062,0x0021,0x0041,0x0041,0x0862,0x0882,0x0862,0x0883,0x0883,0x08A3,0x0883,
  0x1905,0x2167,0x29A8,0x3209,0x3209,0x3209,0x3A2A,0x31C9,0x2987,0x2146,0x10C4,0x10A3,
  0x08A3,0x08A3,0x0862,0x1904,0x10E4,0x10A3,0x10C3,0x0883,0x0883,0x10A3,0x10C4,0x18E5,
  0x10C4,0x10C4,0x2166,0x31E8,0x31E9,0x3A2A,0x322A,0x3A2A,0x322A,0x3A4A,0x3A4B,0x3A4A,
  0x29C9,0x2187,0x2188,0x2188,0x2187,0x2187,0x2167,0x2187,0x2187,0x2187,0x2187,0x2167,
  0x2167,0x2167,0x2167,0x2167,0x2167,0x2166,0x2146,0x2146,0x1946,0x2146,0x2146,0x2146,
  0x1105,0x1105,0x1905,0x1925,0x1946,0x1946,0x1946,0x1946,0x1946,0x1966,0x2167,0x29A8,
  0x2167,0x2167,0x2167,0x2167,0x2187,0x2187,0x2187,0x2187,0x2187,0x29A7,0x08C4,0x10A3,
  0x0882,0x10A3,0x0862,0x0041,0x0862,0x0862,0x0882,0x0882,0x0862,0x10A2,0x0041,0x0041,
  0x0862,0x0882,0x10C3,0x10A3,0x0862,0x0042,0x0862,0x0862,0x0041,0x0021,0x0861,0x0882,
  0x0882,0x0862,0x10A3,0x0882,0x0882,0x0841,0x39C7,0x52AB,0x5289,0x4A48,0x39E7,0x4A28,
  0x4A29,0x4249,0x73CF,0x31C8,0x29C8,0x29C9,0x29E9,0x29E9,0x29E9,0x2A09,0x3209,0x320A,
  0x3229,0x3A4A,0x426B,0x426A,0x2987,0x1925,0x08A3,0x2966,0x1904,0x0041,0x0862,0x0841,
  0x1904,0x2125,0x4229,0x52CC,0x426A,0x3A2A,0x3A4A,0x3A4A,0x428B,0x428B,0x3A6B,0x3A4A,
  0x322A,0x3229,0x3209,0x3209,0x31E9,0x31E9,0x29E9,0x29E9,0x31E9,0x31E8,0x3209,0x3208,
  0x29C8,0x29C8,0x29C8,0x29C8,0x29E8,0x29E9,0x29E9,0x31E9,0x31E9,0x31E9,0x31E9,0x31E9,
  0x3209,0x322A,0x3A2A,0x4ACC,0x638F,0x532D,0x638F,0x8CD3,0x9515,0x638F,0x8CD4,0x8C93,
  0x5B2D,0x638F,0x9D35,0xA576,0xA597,0xA576,0x9D15,0x8472,0x8493,0x7411,0x5B6E,0x5B6F,
  0x638F,0x4AED,0x42AC,0x42AC,0x3A4A,0x3209,0x29C9,0x3A0A,0x3A2A,0x0883,0x0862,0x0883,
  0x0883,0x10A3,0x10C4,0x10A3,0x0883,0x0883,0x0862,0x10A3,0x10A3,0x10A3,0x10A3,0x08A3,
  0x18E4,0x08A3,0x0021,0x0042,0x0882,0x0862,0x0883,0x08A3,0x0883,0x10C4,0x2987,0x2166,
  0x31E8,0x3209,0x3209,0x31E9,0x31E9,0x322A,0x3A4B,0x3A2A,0x31E9,0x1905,0x08A3,0x08A3,
  0x10C4,0x10E4,0x0883,0x10E4,0x1925,0x18E4,0x10C4,0x10A3,0x08A3,0x10A3,0x10A3,0x10C4,
  0x18E4,0x18E5,0x1925,0x3A4A,0x3A4A,0x322A,0x324A,0x3A4A,0x3A2A,0x3A2A,0x3A4A,0x3A4A,
  0x29A8,0x2187,0x2188,0x2188,0x2187,0x2167,0x2167,0x2187,0x2187,0x2187,0x2187,0x2187,
  0x2187,0x2187,0x2187,0x2167,0x2167,0x1946,0x2146,0x1946,0x1926,0x2126,0x1926,0x1926,
  0x1105,0x1905,0x1905,0x1925,0x1926,0x1946,0x2146,0x1946,0x1946,0x1966,0x1966,0x2167,
  0x2167,0x2167,0x2167,0x2167,0x2187,0x2187,0x2187,0x2187,0x2187,0x1925,0x0883,0x0883,
  0x0041,0x0882,0x0062,0x0862,0x0862,0x0062,0x0062,0x08A3,0x10A3,0x10A3,0x0882,0x1082,
  0x0882,0x0041,0x0041,0x0041,0x0021,0x0041,0x0862,0x0862,0x0882,0x0862,0x0041,0x0862,
  0x10A3,0x0882,0x10A2,0x0882,0x0862,0x0841,0x10C3,0x4229,0x4A48,0x4A49,0x4A69,0x5AAA,
  0x4A49,0x3186,0x5AEB,0x4AAB,0x21C7,0x2A09,0x29E9,0x29E9,0x320A,0x322A,0x322A,0x3229,
  0x4AAB,0x52EC,0x426A,0x2125,0x0882,0x0862,0x0841,0x0862,0x0021,0x0020,0x0841,0x10C3,
  0x2125,0x2986,0x4209,0x31A7,0x52AB,0x426B,0x428B,0x4AAC,0x42AC,0x42AB,0x3A8B,0x3A6B,
  0x3A4A,0x322A,0x3229,0x3209,0x3209,0x31E9,0x31E9,0x3209,0x3209,0x3229,0x3229,0x3209,
  0x29E8,0x29C8,0x29C8,0x29C8,0x29C8,0x29C8,0x29E8,0x29E8,0x29E8,0x29E9,0x31E9,0x31E9,
  0x3229,0x3229,0x322A,0x4AAC,0x6BF0,0x636F,0x5B2D,0x4AAB,0x4ACC,0x4ACC,0xA555,0xD6DB,
  0xA556,0x5B2D,0xA576,0xB618,0xADD7,0xAD97,0x9D15,0x8CB3,0x8472,0x8CB3,0x7C52,0x6BF0,
  0x6BD0,0x4AED,0x42AC,0x428B,0x3A4B,0x3A4B,0x4AAC,0x3A4A,0x0062,0x0883,0x08A3,0x0883,
  0x0883,0x10A3,0x10C4,0x0883,0x0882,0x0882,0x0862,0x10A3,0x10A3,0x08A3,0x10E4,0x10A3,
  0x18E4,0x10E4,0x0882,0x0062,0x18E4,0x2125,0x10C4,0x29A7,0x2166,0x2987,0x31E8,0x31E8,
  0x31E9,0x29E9,0x31E9,0x31E9,0x3209,0x3A4B,0x3A6B,0x324A,0x3A4A,0x10E4,0x08A4,0x0883,
  0x10C4,0x1905,0x08A3,0x10E4,0x1926,0x1905,0x10C4,0x10C4,0x10C4,0x08A3,0x10A3,0x10C4,
  0x1905,0x10C4,0x1925,0x3A4A,0x3A4A,0x3A4B,0x3A4B,0x3A2A,0x3209,0x3209,0x322A,0x322A,
  0x29A8,0x2187,0x2187,0x2187,0x2167,0x2167,0x2167,0x2187,0x2187,0x2187,0x2187,0x29A8,
  0x29A8,0x2187,0x2187,0x2167,0x1967,0x1946,0x1946,0x1926,0x1925,0x1925,0x1925,0x1905,
  0x1905,0x1905,0x1905,0x1905,0x1905,0x1925,0x1926,0x1946,0x1946,0x1966,0x1966,0x2166,
  0x2166,0x2166,0x2166,0x2166,0x2187,0x2167,0x2187,0x2166,0x2187,0x1925,0x0883,0x0882,
  0x0021,0x0882,0x0862,0x0882,0x0882,0x0862,0x10A3,0x0882,0x10C3,0x10A3,0x0841,0x0041,
  0x0041,0x0041,0x0021,0x0882,0x0862,0x0862,0x0882,0x0882,0x0882,0x0862,0x0041,0x0862,
  0x0862,0x0041,0x0041,0x0041,0x0041,0x0862,0x0882,0x39C7,0x4A49,0x52AA,0x4A69,0x528A,
  0x41E8,0x31A6,0x4228,0x634D,0x21C7,0x2A09,0x31E9,0x3209,0x3A4A,0x3A4A,0x3209,0x3A4A,
  0x4AAB,0x29A7,0x10C3,0x0882,0x1082,0x0861,0x0841,0x0842,0x0021,0x0020,0x18C3,0x2124,
  0x2125,0x1082,0x0862,0x1082,0x5269,0x4AAB,0x52EC,0x4ACC,0x42AB,0x3A8B,0x3A6A,0x3A6B,
  0x3A6A,0x3A4A,0x3229,0x3209,0x3209,0x3209,0x3209,0x3209,0x3229,0x322A,0x3229,0x3209,
  0x3209,0x29E8,0x29E8,0x29C9,0x29C9,0x29C8,0x29C8,0x29C8,0x29C8,0x29E8,0x29E9,0x3209,
  0x3209,0x3209,0x3229,0x3A4A,0x5B2E,0x636F,0x4ACC,0x4A8B,0x4AAC,0x5B2D,0x94D4,0xCE9A,
  0xCE7A,0x94F4,0xB618,0xBE39,0xBE39,0xB5F8,0x9D35,0x94F4,0x8493,0x8473,0x8CB4,0x8CD4,
  0x63B0,0x4ACC,0x4ACC,0x42AC,0x428C,0x4AAC,0x31E9,0x0062,0x1905,0x1925,0x0883,0x08A3,
  0x10A3,0x10C3,0x10C3,0x08A3,0x0882,0x0862,0x0882,0x10C4,0x10C3,0x08C3,0x1904,0x10C3,
  0x10C4,0x10E4,0x29A7,0x2166,0x29A8,0x3A09,0x31E8,0x31E9,0x31E8,0x29C8,0x29C8,0x29C8,
  0x29E9,0x3209,0x3209,0x3209,0x322A,0x3A6B,0x3A6B,0x3A6B,0x3209,0x08A3,0x10C4,0x0882,
  0x10E3,0x2145,0x10C4,0x10E4,0x1925,0x1905,0x10C4,0x10C4,0x10E4,0x08A3,0x08A3,0x10E4,
  0x31C8,0x2187,0x3209,0x3A6B,0x3A4A,0x3A6B,0x3A4B,0x3A2A,0x31E9,0x29C9,0x29C8,0x29C9,
  0x29A8,0x2188,0x2187,0x2167,0x2167,0x2167,0x2187,0x2187,0x2187,0x2187,0x29A8,0x29A8,
  0x2187,0x2167,0x2167,0x2187,0x2187,0x1967,0x1946,0x1905,0x1905,0x1905,0x1905,0x1905,
  0x1905,0x1905,0x1905,0x1105,0x1105,0x1905,0x1925,0x1926,0x1946,0x1946,0x2166,0x2146,
  0x2166,0x2166,0x2166,0x2167,0x2187,0x2167,0x2167,0x2166,0x29C8,0x1926,0x0883,0x0862,
  0x0042,0x10A3,0x0862,0x0062,0x0041,0x0041,0x08A3,0x1904,0x18E4,0x0021,0x0882,0x0862,
  0x0041,0x0862,0x0882,0x0862,0x0862,0x0862,0x1083,0x0862,0x0862,0x0041,0x0862,0x10A3,
  0x10C3,0x10C3,0x10C4,0x10A3,0x0882,0x0862,0x0041,0x2104,0x4228,0x4A69,0x52AA,0x528A,
  0x39C7,0x4208,0x39E7,0x8431,0x29E8,0x2A09,0x3209,0x322A,0x3A6B,0x3A4A,0x426B,0x5B0D,
  0x31E8,0x10C3,0x0862,0x0882,0x0862,0x1082,0x10A3,0x1083,0x10A3,0x2945,0x2986,0x1904,
  0x10A3,0x1904,0x18C3,0x0821,0x2944,0x4A8A,0x5B2D,0x428B,0x3A8B,0x3A8B,0x3A6B,0x428B,
  0x42AB,0x3A4A,0x3229,0x3209,0x3209,0x3209,0x3209,0x3209,0x322A,0x3A2A,0x322A,0x3209,
  0x3209,0x29E9,0x29E9,0x29E9,0x29E9,0x29C8,0x29C8,0x29C8,0x29C8,0x29C8,0x29C8,0x31E9,
  0x31E9,0x3209,0x3209,0x3A4A,0x42AC,0x532D,0x4AAC,0x426B,0x52ED,0x636E,0x8452,0xADB7,
  0xCE9A,0xBE38,0xBE39,0xBE59,0xBE39,0xADB7,0x94F4,0x6BD0,0x7411,0x7C72,0x94F5,0x7C52,
  0x532E,0x4ACC,0x4ACC,0x4ACD,0x4ACC,0x29C9,0x0062,0x1925,0x31E8,0x0883,0x10C4,0x10C4,
  0x0883,0x08A3,0x10A3,0x0883,0x0882,0x0062,0x0862,0x10C3,0x10C3,0x10C3,0x10E4,0x10C4,
  0x10C4,0x2166,0x31E9,0x31E9,0x31E9,0x31C8,0x31E9,0x31E9,0x29C9,0x29C8,0x29C8,0x29C8,
  0x3209,0x322A,0x3209,0x3209,0x3A4A,0x428C,0x3A6B,0x428B,0x29C8,0x0063,0x10E5,0x08A3,
  0x08C3,0x1104,0x10C4,0x10E4,0x18E5,0x1905,0x1925,0x1905,0x10E4,0x08A3,0x08A3,0x10C4,
  0x3209,0x426B,0x3A4B,0x3A4A,0x3A4A,0x3A4B,0x3A4B,0x3A4A,0x3209,0x29C8,0x29C8,0x29C8,
  0x29C8,0x29A8,0x2187,0x2187,0x2187,0x2187,0x2187,0x2187,0x2187,0x29A8,0x2187,0x2167,
  0x2167,0x2167,0x2167,0x2146,0x1926,0x1946,0x1926,0x1905,0x1905,0x18E5,0x18E5,0x18E5,
  0x1905,0x1905,0x1905,0x1925,0x1905,0x1905,0x1925,0x1926,0x1946,0x1946,0x2167,0x1946,
  0x1966,0x2166,0x2166,0x2167,0x2167,0x2167,0x2167,0x2166,0x29A8,0x10C4,0x0062,0x0062,
  0x0883,0x10C4,0x0062,0x0042,0x0862,0x0862,0x0862,0x0882,0x0862,0x0001,0x10A3,0x18E4,
  0x10A3,0x10A3,0x0842,0x0042,0x0842,0x0883,0x0882,0x0862,0x10A3,0x10A3,0x18E4,0x10C3,
  0x10A3,0x10A3,0x10C4,0x10A3,0x10C3,0x10A2,0x0862,0x1904,0x4A69,0x528A,0x528A,0x5ACB,
  0x39C7,0x4A49,0x31A6,0x7BF0,0x428B,0x29E9,0x322A,0x324A,0x428B,0x4AAC,0x3A09,0x2125,
  0x1082,0x0862,0x0021,0x0862,0x0883,0x18C4,0x2125,0x31A7,0x39E8,0x31A7,0x2986,0x31A6,
  0x18E4,0x1082,0x10A3,0x20E4,0x2104,0x3A08,0x4249,0x428B,0x428B,0x42AC,0x42AC,0x4ACC,
  0x42AC,0x3A6B,0x322A,0x3209,0x3209,0x3209,0x322A,0x3A2A,0x3A4A,0x3A4A,0x3A2A,0x3229,
  0x3209,0x3209,0x31E9,0x29E8,0x29E8,0x29E8,0x29E8,0x29E8,0x29E8,0x29C8,0x29C8,0x29E8,
  0x29E9,0x31E9,0x3209,0x3A4A,0x3A6A,0x42AB,0x428B,0x428B,0x4AEC,0x5B4E,0x6BB0,0xA556,
  0xC659,0xADB6,0xB5F7,0xB5F7,0x7C51,0x94F4,0x7411,0x530D,0x638F,0x8493,0x8CB4,0x5B4E,
  0x4AED,0x4ACC,0x4AED,0x4AAC,0x1947,0x0063,0x2187,0x3A49,0x0062,0x10C4,0x2146,0x10A3,
  0x10A3,0x1083,0x10A3,0x0883,0x10C3,0x0062,0x10A3,0x18E4,0x10C4,0x10A3,0x18E4,0x2987,
  0x29A7,0x3209,0x31E9,0x31E9,0x3209,0x31E9,0x31E9,0x31E9,0x29E9,0x29C9,0x29C9,0x29C9,
  0x3209,0x322A,0x322A,0x322A,0x3A6B,0x428B,0x3A6B,0x428C,0x29C8,0x0042,0x10C4,0x2166,
  0x08C3,0x08C4,0x1925,0x2147,0x10C4,0x1905,0x2967,0x3A09,0x1926,0x10C4,0x10C4,0x10E5,
  0x31E9,0x3A2A,0x3A4B,0x3A4B,0x3A2A,0x320A,0x29C9,0x3A2A,0x3A4A,0x3209,0x29C9,0x29C9,
  0x29C8,0x29A8,0x2187,0x2187,0x2187,0x2187,0x2187,0x2187,0x29C8,0x29C8,0x2187,0x2167,
  0x2147,0x1946,0x2146,0x1946,0x1926,0x1905,0x1905,0x18E5,0x18E4,0x18E5,0x18E5,0x1905,
  0x1105,0x1105,0x1905,0x1905,0x1905,0x1905,0x1925,0x1925,0x1946,0x1946,0x1946,0x1946,
  0x1946,0x2167,0x2166,0x2166,0x2166,0x2167,0x2167,0x2167,0x29C8,0x08A4,0x0883,0x0862,
  0x0062,0x08A3,0x08A3,0x0882,0x0882,0x10A3,0x0882,0x0862,0x10A3,0x10A3,0x10A3,0x0862,
  0x0883,0x0842,0x0001,0x0862,0x08A3,0x0883,0x08A3,0x10C4,0x18C4,0x0882,0x18E4,0x10C3,
  0x0862,0x0862,0x0862,0x0862,0x10A2,0x0862,0x0861,0x18C3,0x5289,0x4A48,0x5ACB,0x528A,
  0x4208,0x31A6,0x2945,0x5AEC,0x530D,0x2A09,0x3A4A,0x428B,0x428B,0x2187,0x10C3,0x0882,
  0x0862,0x0021,0x0862,0x10E4,0x2125,0x31E8,0x4A8B,0x424A,0x31E8,0x2125,0x1904,0x1904,
  0x10A3,0x0021,0x0862,0x18C3,0x10A2,0x39E7,0x3186,0x426A,0x4ACC,0x4ACC,0x4AED,0x4AED,
  0x4ACC,0x4ACC,0x428B,0x3A4A,0x3229,0x3229,0x3A4A,0x3A6A,0x3A6B,0x3A6B,0x3A4A,0x3229,
  0x3209,0x3209,0x31E9,0x29C8,0x29C8,0x29C8,0x29E8,0x29E8,0x29E8,0x29C8,0x29C8,0x29C8,
  0x29C8,0x29E8,0x31E9,0x3209,0x3229,0x3A2A,0x3A4A,0x426B,0x4AAC,0x530D,0x6BB0,0x8493,
  0x8CB3,0xADD7,0x94F4,0x73F0,0x7411,0x7C32,0x530D,0x530D,0x532E,0x5B6E,0x6BD0,0x530D,
  0x4ACC,0x42AC,0x320A,0x10E5,0x10E5,0x3209,0x426B,0x08A3,0x0062,0x3A09,0x1905,0x10C4,
  0x10C4,0x0883,0x10A3,0x10A3,0x10A3,0x0883,0x10C3,0x1905,0x1905,0x18E5,0x2987,0x31E8,
  0x31E8,0x31E8,0x31E9,0x31E9,0x3209,0x31E9,0x31E9,0x31E9,0x31E9,0x29E9,0x29E9,0x29E9,
  0x3209,0x3A2A,0x3A4B,0x3A6B,0x3A6B,0x3A6B,0x3A6B,0x3A4B,0x3A4A,0x2167,0x2987,0x3A29,
  0x08C3,0x0083,0x2187,0x3A2A,0x1905,0x10E5,0x1926,0x3A4A,0x3A2A,0x29A7,0x2987,0x29A8,
  0x320A,0x29E9,0x3209,0x31E9,0x29A8,0x29E9,0x29E9,0x320A,0x3A2A,0x3A2A,0x31E9,0x29E9,
  0x29C8,0x29A8,0x29A8,0x2187,0x2187,0x2187,0x29A8,0x3209,0x3209,0x29C8,0x29A8,0x2146,
  0x1946,0x1946,0x1946,0x1946,0x1926,0x1905,0x1905,0x18E5,0x18E4,0x1905,0x1905,0x1905,
  0x1105,0x1105,0x1105,0x1905,0x1905,0x1905,0x1905,0x1105,0x1925,0x1926,0x1946,0x1946,
  0x1946,0x1946,0x1946,0x1946,0x2166,0x2167,0x1967,0x2187,0x2187,0x0882,0x0882,0x0041,
  0x0062,0x0882,0x0862,0x0041,0x0841,0x0041,0x0062,0x0862,0x0882,0x0862,0x0862,0x0041,
  0x0041,0x0862,0x0862,0x0062,0x08A3,0x1904,0x10E4,0x10C3,0x10C3,0x0862,0x0041,0x0041,
  0x0021,0x0000,0x0001,0x0842,0x10A3,0x18E4,0x2146,0x18E4,0x39E7,0x5ACB,0x4A69,0x4208,
  0x39C7,0x2966,0x3166,0x4A6A,0x6BAF,0x3209,0x426B,0x42AB,0x4AAB,0x29A7,0x2105,0x10C4,
  0x0862,0x10A3,0x1904,0x3A29,0x428B,0x3A4A,0x29C8,0x1945,0x10E4,0x10E4,0x10C3,0x1082,
  0x1062,0x0020,0x0861,0x18C2,0x0841,0x31A7,0x4228,0x10C3,0x4AAB,0x5B4D,0x4B0C,0x4AED,
  0x4AED,0x4ACC,0x42AC,0x426B,0x322A,0x3A2A,0x3A4A,0x3A6B,0x428B,0x3A8B,0x3A4A,0x322A,
  0x3209,0x3209,0x3209,0x29E9,0x29C8,0x29E8,0x29C8,0x29E8,0x29E8,0x29C8,0x29C8,0x29C8,
  0x29C8,0x29C8,0x29E9,0x31E9,0x3209,0x3209,0x3A4A,0x428B,0x428B,0x530D,0x5B4E,0x6BD0,
  0x8492,0x9D35,0x9D35,0x638F,0x7411,0x530D,0x530D,0x530D,0x52ED,0x636F,0x638F,0x42CC,
  0x428B,0x3209,0x21A8,0x3209,0x428B,0x428B,0x10E4,0x0042,0x31E9,0x29A7,0x0083,0x2187,
  0x08A3,0x08A3,0x10E4,0x10A3,0x08A3,0x0883,0x10E4,0x29A7,0x31E8,0x31E8,0x3209,0x29E8,
  0x31E8,0x31E9,0x31E9,0x31E9,0x31E9,0x3209,0x3209,0x3209,0x3209,0x3209,0x3209,0x2A09,
  0x3209,0x3A6B,0x3A6B,0x3A6B,0x3A6B,0x3A4B,0x3A4B,0x3A4A,0x3A4A,0x3A6A,0x3A4A,0x3A2A,
  0x29C9,0x2188,0x3A2A,0x3A6B,0x3209,0x2167,0x29A8,0x3A4A,0x3A2A,0x3A4A,0x322A,0x29C8,
  0x29A8,0x29A8,0x29A8,0x29A8,0x21A8,0x21A8,0x29A8,0x3209,0x3A2A,0x322A,0x29C8,0x29A8,
  0x29C8,0x29A8,0x29A8,0x2187,0x2187,0x2187,0x3209,0x3A4A,0x3209,0x29A8,0x2187,0x2146,
  0x2146,0x1926,0x1925,0x1926,0x1925,0x1905,0x1905,0x18E4,0x18E4,0x18E4,0x1904,0x1905,
  0x1105,0x1105,0x1105,0x1905,0x1905,0x1905,0x1905,0x1905,0x1905,0x1926,0x1946,0x1946,
  0x1946,0x1946,0x1946,0x1946,0x1946,0x1966,0x1966,0x2187,0x1925,0x0882,0x0882,0x0862,
  0x0862,0x0862,0x0862,0x0861,0x0861,0x0021,0x0021,0x0842,0x0001,0x0042,0x0862,0x0883,
  0x0862,0x0882,0x0862,0x0862,0x10C3,0x1904,0x10C3,0x0862,0x0041,0x0021,0x0041,0x0041,
  0x0041,0x08A3,0x1904,0x2166,0x29C8,0x29C9,0x29E9,0x31E9,0x3209,0x3A4A,0x31C8,0x39E8,
  0x31A6,0x3186,0x3166,0x31A7,0x73D0,0x3A29,0x428B,0x4ACC,0x3A4A,0x08A3,0x0862,0x0042,
  0x0862,0x10C4,0x3A08,0x4A8B,0x31E8,0x29C7,0x2166,0x10E4,0x08A3,0x10A3,0x10A3,0x1082,
  0x0862,0x0861,0x0861,0x1903,0x20E4,0x1082,0x39A7,0x2104,0x31A6,0x5B2D,0x530C,0x4AEC,
  0x4AEC,0x4ACC,0x42AB,0x428B,0x3A4A,0x3A4A,0x3A6B,0x428B,0x42AC,0x42AB,0x428B,0x3A4A,
  0x3A4A,0x322A,0x3209,0x31E9,0x31E9,0x3209,0x322A,0x31E9,0x31E9,0x29E8,0x29E8,0x29E8,
  0x29E8,0x29E8,0x29E9,0x31E9,0x31E9,0x3209,0x3A4A,0x3A6B,0x42AC,0x4AEC,0x530D,0x532D,
  0x530C,0x638F,0x94F4,0x6BAF,0x5B2E,0x5B4E,0x532D,0x532D,0x530D,0x5B4E,0x530D,0x42AB,
  0x3A4A,0x3A8B,0x42AC,0x428C,0x426B,0x1926,0x0063,0x29C8,0x3A2A,0x0063,0x1946,0x2987,
  0x0062,0x1926,0x10C4,0x08A3,0x2166,0x1925,0x29C8,0x3A29,0x31E9,0x31E9,0x31E9,0x31E9,
  0x31E9,0x31E9,0x31E9,0x31E9,0x3209,0x3209,0x3209,0x3A0A,0x322A,0x322A,0x3A6A,0x322A,
  0x322A,0x3A6B,0x428C,0x428B,0x3A6B,0x3A6B,0x3A4B,0x322A,0x322A,0x3229,0x3229,0x322A,
  0x3A2A,0x3A4B,0x322A,0x322A,0x3A4A,0x3A6B,0x426B,0x3A4A,0x322A,0x320A,0x29C8,0x21A8,
  0x2188,0x2187,0x2187,0x29A8,0x29C8,0x29C8,0x29C8,0x3209,0x320A,0x29C9,0x21A8,0x29A8,
  0x29C8,0x31E9,0x31E9,0x29C8,0x29A8,0x31E9,0x3A2A,0x3A2A,0x3209,0x2187,0x2146,0x2146,
  0x1925,0x1925,0x1925,0x1925,0x18E5,0x18E5,0x18E5,0x10C4,0x10E4,0x10E4,0x10E4,0x1104,
  0x10E5,0x10E5,0x1105,0x1105,0x1105,0x1905,0x1905,0x1925,0x2187,0x2146,0x2146,0x1946,
  0x1926,0x1946,0x1946,0x1946,0x1946,0x1946,0x1946,0x29A8,0x1104,0x08A3,0x0862,0x0862,
  0x0062,0x0882,0x0862,0x0861,0x0882,0x10A3,0x0041,0x0042,0x0842,0x0842,0x10A3,0x18E4,
  0x0862,0x0042,0x0862,0x10A3,0x08A3,0x10E4,0x0862,0x0021,0x0021,0x0041,0x0021,0x0062,
  0x2146,0x29A7,0x29C7,0x21A8,0x21A8,0x21C8,0x29C9,0x29E9,0x3209,0x3229,0x3229,0x3A09,
  0x31E7,0x2986,0x2966,0x2945,0x73F0,0x638F,0x634E,0x3209,0x0062,0x0062,0x0841,0x18E4,
  0x1904,0x31C7,0x426A,0x1104,0x10E4,0x10E4,0x10E4,0x08A3,0x0882,0x0882,0x0882,0x0861,
  0x0861,0x10A2,0x0841,0x18C3,0x10A2,0x0840,0x5289,0x5AAA,0x1904,0x31C7,0x52CC,0x4ACC,
  0x4AED,0x4ACC,0x42AB,0x428B,0x4ACC,0x4ACC,0x428B,0x42AC,0x42AB,0x42AB,0x42AB,0x428B,
  0x3A6B,0x322A,0x3209,0x3209,0x3209,0x3209,0x3209,0x3209,0x3209,0x31E9,0x31E9,0x29E9,
  0x29E9,0x29E9,0x29E8,0x29E9,0x31E9,0x3209,0x428B,0x3A4A,0x42AB,0x4AED,0x4AAC,0x42AB,
  0x428B,0x4AAC,0x73F0,0x7C32,0x5B4E,0x532E,0x5B4E,0x532D,0x530D,0x530D,0x4AEC,0x3A8B,
  0x3A6B,0x3A6B,0x3A6B,0x3A6B,0x1105,0x0083,0x31E9,0x4A8B,0x1926,0x0083,0x3A29,0x1105,
  0x10C4,0x2987,0x08A3,0x2167,0x3A4A,0x3A4A,0x3A4A,0x322A,0x3209,0x3209,0x3209,0x320A,
  0x320A,0x3209,0x3209,0x3209,0x3209,0x3A2A,0x3A2A,0x3A4A,0x3A4A,0x3A6B,0x428B,0x3A4B,
  0x3A6B,0x428B,0x428B,0x428B,0x3A6B,0x3A4B,0x3A2A,0x322A,0x322A,0x320A,0x3209,0x320A,
  0x322A,0x322A,0x322A,0x322A,0x3A4A,0x3A6B,0x3A6B,0x320A,0x29C9,0x29C9,0x29C8,0x29C8,
  0x29C8,0x29A8,0x29C9,0x3209,0x31E9,0x31E9,0x31E9,0x31E9,0x29C8,0x29A8,0x29C8,0x29C8,
  0x31C8,0x31E9,0x31E9,0x31E8,0x3209,0x3209,0x3209,0x3A2A,0x31E9,0x2146,0x1946,0x1946,
  0x1925,0x1925,0x1905,0x1905,0x18E5,0x10C4,0x10C4,0x10C4,0x10E4,0x10E4,0x10C4,0x10E4,
  0x10E5,0x10E5,0x10E5,0x1105,0x1105,0x1905,0x1905,0x1905,0x1925,0x1926,0x1905,0x1926,
  0x2146,0x1946,0x1946,0x1926,0x1946,0x1946,0x1946,0x31E9,0x10E4,0x08A3,0x0062,0x0862,
  0x0041,0x0862,0x0862,0x0041,0x0862,0x0862,0x0041,0x0862,0x0882,0x10C3,0x10A3,0x0882,
  0x0042,0x0882,0x10C3,0x10A3,0x10A3,0x0041,0x0001,0x0041,0x0862,0x0862,0x10A3,0x2986,
  0x31E8,0x29A7,0x21A8,0x21A8,0x21A8,0x29C8,0x29E8,0x29E9,0x3209,0x3A4A,0x3209,0x3A29,
  0x3A4A,0x3A09,0x29A7,0x1925,0x52EC,0x638E,0x3A09,0x0042,0x0042,0x0041,0x0882,0x2124,
  0x18E4,0x2986,0x2125,0x10C3,0x10C3,0x0882,0x0862,0x0041,0x0862,0x0842,0x0842,0x0841,
  0x0881,0x1082,0x0861,0x1082,0x2944,0x1082,0x4A48,0x8C50,0x3185,0x18E4,0x31E8,0x52EC,
  0x530D,0x532E,0x42AC,0x428B,0x4AED,0x532D,0x4ACC,0x4AEC,0x42AC,0x42AC,0x42AC,0x42AC,
  0x428B,0x3A4A,0x3A2A,0x3A2A,0x3209,0x3209,0x3209,0x3209,0x3209,0x3209,0x3209,0x3209,
  0x31E9,0x31E9,0x31E9,0x31E9,0x3209,0x3209,0x3209,0x3A2A,0x3A4A,0x428B,0x428B,0x428B,
  0x4AEC,0x530D,0x7431,0x9515,0x9515,0x73F1,0x5B2E,0x5B4E,0x532E,0x52ED,0x4AAC,0x428B,
  0x428B,0x3A6B,0x428B,0x29C9,0x2167,0x3A4A,0x428B,0x31C8,0x0063,0x2187,0x31C8,0x0062,
  0x29A7,0x31C8,0x29A8,0x3A4A,0x3A2A,0x3A4A,0x3A4A,0x3A2A,0x322A,0x322A,0x322A,0x322A,
  0x3A2A,0x322A,0x3209,0x3209,0x320A,0x3A6B,0x3A6B,0x3A4A,0x3A4A,0x42AC,0x428C,0x428B,
  0x42AC,0x42AC,0x428B,0x3A6B,0x3A6B,0x3A4B,0x322A,0x322A,0x320A,0x320A,0x3209,0x320A,
  0x322A,0x322A,0x3A2A,0x3A4A,0x3A6B,0x3A6B,0x3A2A,0x29C9,0x29A8,0x29A8,0x29A8,0x29C9,
  0x31E9,0x31C9,0x29C9,0x29C8,0x29C8,0x29A8,0x29A8,0x2187,0x2187,0x29A8,0x29C8,0x29C8,
  0x31E8,0x31E8,0x29A8,0x3209,0x322A,0x3209,0x3209,0x29E9,0x2187,0x1946,0x1926,0x1925,
  0x1905,0x1905,0x2967,0x2126,0x18E5,0x10C4,0x10C4,0x10C4,0x10E4,0x10C4,0x10C4,0x10C4,
  0x10E5,0x10E5,0x10E4,0x1104,0x1105,0x1105,0x1105,0x1905,0x1105,0x1926,0x2166,0x1905,
  0x1925,0x1926,0x1946,0x1946,0x1946,0x1946,0x2187,0x1946,0x08A3,0x0882,0x0882,0x0862,
  0x0042,0x0862,0x0862,0x0841,0x0862,0x0041,0x0041,0x0862,0x0883,0x0862,0x0042,0x0882,
  0x0882,0x1904,0x08A3,0x10A3,0x0041,0x0021,0x0041,0x0862,0x0041,0x10C4,0x29A7,0x29C7,
  0x21A7,0x29C8,0x29C8,0x29C8,0x29C8,0x29C8,0x29E9,0x29E9,0x29E9,0x3209,0x3209,0x3229,
  0x3229,0x3A4A,0x31E9,0x636F,0x5B2D,0x29A7,0x08A3,0x0041,0x0041,0x0021,0x18E4,0x10A3,
  0x18E4,0x10E4,0x0882,0x0862,0x08A3,0x0862,0x0042,0x0041,0x0841,0x0021,0x0021,0x0841,
  0x0861,0x10A2,0x10A2,0x1082,0x18C3,0x0000,0x4A49,0xA4F2,0x4207,0x2104,0x18E4,0x52CB,
  0x636E,0x5B4E,0x4AED,0x4ACC,0x530D,0x5B6F,0x532D,0x532D,0x532D,0x532D,0x530D,0x4ACC,
  0x42AC,0x3A4A,0x322A,0x3229,0x3229,0x3A2A,0x3A4A,0x3209,0x3209,0x3209,0x3209,0x3209,
  0x3209,0x3209,0x3209,0x3209,0x3209,0x322A,0x3A2A,0x3A2A,0x3A4A,0x3A6A,0x4AAC,0x530D,
  0x530D,0x5B2D,0x8CD4,0x84B3,0x8493,0x8CD4,0x5B6E,0x5B4E,0x530D,0x4ACC,0x42AB,0x428B,
  0x42AC,0x42AC,0x42AC,0x426B,0x42AC,0x426B,0x3A2A,0x08A4,0x1105,0x426A,0x1105,0x08E4,
  0x3A4A,0x3A4A,0x3A6B,0x3A4A,0x322A,0x3A4A,0x3A4A,0x3A2A,0x322A,0x322A,0x322A,0x3A2A,
  0x3A4B,0x3A4A,0x3A2A,0x322A,0x3A6B,0x42AC,0x42AC,0x3A6B,0x3A6B,0x42AC,0x428C,0x42AC,
  0x42AC,0x42AC,0x42AC,0x3A6B,0x3A6B,0x3A6B,0x3A4B,0x322A,0x320A,0x3209,0x3209,0x320A,
  0x322A,0x322A,0x3A2A,0x3A6B,0x3A4B,0x3209,0x29C8,0x29A8,0x29A8,0x2988,0x29A8,0x29C8,
  0x29C9,0x29C8,0x2187,0x2187,0x2187,0x2187,0x29A8,0x2187,0x2187,0x2187,0x29A8,0x29C8,
  0x29C8,0x29C8,0x29A8,0x320A,0x3209,0x320A,0x31E9,0x2187,0x1946,0x1926,0x1925,0x1905,
  0x1905,0x1905,0x1905,0x1905,0x1926,0x1105,0x10C4,0x10C4,0x10E4,0x10E4,0x10E4,0x10E4,
  0x10E5,0x10E5,0x1104,0x1104,0x1905,0x1105,0x10E5,0x1105,0x1905,0x1105,0x1905,0x1905,
  0x1905,0x1925,0x1926,0x1946,0x1946,0x1925,0x31E8,0x1105,0x0882,0x0041,0x0862,0x0042,
  0x0042,0x0862,0x0862,0x0841,0x0841,0x0041,0x0061,0x0041,0x0021,0x0041,0x0882,0x0041,
  0x10C3,0x1945,0x1904,0x0842,0x0000,0x0021,0x0882,0x10A3,0x10C4,0x29A7,0x29A8,0x21A7,
  0x21C8,0x29C8,0x29C8,0x29E9,0x29E8,0x29E9,0x3209,0x320A,0x3209,0x3209,0x3209,0x3209,
  0x322A,0x3209,0x4AED,0x8CD4,0x428B,0x08A3,0x0041,0x0041,0x0041,0x10C3,0x0882,0x0862,
  0x0883,0x0882,0x0062,0x0062,0x0042,0x0021,0x0021,0x0021,0x0021,0x0020,0x0020,0x0020,
  0x0841,0x18E3,0x2965,0x0861,0x1082,0x0000,0x4208,0xAD12,0x6B4C,0x5269,0x2125,0x2965,
  0x6BAF,0x530D,0x52ED,0x4AEC,0x532D,0x5B6F,0x5B8F,0x5B6F,0x5B6F,0x532E,0x530D,0x42CC,
  0x3A4A,0x3229,0x3229,0x3A4A,0x3A4A,0x3A6A,0x42AC,0x3A4A,0x3209,0x3209,0x3209,0x3209,
  0x3229,0x3229,0x3229,0x3229,0x3A2A,0x3A4A,0x3A4A,0x3A4A,0x3A6A,0x3A4A,0x532D,0x7431,
  0x7C52,0x638F,0x6BB0,0x7411,0x638F,0x638F,0x5B6E,0x636F,0x5B2E,0x4ACC,0x530D,0x4AED,
  0x4ACC,0x4AED,0x42AC,0x426B,0x426B,0x428B,0x2187,0x1926,0x3A4A,0x3A29,0x1946,0x3229,
  0x3A6B,0x324A,0x3A4A,0x3A4A,0x324A,0x3A4A,0x3A4A,0x3A4A,0x3A4A,0x3A4A,0x3A4A,0x3A6B,
  0x428B,0x428B,0x428B,0x426B,0x428C,0x42CC,0x42CC,0x42AC,0x42AC,0x42AC,0x42AC,0x42AC,
  0x4ACC,0x42AC,0x428B,0x3A6B,0x3A6B,0x3A6B,0x3A4B,0x3A2A,0x320A,0x320A,0x320A,0x322A,
  0x322A,0x3A2A,0x3A4B,0x426B,0x320A,0x2988,0x2988,0x29A8,0x29A8,0x2988,0x29A8,0x29A8,
  0x29A8,0x2187,0x2187,0x2187,0x2187,0x2187,0x29A8,0x2187,0x2187,0x2167,0x2167,0x29C8,
  0x29A8,0x2988,0x29A8,0x31E9,0x31E9,0x3209,0x2187,0x1946,0x1946,0x1926,0x1905,0x1905,
  0x1905,0x18E4,0x18E4,0x10E4,0x10E4,0x1905,0x10E4,0x10E4,0x10C4,0x10C4,0x10E4,0x10E4,
  0x10E5,0x10E5,0x1104,0x1105,0x1905,0x1105,0x10E5,0x1105,0x1105,0x1105,0x1905,0x1905,
  0x1925,0x1925,0x1926,0x1946,0x1946,0x1946,0x29C8,0x08C4,0x10E4,0x0062,0x0883,0x0862,
  0x0041,0x0842,0x10A3,0x10A3,0x0842,0x0021,0x0021,0x0042,0x08A3,0x10A3,0x0862,0x0862,
  0x10C3,0x10E4,0x10C4,0x0001,0x0021,0x0862,0x10C3,0x1925,0x29A7,0x29A8,0x29A8,0x29C8,
  0x29C8,0x29E8,0x29E9,0x29E9,0x3209,0x3229,0x322A,0x322A,0x3229,0x3229,0x3229,0x3209,
  0x3A4A,0x3A2A,0x8CF4,0x5B2D,0x1105,0x0041,0x0000,0x0000,0x10A3,0x1904,0x18E4,0x0862,
  0x0021,0x0041,0x0862,0x0041,0x0021,0x0001,0x0000,0x0000,0x0041,0x0841,0x0020,0x0020,
  0x0841,0x18C3,0x1082,0x0020,0x18E3,0x10A2,0x2925,0xBDB5,0x9450,0x6B4C,0x41E7,0x10A3,
  0x52AB,0x636E,0x52ED,0x532E,0x638F,0x63AF,0x638F,0x5B6F,0x5B6E,0x530D,0x42AC,0x3A4A,
  0x3A2A,0x3229,0x3209,0x322A,0x3A6B,0x3A8B,0x42AC,0x428B,0x322A,0x3209,0x3229,0x322A,
  0x322A,0x322A,0x322A,0x322A,0x3A4A,0x3A4A,0x3A4A,0x3A4A,0x3A6A,0x3A6A,0x532D,0x8473,
  0xA597,0x9515,0x5B6E,0x532D,0x530D,0x530D,0x638F,0x638F,0x636F,0x5B2E,0x5B4E,0x5B4E,
  0x532E,0x530D,0x42AC,0x426B,0x428B,0x428B,0x3A6B,0x428B,0x3A4A,0x3A29,0x3A6A,0x3A6B,
  0x3A6B,0x3A4A,0x3A4A,0x3A6B,0x3A6B,0x3A6B,0x426B,0x3A6B,0x3A6B,0x426B,0x428B,0x428C,
  0x428C,0x428B,0x428B,0x428C,0x428C,0x3A8B,0x3A8B,0x42AC,0x42AC,0x42AC,0x42AC,0x42AC,
  0x42AC,0x42AC,0x428C,0x428B,0x428B,0x428B,0x3A6B,0x3A4B,0x3A2A,0x3A2A,0x3A2A,0x3A2A,
  0x3A2A,0x3A4A,0x3A6B,0x3A4A,0x29C8,0x2988,0x2188,0x29A8,0x31A8,0x2988,0x29A8,0x29A8,
  0x2187,0x2167,0x2187,0x2167,0x2167,0x2187,0x2187,0x29A8,0x29A8,0x2187,0x2187,0x29A8,
  0x29A7,0x2187,0x29C9,0x3209,0x3209,0x29C8,0x1946,0x1925,0x1925,0x1905,0x1905,0x1905,
  0x18E5,0x18E5,0x10E4,0x10E4,0x10E4,0x10E4,0x10E4,0x10C4,0x10C4,0x10C4,0x10C4,0x10C4,
  0x1105,0x1105,0x1105,0x1905,0x1105,0x1105,0x1105,0x1105,0x1105,0x1905,0x1905,0x1925,
  0x1926,0x1926,0x1926,0x1946,0x1926,0x29A8,0x1926,0x0883,0x0062,0x0882,0x0883,0x1083,
  0x10A3,0x0882,0x0862,0x10A3,0x1083,0x0862,0x0862,0x1083,0x10C3,0x0883,0x0021,0x18E4,
  0x10E4,0x10E4,0x0882,0x0841,0x0862,0x0861,0x0883,0x2987,0x29A7,0x29A8,0x29C8,0x29C8,
  0x29E9,0x29E9,0x3209,0x320A,0x3A4A,0x3A4A,0x3A6A,0x3A6A,0x3A4A,0x3A4A,0x3A4A,0x3A4A,
  0x3A2A,0x636F,0x8473,0x10E5,0x08A4,0x0021,0x0882,0x18E4,0x1904,0x0862,0x10A2,0x10A3,
  0x0021,0x0021,0x0041,0x0041,0x0021,0x0021,0x0021,0x0041,0x0041,0x0862,0x0820,0x0841,
  0x18A2,0x20E3,0x10A2,0x0841,0x2104,0x18C3,0x31A6,0x9C70,0x8BEE,0x4207,0x6B2C,0x39E7,
  0x1904,0x5B2D,0x5B4E,0x638F,0x6BD0,0x6BD0,0x63AF,0x638F,0x5B6F,0x4AEC,0x428B,0x3A4A,
  0x3A4A,0x3A2A,0x3229,0x3229,0x3A8B,0x42AC,0x3A6B,0x3A4A,0x3A2A,0x3A2A,0x3A2A,0x3A2A,
  0x3A2A,0x3A2A,0x3A2A,0x3A4A,0x3A4A,0x3A6B,0x3A6B,0x3A6B,0x3A6B,0x426B,0x4ACC,0x5B4E,
  0x636E,0x6BF0,0x530D,0x42AB,0x3A6A,0x4ACC,0x6BD0,0x63AF,0x638F,0x636F,0x636F,0x636E,
  0x636F,0x5B4E,0x4AAC,0x42AC,0x4ACC,0x42AC,0x42AC,0x428B,0x3A6B,0x426B,0x426B,0x426B,
  0x3A6B,0x3A4A,0x3A4A,0x3A6B,0x428B,0x3A6B,0x428B,0x4AAC,0x4AAC,0x4ACC,0x4ACD,0x4AAC,
  0x42AC,0x428C,0x428B,0x428C,0x428B,0x3A6B,0x3A6B,0x3A6B,0x428B,0x3A6B,0x428B,0x42AC,
  0x4ACC,0x42AC,0x428C,0x428B,0x428B,0x428B,0x428B,0x3A6B,0x3A4B,0x3A4A,0x3A2A,0x3A2A,
  0x3A4A,0x3A6B,0x3A6B,0x322A,0x29A8,0x2988,0x29A8,0x31E9,0x29A8,0x2988,0x2988,0x2187,
  0x2167,0x2167,0x2167,0x2167,0x2167,0x2167,0x2167,0x2167,0x2166,0x2167,0x2167,0x2187,
  0x2187,0x2988,0x29E9,0x29E9,0x31E9,0x2167,0x1926,0x1925,0x1905,0x1905,0x18E5,0x18E5,
  0x18E5,0x18E5,0x10E4,0x10E4,0x10C4,0x10C4,0x10C4,0x10C4,0x10C4,0x10C4,0x10C4,0x10C4,
  0x1105,0x1105,0x1905,0x1905,0x1905,0x1105,0x1905,0x1905,0x1905,0x1905,0x1905,0x1925,
  0x1926,0x1926,0x1926,0x1946,0x2166,0x3209,0x08A3,0x0883,0x10C3,0x0862,0x0882,0x10A3,
  0x0882,0x0862,0x10A3,0x0862,0x0862,0x0041,0x0862,0x0862,0x0862,0x0041,0x0882,0x10C3,
  0x2125,0x1905,0x0862,0x0862,0x0882,0x1082,0x2146,0x29C7,0x29A8,0x29C8,0x29C8,0x29E8,
  0x31E9,0x3209,0x3209,0x322A,0x3A4A,0x3A6A,0x428B,0x428B,0x42AB,0x42AC,0x42AC,0x4ACC,
  0x428B,0x8CB4,0x530D,0x08A3,0x10C4,0x0041,0x10A2,0x31A6,0x1082,0x0841,0x0041,0x0862,
  0x1082,0x0021,0x0862,0x0841,0x0862,0x0862,0x0841,0x0861,0x0841,0x0841,0x0841,0x1082,
  0x20E4,0x10A2,0x10A2,0x0841,0x2124,0x2125,0x2124,0x7BAD,0x734B,0x6B0B,0x83EE,0x4228,
  0x1903,0x4249,0x6BAF,0x6BD0,0x7411,0x7411,0x63B0,0x638F,0x5B6F,0x4AED,0x42AB,0x428B,
  0x3A6B,0x3A4A,0x3A2A,0x322A,0x3A4A,0x3A4A,0x322A,0x3A4A,0x3A4A,0x3A4A,0x3A4A,0x3A4A,
  0x3A2A,0x3A4A,0x3A4A,0x3A4A,0x3A6B,0x3A6B,0x4AAC,0x4ACC,0x426B,0x428B,0x426B,0x4ACC,
  0x530D,0x530D,0x4AAB,0x3A4A,0x3A6A,0x5B4E,0x6BD0,0x63AF,0x6BB0,0x6BD0,0x6BD0,0x73F1,
  0x6BD0,0x5B4E,0x4AED,0x52ED,0x5B4E,0x532E,0x530D,0x4ACC,0x4ACC,0x4ACC,0x4ACC,0x42AC,
  0x426B,0x3A4B,0x3A4B,0x3A4A,0x3A4B,0x3A6B,0x42AC,0x4ACD,0x530D,0x532E,0x530D,0x4AED,
  0x4ACC,0x4AAC,0x428C,0x428C,0x3A6B,0x3A6B,0x3A4A,0x3A6B,0x3A4B,0x322A,0x42AC,0x42AC,
  0x428C,0x428C,0x428C,0x428C,0x428C,0x3A6B,0x3A6B,0x3A6B,0x3A6B,0x3A4B,0x3A4A,0x3A4B,
  0x3A6B,0x3A6B,0x3A6B,0x322A,0x29A8,0x2988,0x29A8,0x29C8,0x2988,0x2988,0x2167,0x2167,
  0x2167,0x2167,0x2167,0x2167,0x2167,0x2146,0x2146,0x2146,0x2146,0x2146,0x2166,0x2166,
  0x2167,0x2187,0x29C8,0x29E9,0x31E9,0x2167,0x1926,0x1905,0x18E5,0x18E5,0x18E5,0x18E5,
  0x18E5,0x10E5,0x10E4,0x10E4,0x10C4,0x10C4,0x10C4,0x10C4,0x10C4,0x10C4,0x10C4,0x10C4,
  0x1105,0x1105,0x1925,0x1905,0x1905,0x1905,0x1905,0x10E4,0x1105,0x1905,0x1925,0x1926,
  0x1926,0x1946,0x1946,0x1105,0x3A09,0x1925,0x0062,0x0882,0x0862,0x0062,0x0882,0x0862,
  0x0042,0x0041,0x0882,0x0042,0x18E4,0x0862,0x0042,0x0882,0x0882,0x0862,0x10C4,0x0882,
  0x1925,0x2125,0x1082,0x0861,0x0861,0x1904,0x29C8,0x21C8,0x29C8,0x29E8,0x29E9,0x3209,
  0x320A,0x320A,0x320A,0x322A,0x324A,0x3A6A,0x3A8B,0x42AB,0x4ACC,0x530D,0x4AED,0x428B,
  0x5B4E,0x638F,0x1905,0x2125,0x0882,0x0041,0x0041,0x1082,0x1082,0x0021,0x0882,0x0862,
  0x0882,0x0041,0x0862,0x0882,0x0862,0x0041,0x0841,0x0841,0x0820,0x1082,0x2104,0x2104,
  0x18C3,0x10A2,0x2124,0x2965,0x3165,0x1082,0x10A2,0x83EE,0x734C,0x736C,0x738D,0x5ACA,
  0x2124,0x2145,0x6BAF,0x6BF0,0x6BF0,0x63AF,0x5B6F,0x638F,0x5B6E,0x5B4E,0x4ACC,0x42AC,
  0x428B,0x426B,0x3A4A,0x322A,0x3229,0x322A,0x322A,0x3A4A,0x3A4A,0x3A4A,0x3A4A,0x3A4A,
  0x3A4A,0x3A4A,0x3A4A,0x3A6A,0x426B,0x4ACC,0x5B2E,0x52ED,0x42AC,0x428B,0x42AB,0x530D,
  0x530D,0x5B6E,0x5B4E,0x4AEC,0x5B6E,0x7411,0x7411,0x7411,0x7411,0x7411,0x7C52,0x7411,
  0x63AF,0x5B2E,0x5B4E,0x638F,0x63B0,0x63B0,0x638F,0x532D,0x4AED,0x532D,0x530D,0x42AC,
  0x3A6B,0x3A4A,0x3A6A,0x428B,0x3A6B,0x3A6B,0x428C,0x4ACC,0x530E,0x530E,0x4B0D,0x4AED,
  0x4ACC,0x4ACC,0x428B,0x428B,0x3A6B,0x3A4B,0x3A4A,0x3A6B,0x428C,0x4ACC,0x4ACC,0x42AC,
  0x3A6B,0x3A6B,0x428B,0x428B,0x428C,0x3A6B,0x3A6B,0x3A6B,0x3A6B,0x3A6B,0x3A4B,0x3A6B,
  0x3A6B,0x3A6B,0x3A6B,0x29C9,0x2988,0x29A8,0x29A8,0x29A8,0x2187,0x2167,0x2167,0x2167,
  0x2987,0x29A8,0x2187,0x2167,0x2167,0x1946,0x2146,0x2146,0x1946,0x1926,0x1946,0x2146,
  0x2147,0x2167,0x2187,0x29C8,0x31E9,0x2187,0x1926,0x1925,0x1905,0x18E4,0x18E4,0x18E4,
  0x18E5,0x10E5,0x10E4,0x10E4,0x10C4,0x10C4,0x10C4,0x10E4,0x10C4,0x10C3,0x10A3,0x10A3,
  0x1905,0x1905,0x10E4,0x10E4,0x1905,0x1905,0x2167,0x31C8,0x2146,0x1925,0x1905,0x1925,
  0x1926,0x1946,0x1926,0x29A7,0x4A8B,0x10A3,0x0862,0x0862,0x0062,0x0882,0x0883,0x0862,
  0x0862,0x10C3,0x0862,0x0021,0x10A3,0x10C3,0x0862,0x0882,0x0862,0x10A3,0x10C4,0x18E4,
  0x10C3,0x10C3,0x18E3,0x0882,0x18A3,0x2966,0x29A8,0x21C8,0x29C8,0x29E9,0x3209,0x3229,
  0x3A2A,0x3A2A,0x322A,0x3A4A,0x3A4A,0x3A6A,0x428B,0x4ACC,0x4AEC,0x4B0D,0x4ACC,0x5B4E,
  0x638F,0x3209,0x0882,0x1904,0x0862,0x0862,0x10A3,0x0862,0x0841,0x0862,0x10C3,0x0862,
  0x0841,0x0841,0x1082,0x10C3,0x0882,0x0041,0x0861,0x0861,0x0841,0x0841,0x18C3,0x2124,
  0x10A2,0x10C3,0x2965,0x2944,0x10A2,0x20E4,0x2124,0x734C,0x7B6C,0x9470,0x83EE,0x7BCE,
  0x3185,0x18E3,0x52CB,0x5B6E,0x532D,0x4AED,0x4ACC,0x5B4E,0x63B0,0x5B6F,0x5B2E,0x4AEC,
  0x4AAC,0x3A6A,0x3A4A,0x322A,0x3229,0x322A,0x322A,0x3A4A,0x3A6B,0x3A4A,0x3A6B,0x3A6B,
  0x3A6B,0x426B,0x428B,0x428B,0x428B,0x52ED,0x63B0,0x6BF1,0x5B6E,0x4ACC,0x5B4E,0x6BAF,
  0x6BAF,0x63AF,0x6BAF,0x6BF0,0x94F5,0x8CB3,0x8473,0x8472,0x7C31,0x7431,0x7C31,0x6BD0,
  0x532E,0x532D,0x638F,0x6BF0,0x7411,0x6BF1,0x638F,0x5B2E,0x534E,0x5B8F,0x532E,0x42CC,
  0x3A6B,0x3A6B,0x3A6B,0x428C,0x3A6B,0x42AC,0x4AED,0x4AED,0x52ED,0x4ACC,0x428B,0x3A8B,
  0x4B0D,0x42AC,0x428B,0x3A6B,0x3A4B,0x3A4B,0x3A4B,0x3A6B,0x42AC,0x4ACD,0x42AC,0x428C,
  0x3A6B,0x3A6B,0x3A6B,0x3A6B,0x3A6B,0x3A6B,0x3A6B,0x3A6B,0x3A6B,0x3A6B,0x3A6B,0x3A6B,
  0x426B,0x3A6B,0x3A6B,0x29C8,0x2188,0x29A8,0x31E8,0x29A7,0x2187,0x2167,0x2167,0x2167,
  0x2988,0x2167,0x2147,0x2146,0x2146,0x2146,0x2146,0x1946,0x1946,0x1946,0x2146,0x2146,
  0x2147,0x2147,0x2146,0x2167,0x2987,0x2187,0x2146,0x2166,0x1905,0x18E4,0x18E4,0x18E4,
  0x18E4,0x10E4,0x10E4,0x10E4,0x10C4,0x10C4,0x10C4,0x10C4,0x10C4,0x10C4,0x10C3,0x10A3,
  0x1905,0x1925,0x31C8,0x3209,0x31E8,0x31A8,0x31E9,0x424A,0x31C8,0x29A7,0x29A7,0x2166,
  0x2146,0x1905,0x1926,0x2166,0x10E4,0x1904,0x1904,0x10C3,0x0862,0x0862,0x0042,0x0041,
  0x0042,0x10A3,0x0862,0x0021,0x0862,0x18E4,0x0882,0x0862,0x0862,0x10A3,0x10C3,0x2145,
  0x2124,0x2145,0x1904,0x10E4,0x2125,0x31A7,0x29A8,0x29C8,0x29E9,0x29E9,0x3209,0x3A2A,
  0x3A4A,0x3A4A,0x3A4A,0x3A4A,0x3A6A,0x428B,0x42AB,0x4ACC,0x4AEC,0x4AED,0x4AEC,0x3A4A,
  0x5B4E,0x29C8,0x0021,0x0041,0x0041,0x0862,0x1082,0x0862,0x0021,0x0841,0x0841,0x0041,
  0x0021,0x0841,0x0841,0x0862,0x0861,0x0841,0x0861,0x0861,0x0861,0x0841,0x0821,0x18C3,
  0x2945,0x2944,0x0881,0x18E3,0x1082,0x0841,0x0841,0x7B8C,0x8C0F,0x9470,0x7BCE,0x8C0F,
  0x3185,0x1081,0x4249,0x638E,0x4AEC,0x4AEC,0x42AC,0x532D,0x6BD0,0x638F,0x638F,0x530D,
  0x42AC,0x3A4A,0x3A4A,0x322A,0x3229,0x322A,0x3A4A,0x3A6B,0x426B,0x426B,0x428B,0x4ACC,
  0x42AC,0x4ACC,0x530D,0x4AEC,0x4ACC,0x4AEC,0x5B4E,0x7C32,0x8CB3,0x6BCF,0x8452,0x8472,
  0x8CD4,0x8472,0x8452,0x7C51,0x7C31,0x94F4,0x94F4,0x8CB3,0x8493,0x7C52,0x7431,0x5B6E,
  0x4ACC,0x530D,0x6BD0,0x7C32,0x7411,0x73F1,0x5B6E,0x5B4E,0x63B0,0x6390,0x5B4E,0x4ACC,
  0x428B,0x3A6B,0x3A6B,0x3A6B,0x3A6B,0x530D,0x532E,0x530D,0x4AED,0x428B,0x3A4A,0x428B,
  0x530D,0x42AC,0x428B,0x3A6B,0x3A4A,0x3A4A,0x3A4A,0x3A6B,0x428B,0x42AC,0x428C,0x3A6B,
  0x3A6B,0x426B,0x3A6B,0x3A6B,0x3A4B,0x3A6B,0x3A6B,0x3A4A,0x3A6A,0x3A6B,0x3A6B,0x3A6B,
  0x426B,0x426B,0x426B,0x320A,0x29A8,0x31C9,0x31C9,0x2987,0x2167,0x2167,0x2187,0x2987,
  0x2987,0x2167,0x2166,0x2166,0x2146,0x1946,0x1946,0x1926,0x1926,0x1946,0x2146,0x2146,
  0x2147,0x2147,0x2167,0x29A8,0x2187,0x2146,0x2146,0x2126,0x1905,0x18E4,0x10E4,0x10E4,
  0x10C4,0x10C4,0x10E4,0x10E4,0x10E4,0x10C4,0x10C4,0x10C4,0x10C4,0x10C4,0x10C4,0x10A3,
  0x1105,0x2987,0x31C8,0x2146,0x2166,0x2967,0x1905,0x10C4,0x0882,0x10C3,0x4249,0x5B0D,
  0x6B8F,0x5B0D,0x3A09,0x1925,0x0021,0x0021,0x0882,0x10C3,0x0862,0x0000,0x0000,0x0000,
  0x0862,0x0862,0x0041,0x0862,0x0882,0x18E4,0x0042,0x0041,0x10A2,0x10A2,0x2124,0x31C6,
  0x2145,0x2145,0x1904,0x10C4,0x2166,0x29A8,0x29A8,0x29C8,0x29E9,0x31E9,0x3209,0x3A2A,
  0x3A4B,0x428B,0x428C,0x42AC,0x4AAC,0x4ACC,0x4ACC,0x530D,0x4B0D,0x4ACC,0x530D,0x4ACC,
  0x52CC,0x0882,0x10A3,0x10A3,0x0041,0x0021,0x0000,0x0020,0x0841,0x0041,0x0861,0x0861,
  0x0041,0x0041,0x0020,0x0000,0x0000,0x0862,0x1082,0x1082,0x1082,0x2104,0x2125,0x18C3,
  0x10A2,0x2103,0x18C2,0x2104,0x18C3,0x0000,0x0882,0x6AEA,0x940F,0x41E6,0x7BAE,0x9C91,
  0x62CA,0x20C2,0x31C7,0x530C,0x4ACC,0x4ACC,0x4ACC,0x4AED,0x5B6F,0x638F,0x6BD0,0x636F,
  0x4AAC,0x426B,0x3A4A,0x3A4A,0x322A,0x3A4A,0x3A4A,0x3A8B,0x428B,0x428B,0x4AAC,0x4AEC,
  0x530D,0x5B4E,0x636E,0x530D,0x4ACC,0x4ACC,0x52ED,0x7411,0x9515,0xB5F8,0xAD97,0x9D14,
  0x94F4,0x94D3,0x94D4,0x8CB3,0x7411,0x94D4,0x94F4,0x8CD4,0x8473,0x7431,0x5B4E,0x4ACC,
  0x530D,0x5B4E,0x6BB0,0x7C52,0x7432,0x6BB0,0x532D,0x530D,0x636F,0x6390,0x5B4F,0x42AC,
  0x3A6B,0x3A4A,0x3A4A,0x3A4A,0x4ACC,0x532E,0x4ACC,0x4ACC,0x42AC,0x3A6B,0x428B,0x428B,
  0x42AC,0x42AC,0x428B,0x3A6B,0x3A4A,0x3A4A,0x3A4A,0x3A6B,0x428B,0x428B,0x3A6B,0x3A6B,
  0x3A4B,0x428B,0x3A6B,0x3A4A,0x3A2A,0x322A,0x320A,0x3A2A,0x3A6B,0x3A4A,0x3A4A,0x3A4B,
  0x3A6B,0x426B,0x3A2A,0x3A2A,0x29A8,0x29C8,0x31C8,0x2187,0x2167,0x2167,0x2987,0x29A8,
  0x2167,0x2146,0x2166,0x2146,0x2146,0x1946,0x1946,0x1926,0x1926,0x1946,0x1946,0x1946,
  0x2146,0x2167,0x2988,0x29C8,0x2167,0x1926,0x1905,0x1925,0x2125,0x18E4,0x10E4,0x10E4,
  0x10E4,0x10C4,0x10E4,0x10E4,0x10E4,0x18E4,0x18E4,0x10E4,0x10C4,0x10C4,0x10C4,0x10C4,
  0x1925,0x0883,0x0000,0x0021,0x0062,0x0883,0x10C3,0x1905,0x1925,0x426A,0x426A,0x10E4,
  0x29A8,0x31E8,0x29A8,0x10E4,0x0062,0x0862,0x0062,0x0021,0x0041,0x10A3,0x10C4,0x2125,
  0x31A7,0x0021,0x0000,0x0862,0x0862,0x10A3,0x0882,0x0041,0x10C3,0x10C3,0x2125,0x31A6,
  0x2986,0x31A6,0x2945,0x18E4,0x29C8,0x29C8,0x29C8,0x29C8,0x29E8,0x31E9,0x3209,0x322A,
  0x3A2A,0x42AC,0x4ACC,0x4AED,0x5B4F,0x63B0,0x63AF,0x534E,0x4AED,0x4AAC,0x532D,0x4AAB,
  0x31C7,0x10A3,0x1083,0x0041,0x0841,0x0000,0x0041,0x0020,0x1082,0x0841,0x0841,0x0041,
  0x0000,0x0000,0x0000,0x0000,0x0861,0x18C4,0x10C3,0x1082,0x0041,0x2104,0x31C7,0x4228,
  0x4208,0x18C3,0x0020,0x0020,0x2104,0x10A3,0x10C3,0x83AD,0x942F,0x62C9,0x83EE,0xD657,
  0x8BEE,0x3985,0x39C6,0x4AAB,0x42CC,0x42AC,0x42AB,0x42AC,0x532D,0x63AF,0x638F,0x5B2E,
  0x4AAC,0x428B,0x3A6B,0x3A6A,0x3A6A,0x3A6B,0x428B,0x428B,0x42AB,0x42AC,0x4ACC,0x534D,
  0x638F,0x6BD0,0x6BD0,0x636F,0x530D,0x4AEC,0x4ACC,0x52EC,0x94F4,0xD6DC,0xADB7,0x9D35,
  0x94D3,0x94F4,0x9D35,0x9D15,0x94F4,0x94D4,0x9515,0x94F4,0x8473,0x530D,0x4ACC,0x530D,
  0x5B2E,0x63B0,0x7C52,0x7C52,0x73F1,0x4AEC,0x42AB,0x42AB,0x638F,0x5B6F,0x42AC,0x3A6B,
  0x3A6A,0x3A4A,0x3A4B,0x3A4A,0x42AC,0x428B,0x322A,0x3A4B,0x3A6B,0x3A6B,0x3A6B,0x3A6B,
  0x3A6B,0x3A6B,0x3A6B,0x3A6B,0x428B,0x42AC,0x3A6B,0x3A6B,0x428B,0x3A6B,0x3A4A,0x322A,
  0x322A,0x3A2A,0x3A2A,0x3A4A,0x3209,0x31E9,0x3209,0x3A2A,0x3A2A,0x3A2A,0x322A,0x322A,
  0x3A4A,0x3A4B,0x31E9,0x3209,0x29A8,0x29A8,0x29A8,0x2167,0x2167,0x2167,0x2167,0x2167,
  0x2146,0x2146,0x2166,0x2146,0x2146,0x1946,0x1946,0x1946,0x1946,0x1926,0x1946,0x1926,
  0x1926,0x2126,0x2146,0x2167,0x1926,0x1925,0x1905,0x1925,0x1905,0x10E4,0x10E4,0x10E4,
  0x10E4,0x10C4,0x10E4,0x10E4,0x10E4,0x1905,0x1905,0x10E4,0x10E4,0x10E4,0x10C4,0x10C4,
  0x1105,0x10C4,0x0021,0x0041,0x0041,0x0041,0x0041,0x0883,0x1905,0x31A8,0x632D,0x4229,
  0x2146,0x1926,0x2166,0x08A3,0x0082,0x0061,0x0882,0x10C3,0x10C3,0x08A3,0x0841,0x1083,
  0x2145,0x2125,0x0021,0x0041,0x0862,0x0882,0x0861,0x0882,0x10C3,0x1904,0x2966,0x2945,
  0x4208,0x39A7,0x20E3,0x1925,0x29E9,0x29C8,0x29C8,0x29C8,0x29E8,0x3209,0x320A,0x3A2A,
  0x3A4B,0x428C,0x4AED,0x4B0D,0x5B4E,0x6BD0,0x5B8F,0x3A8B,0x42CC,0x4ACC,0x6BAF,0x424A,
  0x10A3,0x0882,0x0000,0x0000,0x0000,0x0020,0x0020,0x0000,0x0000,0x0000,0x0000,0x0000,
  0x0020,0x0000,0x0000,0x0841,0x1082,0x0882,0x0862,0x0862,0x0041,0x0862,0x2145,0x31A6,
  0x52AA,0x4A49,0x31A7,0x0861,0x0861,0x20E4,0x10A2,0x7B8D,0xA4D1,0x62EA,0xA4D1,0xB553,
  0x7B8C,0x3985,0x41E7,0x4A8A,0x42AC,0x42AC,0x428B,0x42AB,0x4B0D,0x5B6F,0x5B4E,0x4ACC,
  0x4ACC,0x42AC,0x428B,0x428B,0x428B,0x428B,0x4AAC,0x4AAC,0x42AC,0x4ACC,0x532D,0x63CF,
  0x8492,0x8CB3,0x8CB3,0x8452,0x636E,0x530D,0x4AEC,0x6BCF,0xB5F8,0xBE39,0xAD96,0xAD96,
  0xAD96,0xA596,0xA556,0xA576,0x9D35,0x94F4,0xA576,0x9515,0x5B2D,0x4ACC,0x5B4E,0x5B4E,
  0x636F,0x63B0,0x6BB0,0x6BB0,0x532D,0x426B,0x428B,0x428B,0x4ACC,0x42AC,0x428B,0x3A6B,
  0x3A6A,0x3A4A,0x3A6B,0x3A6B,0x3A4A,0x3A6B,0x3A6B,0x3A4B,0x3A4B,0x3A4A,0x3A6B,0x3A6B,
  0x3A6B,0x3A6B,0x3A6B,0x3A6B,0x3A4B,0x428B,0x428B,0x3A4B,0x3A6B,0x3A6B,0x322A,0x320A,
  0x3209,0x3209,0x322A,0x3A2A,0x31E9,0x31E9,0x3209,0x3A0A,0x320A,0x3209,0x31E9,0x3209,
  0x3A2A,0x3A4A,0x3A2A,0x29A8,0x2188,0x2988,0x2187,0x2167,0x2167,0x2167,0x2167,0x2167,
  0x2166,0x2166,0x2166,0x2146,0x2146,0x1946,0x1946,0x1946,0x1946,0x1926,0x1926,0x1925,
  0x1905,0x1925,0x29A7,0x1926,0x1905,0x1905,0x1905,0x1104,0x10E4,0x10E4,0x10E4,0x10E4,
  0x10E4,0x10C4,0x10E4,0x10E4,0x10E4,0x18E4,0x10E4,0x10E4,0x10E4,0x10E4,0x10E4,0x10C4,
  0x10E5,0x1905,0x0862,0x0021,0x0041,0x0021,0x0062,0x10A3,0x0883,0x0863,0x10C4,0x4229,
  0x5AEC,0x2967,0x1905,0x08A3,0x0041,0x10C3,0x10A3,0x0841,0x0041,0x0041,0x0000,0x10A3,
  0x0000,0x1083,0x1904,0x0000,0x0862,0x0882,0x0020,0x0041,0x0882,0x2986,0x2986,0x2125,
  0x39A7,0x3165,0x0841,0x2987,0x21C9,0x29C8,0x29C8,0x29E8,0x29E9,0x3209,0x320A,0x3A2A,
  0x3A4B,0x428B,0x4ACD,0x4B0D,0x5B4E,0x638F,0x63AF,0x530D,0x532E,0x5B4E,0x3A29,0x0041,
  0x0882,0x0020,0x0041,0x0021,0x0000,0x0000,0x0000,0x0000,0x0000,0x0000,0x0000,0x0020,
  0x0021,0x0000,0x0020,0x0041,0x0041,0x0041,0x0041,0x0041,0x0020,0x0020,0x0861,0x10A3,
  0x2965,0x5B0C,0x6B4D,0x4228,0x0000,0x0841,0x2945,0xAD13,0x9CB1,0x20E2,0x39A5,0x6AEA,
  0x734C,0x4A48,0x3164,0x39E7,0x4AAC,0x428C,0x428B,0x42CC,0x532E,0x532E,0x5B4E,0x530D,
  0x4ACC,0x4ACC,0x4ACC,0x4ACC,0x52ED,0x5B4E,0x530D,0x530D,0x4AEC,0x4AEC,0x5B6E,0x7411,
  0x9515,0xB5F8,0xB5F8,0x7C31,0x5B2D,0x5B2D,0x532D,0x6BCF,0xADB7,0xADD7,0xB5D7,0xB5D7,
  0xADB7,0xAD96,0xA596,0xA597,0xAD97,0xA556,0xA597,0x8493,0x4ACC,0x5B4E,0x638F,0x638F,
  0x6BD0,0x638F,0x530D,0x4ACC,0x428B,0x428B,0x428B,0x428B,0x428B,0x428B,0x428B,0x428B,
  0x3A6B,0x3A6B,0x3A6B,0x3A6B,0x3A4B,0x3A6B,0x3A4A,0x3A4A,0x3A4A,0x3A4A,0x3A4A,0x3A4B,
  0x3A6B,0x3A6B,0x3A4A,0x3A4A,0x322A,0x322A,0x3A4A,0x3A2A,0x3A2A,0x322A,0x3209,0x3209,
  0x3209,0x3209,0x320A,0x322A,0x31E9,0x31E9,0x320A,0x31E9,0x31E9,0x31E9,0x31E9,0x3209,
  0x3209,0x3A2A,0x3A2A,0x29C8,0x2988,0x2167,0x2167,0x2167,0x2167,0x2167,0x2167,0x2167,
  0x2167,0x2166,0x2166,0x2146,0x2166,0x2146,0x1946,0x1946,0x1926,0x1926,0x1925,0x1905,
  0x1905,0x1925,0x2166,0x1925,0x1905,0x1905,0x18E4,0x10E4,0x10E4,0x10E4,0x10E4,0x10E4,
  0x10E4,0x10E4,0x10E4,0x10E4,0x10E4,0x10E4,0x10C4,0x10E4,0x10E4,0x10E4,0x10E4,0x10E4,
  0x1105,0x1105,0x10E4,0x0021,0x0000,0x0000,0x0041,0x0842,0x0042,0x10C4,0x0883,0x10C4,
  0x0883,0x0862,0x10E4,0x10C3,0x10C3,0x0862,0x0862,0x0021,0x1904,0x10C4,0x10E4,0x18E4,
  0x0001,0x0000,0x1904,0x0862,0x0041,0x10A3,0x0882,0x1082,0x0882,0x4229,0x2965,0x2145,
  0x39C7,0x18A2,0x10A2,0x29C8,0x29C9,0x29E9,0x29E9,0x29E9,0x29E9,0x3209,0x322A,0x3A4A,
  0x3A6B,0x42AC,0x4ACC,0x4AED,0x5B4E,0x63B0,0x6390,0x5B6F,0x5B4E,0x5B4E,0x3A2A,0x0862,
  0x0862,0x0041,0x0882,0x0020,0x0020,0x0000,0x0020,0x0020,0x0021,0x0041,0x0021,0x0021,
  0x0021,0x0020,0x0021,0x0041,0x0021,0x0021,0x0041,0x0041,0x0020,0x0020,0x0041,0x0841,
  0x0021,0x31A7,0x5ACB,0x736D,0x6B2C,0x1081,0x18A2,0x732C,0x2903,0x3165,0x3165,0x3985,
  0x2103,0x18E2,0x2944,0x4208,0x426B,0x428C,0x428B,0x428B,0x42AC,0x4AEC,0x4AEC,0x4AED,
  0x52ED,0x52ED,0x52ED,0x4ACC,0x5B2E,0x638F,0x5B6E,0x638F,0x5B4E,0x532D,0x636E,0x6BAF,
  0x8CB3,0xC65A,0xD6DB,0x8C93,0x636E,0x636E,0x5B4D,0x7410,0x8CB3,0xADB7,0xB5B7,0xADB7,
  0x94F4,0x8CD4,0x9D35,0x8CD4,0x9515,0xA556,0xAD97,0x7411,0x638F,0x6BD0,0x6BB0,0x6BD0,
  0x7411,0x5B4E,0x5B4E,0x636F,0x42AC,0x428B,0x428B,0x4AAC,0x428C,0x428B,0x428C,0x428B,
  0x428B,0x3A6B,0x3A6B,0x3A6B,0x3A4A,0x3A4A,0x3A4A,0x3A4A,0x3A4A,0x3A4A,0x3A4A,0x3A4A,
  0x3A4A,0x3A4A,0x3A4A,0x322A,0x322A,0x322A,0x322A,0x322A,0x320A,0x31E9,0x3209,0x3209,
  0x3209,0x3209,0x3209,0x3209,0x31E9,0x31E9,0x31E9,0x31E9,0x29C9,0x31E8,0x3209,0x3A2A,
  0x3209,0x3209,0x320A,0x29C9,0x29A8,0x2187,0x2166,0x2167,0x2167,0x2187,0x2187,0x2167,
  0x2167,0x2166,0x2146,0x2146,0x2166,0x2146,0x1946,0x1926,0x1926,0x1926,0x1926,0x1925,
  0x1925,0x1925,0x1905,0x1925,0x1905,0x1905,0x18E5,0x18E5,0x18E4,0x18E4,0x18E4,0x18E4,
  0x10E4,0x10E4,0x1905,0x18E4,0x1905,0x1905,0x1905,0x1905,0x10E4,0x10C4,0x10C4,0x10E4,
  0x1105,0x1105,0x1105,0x0883,0x0001,0x0021,0x0001,0x0021,0x0041,0x0862,0x0862,0x0882,
  0x0021,0x0042,0x0062,0x10C4,0x10C3,0x0021,0x1904,0x0883,0x0862,0x1905,0x2125,0x0883,
  0x10A3,0x0882,0x1905,0x1904,0x0000,0x0862,0x0882,0x0882,0x10C3,0x39E7,0x3186,0x2124,
  0x10A2,0x10A2,0x20E3,0x31E9,0x29C9,0x3209,0x3209,0x3209,0x29E9,0x3A4A,0x428B,0x3A4B,
  0x428B,0x42AC,0x4ACC,0x4AED,0x530D,0x530D,0x530E,0x532E,0x532E,0x530D,0x31E9,0x18E4,
  0x0862,0x18E3,0x0041,0x0000,0x0000,0x0020,0x0841,0x0041,0x0041,0x0841,0x0841,0x0861,
  0x0020,0x0020,0x0021,0x0021,0x0020,0x0021,0x0041,0x0041,0x0021,0x0020,0x0021,0x0021,
  0x0021,0x0000,0x10A2,0x5AAB,0x738D,0x5AAA,0x39A6,0x5289,0x62CA,0x4A68,0x6B4C,0x6B0B,
  0x5289,0x2124,0x0860,0x31A6,0x4A8B,0x428C,0x3A6B,0x3A6B,0x3A6B,0x428B,0x42AB,0x4ACC,
  0x530D,0x5B4E,0x636F,0x530D,0x530D,0x638F,0x7C31,0x8472,0x7411,0x5B4E,0x636E,0x636E,
  0x94B3,0xCE9A,0xCE7A,0x94B3,0x73F0,0x73F0,0x5B4E,0x9514,0xADB7,0xAD96,0xA535,0x9D35,
  0x8CB3,0x7C31,0x7410,0x73D0,0x638F,0x8C93,0xB5D8,0x8472,0x7C31,0x7C31,0x7411,0x7C31,
  0x7C52,0x6BB0,0x638F,0x94F5,0x6BD0,0x4AED,0x4ACC,0x4AEC,0x4AAC,0x428C,0x428C,0x428C,
  0x428B,0x428B,0x428B,0x3A6B,0x3A4A,0x322A,0x322A,0x3A4A,0x3A4A,0x3A2A,0x3A2A,0x3A2A,
  0x3A2A,0x3A4A,0x322A,0x322A,0x322A,0x322A,0x322A,0x3209,0x31E9,0x31E9,0x3209,0x29E9,
  0x29E9,0x29E9,0x31E9,0x31E9,0x29A8,0x2187,0x2187,0x29A8,0x29C8,0x29C8,0x29C8,0x31C9,
  0x31E9,0x31E9,0x3209,0x31E9,0x29C8,0x2187,0x2187,0x2987,0x2167,0x2187,0x2167,0x2167,
  0x2166,0x2166,0x2146,0x2146,0x2146,0x2146,0x2146,0x2146,0x1926,0x1926,0x1926,0x1925,
  0x1925,0x1925,0x1925,0x1925,0x1925,0x1905,0x2125,0x1905,0x10E4,0x18E4,0x18E4,0x18E4,
  0x18E4,0x18E4,0x1905,0x1905,0x1925,0x2146,0x2146,0x1925,0x1905,0x18E5,0x10C4,0x10C4,
  0x1105,0x1105,0x1104,0x1904,0x0062,0x0021,0x0021,0x0021,0x0021,0x0021,0x0041,0x0041,
  0x0041,0x0041,0x0041,0x0041,0x1905,0x1925,0x1904,0x10C3,0x0001,0x1925,0x10C3,0x18E4,
  0x10C4,0x0862,0x0862,0x2125,0x0021,0x0041,0x0021,0x0041,0x10C3,0x0841,0x0862,0x2124,
  0x2145,0x2104,0x2945,0x39E9,0x29C9,0x29E8,0x29E9,0x29E9,0x29E9,0x322A,0x42AC,0x3A6B,
  0x428B,0x428B,0x42AC,0x4ACC,0x4ACC,0x4ACD,0x4AED,0x4ACC,0x530D,0x4A8B,0x10E4,0x10A3,
  0x1082,0x10A2,0x0000,0x0000,0x0000,0x0041,0x0882,0x0041,0x0841,0x0841,0x0041,0x0041,
  0x0000,0x0020,0x0000,0x0020,0x0020,0x0021,0x0020,0x0000,0x0020,0x0000,0x0020,0x0020,
  0x0020,0x0021,0x0821,0x2104,0x3186,0x4A49,0x5AAA,0x41E7,0x5ACA,0x4248,0x840F,0x4A48,
  0x738D,0x7BCE,0x39C6,0x31A6,0x4AEC,0x3A6B,0x3A6B,0x3A6B,0x428B,0x428B,0x428B,0x42AB,
  0x530D,0x638F,0x6BCF,0x532D,0x5B2D,0x73F0,0x94F4,0xA596,0x9D76,0x73F0,0x638E,0x73F0,
  0x94F4,0xCEBA,0xCE9A,0x8C93,0x638E,0x636E,0x7C31,0xB5F8,0xC639,0xAD76,0x9D35,0x9514,
  0x8472,0x7C10,0x73F0,0x8492,0x8C93,0xA555,0xB5F8,0xA576,0x94D3,0x8CB3,0x8493,0x8C93,
  0x8CB3,0x7C52,0x73F0,0x8CB3,0x7411,0x5B6F,0x5B4E,0x534E,0x4B0D,0x42AC,0x428C,0x428C,
  0x428C,0x428C,0x42AC,0x3A6B,0x3A4A,0x322A,0x322A,0x322A,0x322A,0x322A,0x322A,0x3A2A,
  0x3A2A,0x322A,0x322A,0x322A,0x320A,0x320A,0x3209,0x320A,0x320A,0x31E9,0x29E9,0x29E9,
  0x29E9,0x31E9,0x31E9,0x29A7,0x2166,0x1925,0x1925,0x2166,0x29C8,0x29A8,0x29A8,0x29A8,
  0x29C9,0x29C9,0x31E9,0x31E9,0x31E8,0x29A7,0x3209,0x31C8,0x2187,0x2167,0x2167,0x2166,
  0x2146,0x2146,0x2166,0x2166,0x2146,0x1946,0x2146,0x2146,0x1926,0x1926,0x1926,0x1925,
  0x1925,0x1925,0x1925,0x1925,0x1905,0x1905,0x1905,0x18E5,0x18E4,0x18E4,0x18E4,0x18E4,
  0x18E4,0x18E4,0x18E4,0x18E5,0x2126,0x2166,0x2146,0x2146,0x1905,0x18E5,0x10E4,0x10E4,
  0x1105,0x1105,0x1105,0x1925,0x1904,0x0862,0x0021,0x0021,0x0021,0x0021,0x0041,0x0021,
  0x0041,0x0021,0x0021,0x0021,0x0021,0x0021,0x10C3,0x2966,0x10C4,0x2986,0x18E4,0x0021,
  0x0001,0x0001,0x0041,0x10C3,0x0041,0x0862,0x0862,0x0882,0x10C3,0x0862,0x0841,0x0861,
  0x0861,0x10A2,0x2124,0x31C8,0x29C9,0x29E8,0x29E8,0x29E9,0x3209,0x320A,0x3A6B,0x428C,
  0x428B,0x42AC,0x42AC,0x42AC,0x42AC,0x42AC,0x4ACC,0x4ACC,0x52EC,0x2966,0x0041,0x1082,
  0x0861,0x0020,0x0000,0x0000,0x0000,0x0862,0x0841,0x0020,0x0041,0x0841,0x0041,0x0000,
  0x0021,0x0021,0x0020,0x0000,0x0000,0x0020,0x0000,0x0000,0x0020,0x0020,0x0000,0x0000,
  0x0000,0x0021,0x0861,0x0841,0x18C3,0x18C3,0x20E3,0x0840,0x4208,0x52AA,0x7BAE,0x9491,
  0xC5D6,0xA4D2,0x9491,0x4A69,0x42CC,0x3A8C,0x3A6B,0x3A6B,0x3A6B,0x428B,0x42AB,0x4ACC,
  0x638F,0x7C52,0x6BAF,0x636E,0x636E,0x94D3,0xBE19,0xD6FC,0xADB7,0x73F0,0x73D0,0x7C31,
  0xAD96,0xCE9A,0x9D14,0x7C31,0x638E,0x638E,0x8CB3,0xC65A,0xBE19,0xB5B7,0xAD97,0xA555,
  0x94F4,0x8452,0x94D4,0xA556,0xA576,0xB5D7,0xB5D7,0xB5D7,0xAD97,0xAD97,0x9D35,0xA576,
  0xA597,0x94F4,0x8CD4,0x73F1,0x5B4E,0x5B4E,0x63B0,0x5B6E,0x530D,0x4AEC,0x42AC,0x4AED,
  0x4ACD,0x428C,0x428C,0x3A6B,0x3A4A,0x322A,0x322A,0x322A,0x322A,0x322A,0x322A,0x3A0A,
  0x3A0A,0x322A,0x322A,0x320A,0x3209,0x3209,0x3209,0x3209,0x2A09,0x29E9,0x29E9,0x29E9,
  0x29E9,0x31E9,0x31E8,0x29A7,0x1905,0x1104,0x10E4,0x1905,0x29A7,0x29A7,0x29A8,0x29A8,
  0x29A8,0x29A8,0x29C9,0x29C8,0x31E8,0x29C8,0x29A8,0x29C8,0x3A09,0x29A8,0x2167,0x2167,
  0x2166,0x2166,0x2166,0x2166,0x2146,0x1946,0x1926,0x2126,0x2126,0x1926,0x1926,0x1925,
  0x1925,0x1925,0x1905,0x1905,0x1905,0x1905,0x1905,0x18E5,0x18E5,0x10E4,0x10E4,0x18E4,
  0x18E4,0x18E4,0x18E4,0x18E5,0x1905,0x2146,0x2146,0x2146,0x1905,0x10E4,0x18E4,0x18E4,
  0x1105,0x1105,0x1105,0x1105,0x1905,0x18E4,0x0882,0x0041,0x0021,0x0021,0x0021,0x0041,
  0x0882,0x0041,0x0021,0x0021,0x0862,0x0041,0x0041,0x0882,0x0882,0x0862,0x0882,0x0021,
  0x0862,0x0882,0x0021,0x0882,0x0862,0x08A3,0x0862,0x18E4,0x10C4,0x10A3,0x0841,0x0841,
  0x0861,0x0020,0x0000,0x2146,0x29E9,0x29E8,0x3209,0x3209,0x322A,0x3A2A,0x3A6B,0x428B,
  0x428B,0x42AC,0x42AC,0x42AC,0x42AB,0x4ACC,0x4ACC,0x52ED,0x31E8,0x0882,0x0882,0x0882,
  0x0021,0x0000,0x0000,0x0000,0x0041,0x0882,0x0021,0x0000,0x0021,0x0882,0x0041,0x0021,
  0x0841,0x0041,0x0021,0x0020,0x0020,0x0041,0x0020,0x0000,0x0041,0x0862,0x0841,0x0000,
  0x0000,0x0000,0x0021,0x0841,0x1062,0x0841,0x0841,0x0000,0x18C3,0x18C3,0x3185,0x630C,
  0x630B,0x5289,0x6B4C,0x4A89,0x3A4A,0x42AC,0x3A6B,0x3A6B,0x3A6B,0x428B,0x42AC,0x4AEC,
  0x6BD0,0x73F1,0x7C32,0x7C31,0x8472,0xBE18,0xCE9A,0xCE9A,0xC67A,0xAD96,0x8492,0x94D3,
  0xCE9B,0xDEFC,0xB5D7,0x8472,0x8CB3,0x8472,0x94F4,0xAD96,0xB5B7,0xB5B7,0xADB7,0xADB7,
  0xA555,0x94D3,0xA555,0xB5D8,0xB5F8,0xBE18,0xBE18,0xB5F7,0xB5F8,0xB5D8,0xAD77,0x9515,
  0xA577,0xA597,0x8472,0x6BD0,0x63AF,0x73F1,0x8493,0x63AF,0x4B0D,0x4B0D,0x530D,0x530D,
  0x42AC,0x4ACC,0x42AC,0x3A6B,0x3A4A,0x322A,0x322A,0x322A,0x322A,0x322A,0x322A,0x320A,
  0x320A,0x320A,0x320A,0x3209,0x3209,0x3209,0x3209,0x31E9,0x31E9,0x29E9,0x29E9,0x31E9,
  0x31C9,0x31E9,0x31E9,0x31C8,0x1905,0x10E4,0x10E4,0x10E4,0x2146,0x2987,0x29A8,0x29A8,
  0x29A8,0x29A8,0x29A8,0x29C8,0x29E8,0x29C8,0x29C8,0x29A8,0x31C9,0x29A8,0x2187,0x2167,
  0x2167,0x2167,0x2167,0x2166,0x2166,0x2146,0x2166,0x1926,0x1905,0x1925,0x1925,0x1925,
  0x1925,0x1925,0x1905,0x1905,0x1905,0x1905,0x18E5,0x1905,0x18E5,0x18E4,0x18E4,0x18E5,
  0x1905,0x1905,0x18E5,0x18E5,0x1905,0x2146,0x2146,0x1925,0x18E5,0x18E4,0x18E4,0x18E4,
  0x1105,0x1105,0x1105,0x1905,0x1905,0x1905,0x1905,0x08A3,0x0042,0x0021,0x0001,0x0862,
  0x1082,0x0862,0x0841,0x0041,0x0862,0x0882,0x0862,0x0021,0x0041,0x0841,0x0882,0x2125,
  0x1905,0x1925,0x10C4,0x18E4,0x08A3,0x0862,0x10A3,0x2145,0x10C3,0x10A2,0x0861,0x0862,
  0x0041,0x0000,0x08A3,0x31C8,0x29C8,0x29E8,0x29E9,0x3209,0x3A2A,0x3A4A,0x3A6B,0x426B,
  0x426B,0x426B,0x428B,0x428B,0x428B,0x4AAC,0x52EC,0x29C8,0x10C3,0x0882,0x0862,0x0021,
  0x0020,0x0000,0x0021,0x0000,0x0862,0x0882,0x0000,0x0021,0x0841,0x0841,0x0020,0x0041,
  0x0862,0x0842,0x0862,0x10A2,0x0861,0x0020,0x0020,0x0021,0x0862,0x10A2,0x1082,0x0000,
  0x0000,0x0000,0x0000,0x0021,0x0000,0x0020,0x0000,0x0000,0x0841,0x1082,0x2924,0x39C6,
  0x3165,0x1081,0x18A2,0x4228,0x42AB,0x3A6B,0x428B,0x3A6B,0x3A6B,0x428B,0x42AC,0x5B4E,
  0x7411,0x7411,0x7411,0x8C93,0xB5D7,0xBE18,0xBDF8,0xA555,0xB5D7,0xAD96,0xB5B7,0xAD96,
  0xC659,0xCE7A,0xBE18,0xB5D7,0xAD96,0xA555,0xADB7,0xBDF8,0xBE18,0xBDF8,0xADB7,0xB5D7,
  0xAD76,0xA556,0xB5D7,0xB5F8,0xBE18,0xC639,0xC679,0xBE39,0xB5D7,0x8CB3,0x73D0,0x73F1,
  0xA597,0x9D56,0x73F1,0x63AF,0x7411,0x7411,0x7432,0x63AF,0x530D,0x530D,0x530E,0x4AED,
  0x42AC,0x42AC,0x428B,0x3A6B,0x3A4A,0x322A,0x322A,0x322A,0x322A,0x322A,0x322A,0x322A,
  0x320A,0x3209,0x3209,0x3209,0x3209,0x31E9,0x31E9,0x31E9,0x29E9,0x31E9,0x29C9,0x31C9,
  0x31C8,0x31E9,0x31E9,0x31C8,0x10E5,0x08A4,0x10E4,0x1905,0x10C4,0x2167,0x31A8,0x2988,
  0x2988,0x29A8,0x29A8,0x29A8,0x29C8,0x29C8,0x29C8,0x29A8,0x29A8,0x2187,0x2187,0x2987,
  0x2167,0x2167,0x2167,0x2167,0x2166,0x2146,0x31E9,0x4A8B,0x29A7,0x1925,0x1925,0x1925,
  0x1925,0x1905,0x1926,0x2166,0x1925,0x1905,0x1905,0x18E5,0x18E4,0x18E4,0x18E5,0x1905,
  0x1905,0x1905,0x1905,0x1905,0x1905,0x2125,0x1905,0x18E5,0x10C4,0x10C4,0x10C4,0x10C4,
  0x1105,0x1105,0x1105,0x1905,0x1925,0x1926,0x1925,0x1905,0x10E4,0x0882,0x0021,0x0062,
  0x0041,0x0041,0x0862,0x0041,0x0020,0x0020,0x0041,0x10A3,0x0041,0x0041,0x0021,0x0021,
  0x0862,0x0883,0x10E4,0x2986,0x2125,0x1904,0x2125,0x10A2,0x0861,0x10A2,0x10C3,0x2965,
  0x2986,0x0021,0x1905,0x31E8,0x29C8,0x31E8,0x31E9,0x3209,0x3A2A,0x3A4A,0x3A6A,0x428B,
  0x428B,0x428B,0x428B,0x428B,0x428B,0x4ACC,0x5B2D,0x31E8,0x0883,0x0882,0x0041,0x0021,
  0x0020,0x0000,0x0842,0x0842,0x10A3,0x0841,0x0000,0x0020,0x0041,0x0021,0x0000,0x0841,
  0x0862,0x0862,0x0882,0x18E3,0x2104,0x0882,0x0861,0x0862,0x0862,0x1082,0x0841,0x0000,
  0x0000,0x0000,0x0020,0x0821,0x1082,0x10A2,0x1082,0x0000,0x0841,0x1082,0x1082,0x0861,
  0x39C6,0x18A2,0x0820,0x4249,0x530D,0x428B,0x428B,0x428B,0x428B,0x428B,0x4ACC,0x63AF,
  0x638F,0x63AF,0x7C31,0xBE18,0xCE7A,0xB5D7,0xAD76,0x94B3,0x7BF0,0x8C72,0xAD56,0xC659,
  0xDF1C,0xD6DA,0xCE99,0xCE9A,0xC659,0xBE18,0xC639,0xBE19,0xB5D7,0xBE18,0xAD96,0x94D3,
  0x9D15,0xB5B7,0xBDF8,0xBE18,0xBE18,0xBDF7,0xB5F8,0xA555,0xADB7,0x9D56,0x638F,0x73F1,
  0x8CB3,0x7C52,0x638F,0x638F,0x63B0,0x7432,0x7411,0x4AED,0x4AED,0x532E,0x532E,0x4ACC,
  0x428B,0x3A6B,0x3A4A,0x3A4A,0x3A4A,0x322A,0x322A,0x322A,0x322A,0x322A,0x322A,0x3209,
  0x3209,0x3209,0x31E9,0x31E9,0x31E9,0x31E9,0x31E9,0x31E9,0x29E8,0x29C8,0x29C8,0x31C9,
  0x31C8,0x31C8,0x29C8,0x31E8,0x2146,0x08A3,0x10A3,0x10C4,0x10A4,0x10C4,0x2988,0x2987,
  0x2987,0x29A8,0x29A8,0x29A8,0x29A8,0x29A8,0x29A8,0x29A8,0x29A8,0x2987,0x2987,0x2987,
  0x2187,0x2167,0x2167,0x2167,0x2167,0x2166,0x2166,0x31E8,0x3A09,0x2166,0x1926,0x1925,
  0x1925,0x1905,0x2166,0x29A7,0x2126,0x1905,0x1905,0x1905,0x18E5,0x1905,0x1905,0x2126,
  0x1925,0x1925,0x1925,0x1925,0x1925,0x1905,0x1905,0x18E4,0x10C4,0x10C4,0x10C4,0x10C4,
  0x1105,0x1105,0x1905,0x1905,0x1926,0x1926,0x1925,0x1925,0x1925,0x1905,0x10C4,0x0862,
  0x08A3,0x0862,0x0041,0x0862,0x0020,0x0020,0x0041,0x0882,0x0861,0x0041,0x0041,0x0021,
  0x0021,0x0021,0x0021,0x0882,0x08A3,0x2986,0x18E4,0x0000,0x10C3,0x2966,0x1904,0x1904,
  0x31A7,0x4A6A,0x3A08,0x29A8,0x29C8,0x31E9,0x31E9,0x320A,0x3A2A,0x3A2A,0x3A4A,0x428B,
  0x428B,0x42AB,0x42AC,0x4ACC,0x4ACC,0x530D,0x4AAB,0x10E4,0x0862,0x0841,0x0841,0x0021,
  0x0021,0x0862,0x0862,0x1083,0x1083,0x0020,0x0000,0x0020,0x0020,0x0020,0x0020,0x0041,
  0x0842,0x0041,0x0841,0x0861,0x2124,0x2145,0x10A3,0x1082,0x18E4,0x2125,0x1904,0x10A3,
  0x0841,0x0861,0x0862,0x1082,0x41E8,0x39E7,0x10A2,0x0000,0x0841,0x10A2,0x1082,0x0000,
  0x2945,0x2103,0x20E3,0x634D,0x52ED,0x42AC,0x42AC,0x42AC,0x42AC,0x42AC,0x4ACC,0x6BD0,
  0x5B6E,0x532D,0x7411,0xCEBA,0xDF1C,0xD6DB,0xC639,0x9D14,0x9CF4,0xBDD8,0xCE7A,0xD6FB,
  0xDF1B,0xD6BA,0xE73C,0xCEBA,0xBE38,0xC679,0xC659,0xBDF8,0xAD96,0xA576,0x94D4,0x8431,
  0x8CB3,0xA555,0xB5B7,0xBE18,0xBE38,0xC638,0xA555,0x6B8F,0x8CB3,0x7C11,0x5B4E,0x532D,
  0x638F,0x7411,0x5B6F,0x5B6E,0x63B0,0x7411,0x530D,0x4ACC,0x5B6F,0x5B4E,0x4B0D,0x428C,
  0x3A6B,0x3A6B,0x3A4A,0x3A4A,0x322A,0x322A,0x322A,0x322A,0x322A,0x322A,0x320A,0x3209,
  0x31E9,0x31E9,0x29E9,0x29E9,0x31E9,0x29E9,0x29E9,0x29E8,0x29E8,0x29C8,0x31C8,0x31A8,
  0x29A8,0x29C8,0x29C8,0x29C8,0x2186,0x08A3,0x08A3,0x10A4,0x0883,0x10C4,0x2987,0x2987,
  0x21A7,0x29A8,0x29A8,0x29A8,0x29A8,0x29A8,0x29A8,0x29A8,0x29A8,0x2987,0x2987,0x2187,
  0x2187,0x2167,0x2167,0x2167,0x2167,0x2166,0x2166,0x1945,0x1925,0x2146,0x1925,0x1925,
  0x1925,0x1925,0x1926,0x2987,0x2146,0x1905,0x1925,0x1925,0x18E5,0x1925,0x2166,0x2146,
  0x1925,0x2146,0x2146,0x1925,0x1925,0x1905,0x18E5,0x10E4,0x10C4,0x1905,0x18E5,0x10C4,
  0x1105,0x1905,0x1905,0x1905,0x1905,0x1926,0x1925,0x1925,0x1925,0x1925,0x08A3,0x0041,
  0x0862,0x0862,0x0041,0x0862,0x0020,0x0020,0x0041,0x0862,0x0021,0x0021,0x0862,0x0041,
  0x0041,0x0021,0x0021,0x0041,0x0882,0x10C3,0x0000,0x0883,0x2966,0x3A08,0x3A08,0x31A7,
  0x10A3,0x39E8,0x424A,0x31E8,0x29C8,0x29E9,0x3209,0x320A,0x3A2A,0x322A,0x3A4A,0x3A6A,
  0x426B,0x428B,0x42AC,0x4AAC,0x428B,0x3A29,0x1925,0x0062,0x0862,0x0862,0x0041,0x0021,
  0x0000,0x0041,0x0021,0x18C4,0x0841,0x0000,0x0000,0x0000,0x0020,0x0020,0x0020,0x0021,
  0x0021,0x0021,0x0021,0x0021,0x1082,0x2145,0x2125,0x1904,0x18C4,0x2125,0x2104,0x2945,
  0x18E4,0x10A3,0x2124,0x2124,0x52AA,0x52AA,0x2965,0x0000,0x1061,0x39C7,0x3186,0x0000,
  0x0840,0x0840,0x2945,0x4A69,0x530D,0x4AED,0x4AED,0x530D,0x4ACC,0x4ACC,0x4ACC,0x532D,
  0x530D,0x52EC,0x636E,0xCE7A,0xDF3C,0xCE9A,0xEF5D,0xE73D,0xE71D,0xE6FC,0xE71D,0xE71C,
  0xC638,0xAD95,0xBE18,0xB5B6,0x8C92,0x8472,0x8CD3,0xA576,0xA576,0x94F4,0x8472,0x8472,
  0x94D3,0xAD96,0xB5B7,0xBDF7,0xC659,0xCE59,0x9D35,0x73F0,0x7C52,0x636E,0x5B2E,0x532D,
  0x530D,0x5B6F,0x532D,0x5B4E,0x532D,0x4ACC,0x428B,0x530D,0x532E,0x42AC,0x3A6B,0x3A6B,
  0x3A4B,0x3A4A,0x3A4A,0x322A,0x3A4A,0x322A,0x322A,0x322A,0x322A,0x3209,0x3209,0x3209,
  0x31E9,0x3209,0x31E9,0x31E9,0x29E9,0x29E9,0x29C9,0x29C8,0x29C8,0x29C8,0x31C8,0x29A8,
  0x29A8,0x29C8,0x29C8,0x29C8,0x2187,0x08A3,0x08A3,0x10C4,0x0883,0x10C4,0x2987,0x2987,
  0x29A7,0x29A7,0x2987,0x29A8,0x29A8,0x29A8,0x29A8,0x29A8,0x29A7,0x2987,0x2987,0x2187,
  0x2187,0x2167,0x2167,0x2187,0x2187,0x2166,0x2166,0x2166,0x2146,0x2146,0x1925,0x1925,
  0x1925,0x1925,0x1925,0x2166,0x2987,0x1925,0x1925,0x1905,0x1905,0x2146,0x2966,0x2125,
  0x1905,0x2146,0x2146,0x2146,0x1925,0x1905,0x1905,0x18E4,0x10E4,0x18E5,0x10C4,0x10C4,
  0x1105,0x1925,0x1905,0x1905,0x1925,0x1926,0x1926,0x1925,0x1925,0x2146,0x1905,0x0021,
  0x0021,0x0041,0x0041,0x10A2,0x0041,0x0020,0x0041,0x0862,0x0021,0x0021,0x0041,0x0000,
  0x0020,0x0021,0x0021,0x0021,0x0882,0x0041,0x0021,0x10A3,0x18C4,0x2987,0x29A7,0x1924,
  0x1925,0x10C3,0x10C3,0x3A29,0x4AAB,0x4A8B,0x3A2A,0x3209,0x320A,0x322A,0x322A,0x3A6A,
  0x3A6B,0x428B,0x42AB,0x4ACC,0x428B,0x31A7,0x10C4,0x0862,0x0862,0x0841,0x0021,0x0021,
  0x0000,0x0000,0x1082,0x1082,0x0001,0x0000,0x0000,0x0000,0x0021,0x0021,0x0000,0x0020,
  0x0021,0x0021,0x0021,0x0021,0x0841,0x10A3,0x2104,0x39C7,0x18E4,0x2125,0x3186,0x18E4,
  0x0862,0x2104,0x3186,0x4A6A,0x39E7,0x2945,0x738E,0x39C7,0x10A2,0x3145,0x4207,0x3165,
  0x0861,0x0820,0x3986,0x4228,0x530D,0x4AED,0x530D,0x5B6E,0x532E,0x4AEC,0x52ED,0x4B0D,
  0x52EC,0x4ACC,0x5B4E,0xC659,0xDF3C,0xB5D7,0xA555,0xB5B7,0xCE7A,0xC618,0xDEBB,0xD6DB,
  0xD6BA,0xBE18,0x94B2,0x94F4,0x7C31,0x6BAF,0x7411,0x7C52,0x7C31,0x8452,0x8492,0x94D4,
  0x94F4,0xA555,0xBE18,0xCE7A,0xCE7A,0xBDF8,0x94D3,0x63AF,0x73F0,0x5B6E,0x532D,0x530D,
  0x530D,0x4AED,0x4AED,0x4AEC,0x42AC,0x42AC,0x42AC,0x4ACD,0x42AC,0x3A6B,0x3A6B,0x3A4A,
  0x3A4A,0x322A,0x322A,0x322A,0x322A,0x322A,0x320A,0x3209,0x3209,0x3209,0x3209,0x3209,
  0x3209,0x3209,0x3209,0x31E9,0x31E9,0x29C9,0x29C9,0x29C8,0x29C8,0x29C8,0x29C8,0x29C8,
  0x29A8,0x29A8,0x29C8,0x29A8,0x29A8,0x1905,0x0883,0x10A4,0x0883,0x0883,0x2146,0x2987,
  0x2146,0x2987,0x2987,0x29A7,0x29A7,0x29A7,0x29A7,0x29A7,0x2987,0x2987,0x2987,0x2987,
  0x2987,0x2187,0x2187,0x2187,0x2187,0x2187,0x2186,0x2166,0x2146,0x2146,0x2146,0x1925,
  0x1925,0x2146,0x1926,0x2146,0x2987,0x2967,0x2126,0x1905,0x1905,0x2126,0x1925,0x1925,
  0x2146,0x2146,0x2146,0x1925,0x1905,0x1905,0x1905,0x18E5,0x18E4,0x10C4,0x10C4,0x10C4,
  0x1105,0x1925,0x1925,0x1925,0x1925,0x1926,0x1926,0x1926,0x1925,0x2166,0x1925,0x0021,
  0x0021,0x0021,0x0021,0x0882,0x18E4,0x0000,0x0041,0x0021,0x0000,0x0000,0x0021,0x0041,
  0x0882,0x0041,0x0021,0x0041,0x0882,0x0000,0x0842,0x0862,0x0862,0x10A3,0x08A2,0x2145,
  0x3A29,0x2125,0x10C4,0x18E4,0x18C3,0x1081,0x10C3,0x31E9,0x320A,0x322A,0x322A,0x3A6A,
  0x42AB,0x3A6A,0x3A4A,0x3A4A,0x2186,0x18E4,0x0862,0x0041,0x0841,0x0862,0x0041,0x0021,
  0x0000,0x0021,0x0862,0x0041,0x0021,0x0000,0x0000,0x0020,0x0021,0x0021,0x0020,0x0000,
  0x0021,0x0021,0x0021,0x0021,0x0021,0x1082,0x1082,0x2145,0x1904,0x18C3,0x1082,0x0862,
  0x18E4,0x3186,0x528A,0x73AE,0x738E,0x39E7,0x5ACA,0x5289,0x41E7,0x41C6,0x62EB,0x83EF,
  0x39A6,0x3165,0x528A,0x630C,0x5B2D,0x530D,0x530D,0x5B4E,0x6BB0,0x5B6E,0x532D,0x5B4E,
  0x638F,0x73F0,0x73D0,0xCE9A,0xBE18,0x7C30,0x52EC,0x8472,0x73F0,0x5B6D,0x7410,0xB5D7,
  0xE75D,0xB5D7,0xADB6,0xA555,0x7C51,0x7411,0x7411,0x7411,0x6BD0,0x7C31,0xA556,0xAD96,
  0x9D14,0xA555,0xC639,0xCE7A,0xD69A,0xCE7A,0x8CB3,0x4AEC,0x638F,0x638F,0x5B2E,0x530D,
  0x4AED,0x4ACD,0x42CC,0x42AB,0x428B,0x42AC,0x428C,0x428C,0x428C,0x3A6B,0x3A4A,0x322A,
  0x322A,0x322A,0x322A,0x322A,0x322A,0x320A,0x3209,0x3209,0x3209,0x3209,0x3209,0x3209,
  0x3209,0x3209,0x31E9,0x31E9,0x3209,0x29C8,0x29C8,0x29C8,0x29C8,0x29C8,0x29C8,0x29C8,
  0x29C8,0x29C8,0x29A8,0x29C8,0x31E8,0x2987,0x08A3,0x08A4,0x08A3,0x0883,0x10E4,0x10E4,
  0x10C4,0x2166,0x2987,0x29A7,0x29A7,0x29A7,0x29A7,0x29A7,0x2987,0x2987,0x2987,0x2987,
  0x2987,0x2187,0x2187,0x2987,0x2987,0x2987,0x2187,0x2166,0x2166,0x2146,0x2146,0x2146,
  0x2146,0x2146,0x2987,0x2987,0x4229,0x31C8,0x2125,0x1925,0x1925,0x2125,0x2126,0x2126,
  0x2126,0x2125,0x1925,0x1905,0x18E4,0x10E4,0x10E4,0x18E4,0x18E4,0x18E4,0x10C4,0x10C4,
  0x1946,0x1925,0x1946,0x1946,0x1926,0x1946,0x1946,0x1946,0x1926,0x1946,0x10C4,0x0062,
  0x0041,0x0862,0x0041,0x0020,0x10C3,0x18E4,0x0861,0x0021,0x0021,0x0841,0x10A3,0x10A3,
  0x0041,0x0021,0x0041,0x0882,0x0862,0x0000,0x0021,0x0841,0x0842,0x0842,0x0041,0x0882,
  0x10C4,0x31A7,0x2145,0x0000,0x0862,0x20E3,0x2104,0x3A09,0x29E9,0x3209,0x322A,0x3A6A,
  0x3A4A,0x3A4A,0x3209,0x1925,0x0082,0x0062,0x0041,0x0862,0x0862,0x0021,0x0841,0x0021,
  0x0021,0x1082,0x0882,0x0041,0x0020,0x0000,0x0020,0x0021,0x0021,0x0862,0x0021,0x0020,
  0x0021,0x0021,0x0000,0x0000,0x0000,0x0000,0x0861,0x10A3,0x10A3,0x0841,0x0862,0x0862,
  0x52AB,0x31A7,0x0861,0x3186,0x8C50,0x5ACA,0x18C2,0x39E7,0x736C,0x62EA,0x7B8D,0x9471,
  0x5ACA,0x630C,0x62EC,0x632D,0x636E,0x5B8F,0x5B6F,0x6BF0,0x7431,0x6BAF,0x7C51,0xB5F8,
  0xC69A,0xC67A,0xA555,0xD6DC,0xD6DC,0x8452,0x636E,0xADD7,0x8451,0x5B4D,0x7410,0xADB6,
  0xCE9A,0xCE7A,0xB5D7,0xAD96,0x9D14,0x94F4,0x8CB2,0x7410,0x73F0,0x94D3,0xBE18,0xC639,
  0xB5D7,0xAD96,0x9D34,0x94D3,0xD6DB,0xB5B7,0x73F0,0x638F,0x6BAF,0x63B0,0x5B4E,0x530D,
  0x4AED,0x4ACC,0x42AC,0x42AB,0x428B,0x428B,0x3A6B,0x3A6A,0x3A6B,0x3A6B,0x3A4A,0x322A,
  0x322A,0x322A,0x320A,0x3209,0x320A,0x3209,0x3209,0x31E9,0x31E9,0x3209,0x3209,0x31E9,
  0x31E9,0x3209,0x31E9,0x31E9,0x31E9,0x29C8,0x29A8,0x29A8,0x29A8,0x29C8,0x29C8,0x29C8,
  0x29C8,0x29A8,0x29C8,0x31E9,0x2987,0x2987,0x2166,0x1905,0x08A3,0x10A4,0x10C4,0x08A3,
  0x1905,0x2987,0x2987,0x2987,0x2987,0x29A7,0x29A7,0x29A7,0x2987,0x2987,0x2987,0x2987,
  0x2987,0x2187,0x2967,0x2987,0x2967,0x2987,0x2987,0x2987,0x2166,0x2166,0x2146,0x2146,
  0x2146,0x2146,0x29A7,0x2987,0x31C8,0x2987,0x1925,0x1925,0x2125,0x2966,0x2146,0x1905,
  0x1905,0x1905,0x1905,0x18E5,0x10E4,0x10E4,0x10C4,0x18C4,0x18E4,0x18E4,0x10C4,0x10C4,
  0x29C8,0x29C8,0x1946,0x1926,0x1926,0x1946,0x1946,0x1946,0x1926,0x2146,0x10C4,0x0882,
  0x0061,0x0882,0x0862,0x0041,0x0000,0x10A3,0x10C3,0x10A3,0x10A3,0x0882,0x0041,0x0000,
  0x0021,0x0041,0x0861,0x0882,0x0021,0x0000,0x0000,0x0021,0x0021,0x0041,0x0021,0x0021,
  0x0883,0x0883,0x0001,0x10A3,0x18C3,0x18C3,0x3165,0x5A8A,0x4AAB,0x3209,0x3209,0x3A4A,
  0x3A4A,0x426A,0x4ACC,0x31E8,0x08A3,0x0062,0x0041,0x0862,0x0021,0x0041,0x0041,0x0021,
  0x0862,0x10A3,0x0841,0x0020,0x0020,0x0020,0x0021,0x0021,0x0842,0x0882,0x0041,0x0041,
  0x0021,0x0021,0x0000,0x0000,0x0000,0x0000,0x0041,0x0041,0x0041,0x0841,0x10A3,0x10C3,
  0x73AE,0x10A2,0x0000,0x0000,0x4A69,0x528A,0x0020,0x630B,0x7BCE,0x9CB2,0x8C0F,0x840F,
  0x39C6,0x9C92,0x62EB,0x4228,0x5B4D,0x5B8F,0x6BF1,0x8CD4,0xB618,0xADB7,0xA576,0xC67A,
  0xA556,0x8431,0x73D0,0xC639,0xC67A,0xBE39,0xA597,0x9D15,0x8C93,0xA555,0xCE9A,0xD6FC,
  0xC659,0xBE18,0xAD96,0xAD96,0xA555,0xB5D7,0x9D35,0x8CB3,0x94F4,0xB5D7,0xC67A,0xC659,
  0xC659,0xCE99,0x9D14,0x8451,0xB5F8,0xCEBB,0xBE19,0x7C11,0x636F,0x638F,0x5B4E,0x530D,
  0x530D,0x530D,0x4AEC,0x42AB,0x3A8B,0x3A6B,0x3A4B,0x3A4A,0x3A4A,0x3A4A,0x3A4A,0x324A,
  0x322A,0x3209,0x3209,0x3209,0x3209,0x3209,0x31E9,0x31E9,0x31E9,0x3209,0x31E9,0x31E9,
  0x31E9,0x31E9,0x31E9,0x29E9,0x29C8,0x29C8,0x29A8,0x29A8,0x29A8,0x29C8,0x29C8,0x29C8,
  0x29C8,0x29C8,0x29C8,0x31C8,0x1946,0x1105,0x2146,0x10E4,0x0883,0x0883,0x08A3,0x10A3,
  0x08A3,0x10C4,0x1926,0x2987,0x2987,0x2987,0x29A7,0x29A7,0x2987,0x2987,0x2987,0x2987,
  0x2187,0x2187,0x2967,0x2967,0x2967,0x2987,0x2987,0x2987,0x2166,0x2166,0x2146,0x2146,
  0x2146,0x2166,0x2166,0x2987,0x2166,0x2146,0x2126,0x2125,0x2966,0x2967,0x2125,0x18E5,
  0x1905,0x1905,0x1905,0x18E4,0x18E4,0x10C4,0x10E4,0x18C4,0x18C4,0x18C4,0x18C4,0x10C4,
  0x2187,0x29A8,0x2187,0x31E8,0x29C8,0x1946,0x1946,0x1946,0x1946,0x2166,0x08A3,0x0882,
  0x0061,0x0862,0x0862,0x0041,0x0021,0x0041,0x0021,0x0000,0x0000,0x0000,0x0000,0x0021,
  0x0862,0x0862,0x0041,0x0861,0x0021,0x0000,0x0001,0x0021,0x0021,0x0021,0x0041,0x0021,
  0x0862,0x0000,0x0841,0x1082,0x1082,0x18E3,0x18C3,0x18C3,0x31A7,0x4AAB,0x52AB,0x42AB,
  0x3A6A,0x4AAB,0x4A8B,0x31C8,0x0883,0x0021,0x0861,0x0021,0x0020,0x0841,0x0021,0x0021,
  0x0862,0x0882,0x0041,0x0021,0x0020,0x0020,0x0021,0x0021,0x0862,0x0862,0x0841,0x0841,
  0x0021,0x0021,0x0000,0x0000,0x0021,0x0021,0x0021,0x0841,0x0862,0x0041,0x0862,0x10C3,
  0x634D,0x39E7,0x0000,0x0020,0x0020,0x3186,0x630C,0xA514,0x630B,0x41E7,0x6B4C,0x6B4C,
  0x8C30,0xA514,0x4208,0x4A6A,0x5B2D,0x5B4E,0x8473,0x9D56,0x94F4,0x9D56,0x638F,0x638F,
  0x94D4,0x73D0,0x4A8B,0x6BB0,0x94D4,0x8CD4,0x73F0,0x6BAF,0x8472,0xADB7,0xD6FC,0xDF1C,
  0xBE19,0xAD96,0xA575,0xAD76,0xAD96,0xAD96,0xAD96,0x9D35,0xAD96,0xB5F8,0xAD96,0xB5F8,
  0xC639,0xCE79,0xB5D7,0x8CB3,0x6BAF,0x8472,0xB5D8,0x7C11,0x636F,0x5B6F,0x532E,0x530D,
  0x530D,0x4AED,0x4AEC,0x42AC,0x3A6B,0x3A6B,0x3A4B,0x3A4A,0x3A4A,0x3A2A,0x3A2A,0x3A2A,
  0x322A,0x3209,0x3209,0x3209,0x3209,0x3209,0x31E9,0x31E9,0x31E9,0x31E9,0x29E9,0x29E9,
  0x29E9,0x29C9,0x29E9,0x29C8,0x31E9,0x29C8,0x29C8,0x29A8,0x29C8,0x29C8,0x29C8,0x29C8,
  0x29C8,0x29C8,0x29C8,0x29C8,0x3A09,0x2167,0x10E5,0x10A4,0x10C4,0x10E4,0x10C4,0x10C4,
  0x10A4,0x10A3,0x08A4,0x10E5,0x2146,0x2967,0x2987,0x2987,0x2987,0x2987,0x2987,0x2987,
  0x2987,0x2987,0x2987,0x2987,0x2987,0x2987,0x29A8,0x2987,0x2167,0x2167,0x2146,0x2146,
  0x2146,0x2146,0x2987,0x2987,0x2987,0x2167,0x2967,0x2987,0x2987,0x2987,0x2146,0x18E5,
  0x1905,0x1905,0x1905,0x18E4,0x18E4,0x18C4,0x18C4,0x18C4,0x18C4,0x18C4,0x18C4,0x10C4,
  0x1966,0x1946,0x2166,0x3209,0x428B,0x31E8,0x2187,0x2166,0x2166,0x2146,0x0062,0x0862,
  0x0061,0x0862,0x0882,0x0041,0x0862,0x0041,0x0021,0x0041,0x0041,0x0041,0x0841,0x0821,
  0x0841,0x0882,0x0862,0x0041,0x0000,0x0000,0x0041,0x1082,0x0020,0x0000,0x0020,0x0020,
  0x0021,0x0000,0x0021,0x0041,0x0041,0x1082,0x18C3,0x18E4,0x0862,0x0862,0x2966,0x39E8,
  0x4A6B,0x52CC,0x424A,0x4A6A,0x10C4,0x0021,0x0041,0x0000,0x0021,0x0021,0x0021,0x0021,
  0x0862,0x0862,0x0041,0x0000,0x0000,0x0020,0x0021,0x0862,0x0862,0x0841,0x0841,0x0841,
  0x0841,0x0021,0x0021,0x0021,0x0862,0x0862,0x0041,0x1083,0x0862,0x0862,0x0001,0x0020,
  0x18E3,0x52AA,0x31A6,0x0841,0x0000,0x0000,0x6B2C,0x39C7,0x0020,0x0000,0x62EB,0x9CD2,
  0x62EB,0x52AA,0x3A08,0x6B6E,0x5B2D,0x532E,0x6BD0,0x6BD0,0x532D,0x636E,0x6BAF,0x8CB3,
  0xB619,0x8CB3,0x4AAB,0x5B4E,0x7C31,0x5B2D,0x532D,0x5B4E,0x6BAF,0x8472,0xB5F8,0xD6BB,
  0xAD97,0xA535,0xA575,0xAD76,0xB5D7,0xB5D7,0xB5F8,0x9D14,0x9D35,0xA576,0xAD96,0xA596,
  0x8451,0x6BCF,0x638F,0x5B4E,0x530D,0x8472,0x7C31,0x636E,0x5B4E,0x5B2E,0x530E,0x530D,
  0x4AEC,0x42CC,0x42AC,0x42AC,0x428B,0x3A6B,0x3A6B,0x3A4A,0x3A4A,0x3A2A,0x3A2A,0x322A,
  0x322A,0x320A,0x320A,0x320A,0x320A,0x320A,0x3209,0x31E9,0x31E9,0x29E9,0x29E9,0x29E9,
  0x29E9,0x29E9,0x29E9,0x31E9,0x31E9,0x29C8,0x29C8,0x29A8,0x29C8,0x29C8,0x29C8,0x29C8,
  0x29C8,0x29C8,0x29C8,0x31C8,0x2987,0x10C4,0x1905,0x10C4,0x2146,0x29A7,0x2146,0x1905,
  0x10C4,0x10C4,0x10C4,0x10C4,0x10C4,0x2146,0x2987,0x2987,0x2987,0x2987,0x2987,0x2987,
  0x31C8,0x31C8,0x2987,0x2987,0x2987,0x29A8,0x31A8,0x2967,0x2967,0x2967,0x2167,0x2146,
  0x2146,0x2146,0x2987,0x31A8,0x31A8,0x31C8,0x31E8,0x31C8,0x2987,0x2146,0x2146,0x2125,
  0x2126,0x1905,0x18E4,0x10E4,0x18E4,0x18C4,0x18C4,0x18C4,0x18C4,0x18C4,0x18C4,0x10C4,
  0x1946,0x1946,0x1946,0x1946,0x29C8,0x31E8,0x29A7,0x2187,0x29A7,0x2146,0x0062,0x0862,
  0x0862,0x0862,0x0862,0x10A3,0x0041,0x0041,0x0862,0x0862,0x0862,0x0041,0x0841,0x0021,
  0x0000,0x0021,0x0882,0x0841,0x0000,0x0000,0x0000,0x0020,0x0000,0x0000,0x0020,0x0020,
  0x0021,0x0021,0x0021,0x0021,0x0021,0x0841,0x0882,0x0882,0x18E4,0x18C3,0x10A3,0x18E4,
  0x4209,0x4A6A,0x424A,0x31A7,0x10A3,0x0041,0x0021,0x0000,0x0861,0x0841,0x0021,0x0021,
  0x0841,0x0841,0x0000,0x0020,0x0021,0x0841,0x0841,0x0862,0x0841,0x0882,0x0841,0x0841,
  0x0841,0x0021,0x0021,0x0021,0x0882,0x0862,0x0862,0x0862,0x0882,0x10A3,0x10A3,0x0041,
  0x0020,0x0841,0x632D,0x632C,0x10A2,0x0000,0x31A6,0x0000,0x0861,0x0020,0x31A6,0x6B6D,
  0x18C2,0x39E7,0x4228,0x52EB,0x4ACC,0x4ACC,0x4ACC,0x4AEC,0x4AEC,0x5B2D,0x73F1,0x8CB4,
  0xB619,0x94D4,0x52EC,0x530D,0x532D,0x532D,0x530D,0x5B4E,0x5B4E,0x73F0,0x8CB3,0xAD96,
  0xB5B7,0x7C10,0x94D3,0xB5D7,0xBE38,0xBE18,0x9D14,0x9D35,0x94F4,0xA576,0x9D35,0x636E,
  0x532D,0x5B6E,0x5B6F,0x63B0,0x7411,0x638F,0x5B4E,0x5B2D,0x532D,0x5B2E,0x530E,0x4AED,
  0x4ACC,0x42AC,0x4ACC,0x42AC,0x428B,0x42AC,0x4ACC,0x426B,0x3A4A,0x3A4A,0x3A2A,0x322A,
  0x320A,0x3209,0x3209,0x3209,0x3209,0x3209,0x3209,0x31E9,0x31E9,0x29E9,0x29E9,0x29E8,
  0x29E8,0x29E9,0x29C9,0x29C8,0x29C8,0x29C8,0x29C8,0x29C8,0x29C8,0x29C8,0x29C8,0x29C8,
  0x29C8,0x29C8,0x29C8,0x31C8,0x2166,0x1905,0x1925,0x10E5,0x2166,0x29A7,0x31C8,0x2987,
  0x2146,0x1905,0x10E4,0x10C4,0x10E4,0x2146,0x29A7,0x2987,0x2987,0x2987,0x2987,0x2987,
  0x2987,0x31C8,0x29A8,0x2987,0x2987,0x29A7,0x2987,0x2987,0x2966,0x2966,0x2146,0x2166,
  0x2146,0x2967,0x29A7,0x31C8,0x3209,0x3A09,0x31E9,0x31A8,0x2167,0x2146,0x1905,0x2125,
  0x1925,0x18E4,0x18E4,0x18E4,0x18E4,0x18C4,0x18C4,0x18C4,0x18C4,0x10E4,0x10C4,0x10C4,
  0x1946,0x1946,0x1966,0x2167,0x2167,0x2167,0x2166,0x2166,0x31C8,0x10E4,0x0883,0x0862,
  0x0882,0x0041,0x0041,0x10A3,0x10C4,0x0883,0x10A3,0x0041,0x0041,0x0862,0x0021,0x0041,
  0x0862,0x0861,0x0041,0x0021,0x0000,0x0000,0x0000,0x0020,0x0020,0x0000,0x0020,0x0020,
  0x0021,0x0021,0x0021,0x0021,0x0021,0x0021,0x0841,0x0841,0x0041,0x1082,0x31A7,0x39E8,
  0x2946,0x31A7,0x2125,0x10C3,0x0882,0x0841,0x0020,0x0841,0x0841,0x0021,0x0021,0x0021,
  0x0041,0x0020,0x0020,0x0021,0x0041,0x0862,0x0841,0x0862,0x0862,0x0041,0x0841,0x0882,
  0x0841,0x0862,0x0021,0x0021,0x0862,0x10A3,0x0862,0x10A3,0x18E4,0x10A3,0x18E4,0x1904,
  0x0882,0x0861,0x18E3,0x4208,0x73AE,0x528A,0x3186,0x39A6,0x2124,0x2965,0x840F,0x9471,
  0x2103,0x2965,0x2125,0x4AAB,0x4AAB,0x42AC,0x42AC,0x4AAC,0x4AAC,0x530D,0x6BAF,0x73D0,
  0x7C52,0x8493,0x52EC,0x530D,0x4AEC,0x4B0D,0x4B0D,0x534E,0x5B4D,0x638E,0x8451,0xA576,
  0x94B3,0x6B8E,0x8C92,0xBE18,0xD6DB,0xCE9A,0xC67A,0xADB7,0x8CB3,0x9515,0x73F0,0x5B2D,
  0x638F,0x638F,0x6BF0,0x8493,0x5B6E,0x4AED,0x530D,0x4AEC,0x5B4E,0x5B6F,0x4AED,0x4ACC,
  0x42AC,0x4ACC,0x5B4E,0x530D,0x42AC,0x42AC,0x4AED,0x4ACC,0x3A4B,0x3A2A,0x3A2A,0x322A,
  0x3209,0x3209,0x3209,0x3209,0x3209,0x3209,0x31E9,0x31E9,0x31E9,0x29E9,0x29E8,0x29E8,
  0x29E8,0x29E8,0x29C9,0x29C8,0x29A8,0x29C8,0x29C8,0x31E9,0x31E8,0x29C8,0x31E9,0x29C8,
  0x29C8,0x29A8,0x29A8,0x31A8,0x31A8,0x29A8,0x2987,0x2987,0x29A7,0x29A7,0x29A7,0x31C8,
  0x31C8,0x29A7,0x2166,0x1926,0x2167,0x2987,0x2987,0x29A7,0x29A8,0x29A8,0x29A7,0x29A7,
  0x2987,0x2987,0x29A7,0x2987,0x2987,0x2987,0x2987,0x2966,0x2966,0x2966,0x2146,0x2166,
  0x2166,0x31A7,0x3A09,0x3209,0x3209,0x3A09,0x31E9,0x2987,0x2146,0x1925,0x1905,0x1905,
  0x18E5,0x18E5,0x18E5,0x18E4,0x18E4,0x18C4,0x18C4,0x18C4,0x10E4,0x10E4,0x10C4,0x10C4,
  0x2167,0x2187,0x2167,0x2167,0x2167,0x2167,0x2167,0x2167,0x29C8,0x0862,0x0883,0x0882,
  0x0861,0x0041,0x0041,0x10A3,0x1904,0x0882,0x0041,0x0041,0x0041,0x0882,0x0862,0x0862,
  0x0882,0x0882,0x0041,0x0020,0x0020,0x0000,0x0020,0x0861,0x0882,0x0041,0x0841,0x0021,
  0x0021,0x0841,0x0862,0x0021,0x0020,0x0000,0x0841,0x0041,0x0021,0x0841,0x10A3,0x2125,
  0x2125,0x10A2,0x0021,0x0861,0x1082,0x0020,0x0021,0x0841,0x0021,0x0021,0x0000,0x0021,
  0x0021,0x0020,0x0041,0x0021,0x0841,0x0842,0x0842,0x0021,0x0021,0x0021,0x0861,0x0862,
  0x0862,0x0841,0x0021,0x0021,0x0041,0x0883,0x1904,0x1904,0x10E4,0x18E4,0x10A3,0x0882,
  0x0882,0x0882,0x10A3,0x2104,0x62EC,0x9CB2,0x6B4D,0x738E,0x52AA,0x630B,0xB5B6,0x630B,
  0x1081,0x1081,0x18C3,0x4ACB,0x42AC,0x42AB,0x42AB,0x4AAC,0x4AAC,0x530D,0x638F,0x73F1,
  0x8472,0x8452,0x4AEC,0x4ACC,0x4AEC,0x4AED,0x530D,0x532D,0x5B6E,0x636E,0x7C51,0x9CF4,
  0x8431,0x8C92,0xBE18,0xDEFC,0xD6BB,0xAD76,0xA576,0x8452,0x73F1,0x636F,0x5B4E,0x636F,
  0x638F,0x636E,0x6BF0,0x6BF1,0x52ED,0x4AED,0x4AED,0x4AED,0x4AED,0x4AED,0x4ACC,0x42AC,
  0x42AC,0x42AC,0x42AC,0x530D,0x42AC,0x428B,0x428B,0x428C,0x3A4B,0x3A2A,0x3A2A,0x322A,
  0x3209,0x3209,0x3209,0x3209,0x3209,0x3209,0x31E9,0x31E9,0x31E9,0x29E9,0x29E8,0x29E8,
  0x29E8,0x29E8,0x29C8,0x29C8,0x29C8,0x29C8,0x29C8,0x29C8,0x29C8,0x31E9,0x31E9,0x31C8,
  0x29C8,0x31C8,0x31A8,0x31A8,0x31A8,0x29A8,0x29A7,0x31C8,0x31C8,0x29A8,0x29A8,0x29A8,
  0x31C8,0x31C8,0x31C8,0x29A8,0x29A7,0x29A7,0x29A7,0x29A8,0x31A8,0x31C8,0x29A8,0x31A8,
  0x31C8,0x31A8,0x29A8,0x29A8,0x29A7,0x29A7,0x29A7,0x2966,0x2966,0x2966,0x2166,0x2966,
  0x2987,0x31A7,0x3A09,0x3A29,0x3A29,0x3A09,0x31C8,0x2167,0x2126,0x1905,0x1905,0x1905,
  0x18E5,0x18E5,0x1905,0x18E4,0x18E4,0x18E4,0x18C4,0x18C4,0x18E4,0x10E4,0x10C4,0x10C4,
  0x2187,0x2187,0x21A8,0x21A8,0x2187,0x2167,0x2167,0x29A8,0x2146,0x0862,0x0842,0x0862,
  0x0862,0x0041,0x0042,0x0862,0x0862,0x0041,0x0042,0x0862,0x0041,0x0042,0x0882,0x10C3,
  0x0882,0x0862,0x0021,0x0021,0x0021,0x0020,0x0041,0x0041,0x2966,0x31A7,0x2104,0x18C3,
  0x0021,0x0862,0x3186,0x10A2,0x0000,0x0841,0x1082,0x0020,0x0021,0x0041,0x0862,0x10A3,
  0x0882,0x0041,0x0841,0x0841,0x0861,0x0841,0x0862,0x0862,0x0000,0x0000,0x0000,0x0020,
  0x0021,0x0041,0x0841,0x0041,0x0021,0x0021,0x0021,0x0021,0x0021,0x0021,0x0841,0x1082,
  0x0882,0x0841,0x0021,0x0041,0x0041,0x08A3,0x2145,0x10C3,0x0882,0x0883,0x0882,0x0862,
  0x0042,0x10A3,0x1082,0x18C3,0x31A7,0x9CD3,0x8C30,0x8C30,0x9491,0xA513,0x7BAE,0x39C6,
  0x3165,0x0841,0x2124,0x5B4D,0x4ACC,0x42AC,0x42AC,0x4AAC,0x4ACC,0x4AED,0x638F,0x7C32,
  0x638F,0x636E,0x530D,0x4AEC,0x4AEC,0x530D,0x532D,0x532D,0x5B4E,0x7410,0xA596,0x9CF4,
  0x8C92,0x9D14,0xD6DB,0xE75D,0xCE9A,0xB5B7,0x8452,0x6BB0,0x638F,0x636F,0x636E,0x6BF0,
  0x7411,0x6BD0,0x5B4E,0x5B4E,0x530D,0x4AEC,0x4ACC,0x4ACC,0x42AC,0x428C,0x42AC,0x42AC,
  0x428C,0x428B,0x4ACC,0x530D,0x42AB,0x428B,0x42AB,0x428B,0x3A6B,0x428B,0x3A4A,0x3A2A,
  0x3229,0x3209,0x3209,0x3209,0x3209,0x3209,0x3209,0x31E9,0x31E9,0x31E9,0x31E9,0x29E9,
  0x29E9,0x31E9,0x31C8,0x31C8,0x31C8,0x29C8,0x29C8,0x29C8,0x31C8,0x31E9,0x29C8,0x31C8,
  0x31C8,0x31C8,0x31A8,0x29A8,0x29A8,0x29A8,0x29A8,0x29A8,0x29A8,0x29A8,0x31C8,0x31C8,
  0x31C8,0x31C8,0x31C8,0x29A8,0x29A8,0x29A8,0x29A8,0x31C8,0x31C8,0x29A8,0x29A8,0x29A7,
  0x29A7,0x29A8,0x29A8,0x29A8,0x29A7,0x29A7,0x31A7,0x3187,0x2966,0x2966,0x2967,0x2987,
  0x31C8,0x3A09,0x3A09,0x3A29,0x3A29,0x3A09,0x31A8,0x2146,0x2126,0x1905,0x1905,0x1905,
  0x18E5,0x18E5,0x18E4,0x1905,0x1905,0x18E4,0x18E4,0x18E4,0x18E4,0x18E4,0x18C4,0x18C4,
  0x2187,0x2187,0x29C8,0x29A8,0x2988,0x2187,0x2187,0x31E8,0x08A3,0x0842,0x0041,0x0862,
  0x0061,0x0041,0x0862,0x0042,0x0042,0x0882,0x0862,0x0042,0x0862,0x0042,0x0841,0x0882,
  0x10A3,0x0021,0x0021,0x0041,0x0862,0x0882,0x0041,0x18E4,0x4A8A,0x52EC,0x4A6A,0x424A,
  0x2125,0x18E4,0x39E7,0x2945,0x18C3,0x20E4,0x1062,0x0000,0x0841,0x18E4,0x18E4,0x2145,
  0x18E4,0x0841,0x0000,0x0021,0x0841,0x0862,0x0862,0x0021,0x0000,0x0000,0x0000,0x0020,
  0x0041,0x0861,0x0862,0x0021,0x0021,0x0000,0x0021,0x0021,0x0021,0x0021,0x0841,0x0882,
  0x1082,0x0841,0x0021,0x0041,0x0062,0x1904,0x1904,0x10A3,0x0862,0x0862,0x0862,0x0042,
  0x0021,0x18C3,0x10C3,0x2125,0x4208,0x7BCF,0x4A28,0x62EB,0xA513,0xBDD6,0xB595,0x7BAE,
  0x3165,0x0841,0x31A6,0x52CC,0x4AAC,0x4AAC,0x42CC,0x4ACC,0x4ACC,0x4ACC,0x532E,0x530D,
  0x4AAC,0x52EC,0x52EC,0x52ED,0x530D,0x530D,0x532D,0x636F,0x638F,0x8CB3,0xB5F8,0xC67A,
  0xCE9A,0xDEFC,0xCE9A,0xD6FB,0xC659,0x9D35,0x8431,0x73D0,0x638F,0x638F,0x638F,0x7411,
  0x7411,0x6BB0,0x5B6E,0x530D,0x52ED,0x4ACC,0x4ACC,0x42AC,0x42AC,0x428B,0x428B,0x428B,
  0x428B,0x426B,0x4AAC,0x4ACC,0x428B,0x428B,0x4AEC,0x4AED,0x4ACC,0x4ACC,0x426B,0x3A4A,
  0x3A2A,0x322A,0x3229,0x3209,0x3209,0x3209,0x3209,0x3209,0x3209,0x3209,0x31E9,0x31E9,
  0x31E9,0x31E9,0x31C9,0x31C9,0x31C9,0x29C8,0x29C8,0x29C8,0x29C8,0x29C8,0x31C8,0x29C8,
  0x31C8,0x31C8,0x29A8,0x29C8,0x29A8,0x29A8,0x29A8,0x29C8,0x29C8,0x31C8,0x31C8,0x31C8,
  0x31C8,0x31C8,0x31C8,0x31C8,0x31C8,0x31C8,0x29C8,0x31E9,0x31C8,0x2167,0x2167,0x2967,
  0x29A7,0x2987,0x2166,0x2167,0x2167,0x29A7,0x31C7,0x2967,0x2946,0x2146,0x2987,0x39E8,
  0x3A09,0x3A29,0x3A09,0x3A2A,0x3A29,0x29C8,0x2166,0x2146,0x2146,0x2146,0x1905,0x1905,
  0x1905,0x18E4,0x18E4,0x18E4,0x1905,0x18E4,0x1905,0x1905,0x18E4,0x18E4,0x18C4,0x18C4,
  0x1966,0x2187,0x29A7,0x29C8,0x29C8,0x2988,0x31C8,0x29A7,0x0062,0x0062,0x0041,0x0061,
  0x0862,0x0862,0x0862,0x0842,0x0862,0x0862,0x0862,0x0041,0x0041,0x0041,0x0862,0x0862,
  0x0861,0x0021,0x0041,0x0861,0x0862,0x1924,0x3A29,0x4AAB,0x3A29,0x4AAB,0x6B6E,0x5B0D,
  0x52CB,0x636D,0x5B0C,0x39E8,0x4A69,0x3186,0x18E4,0x0021,0x0862,0x31A7,0x2945,0x10A3,
  0x1082,0x0882,0x0000,0x0041,0x0021,0x0021,0x0862,0x0041,0x0000,0x0000,0x0000,0x0020,
  0x0041,0x0841,0x0041,0x0000,0x0021,0x0021,0x0021,0x0021,0x0021,0x0021,0x0021,0x0862,
  0x1082,0x0862,0x0841,0x0041,0x10C3,0x1904,0x0883,0x0862,0x0862,0x0042,0x0862,0x0862,
  0x1083,0x18E4,0x2945,0x39E7,0x4A69,0x6B2C,0x8430,0x6B4D,0x840F,0x736C,0x8C50,0x840F,
  0x2945,0x1081,0x4208,0x634D,0x52ED,0x4ACC,0x4ACC,0x4ACC,0x4ACC,0x4ACC,0x4AED,0x4ACC,
  0x4ACC,0x4ACC,0x4AEC,0x530D,0x5B4E,0x5B6E,0x532D,0x73F0,0x8492,0x94F4,0xB5D7,0xAD96,
  0xA555,0xA576,0xC659,0xDEFB,0xB5D7,0xA555,0x8451,0x7C10,0x73F0,0x636F,0x638F,0x6BD0,
  0x6BAF,0x5B6E,0x5B4E,0x530D,0x4AED,0x4ACC,0x4AAC,0x4AAC,0x42AB,0x428B,0x428B,0x428B,
  0x426B,0x426B,0x426B,0x426B,0x426B,0x428B,0x4ACC,0x530D,0x530D,0x4ACC,0x3A6B,0x3A4A,
  0x3A4A,0x3A4A,0x3A2A,0x3229,0x3209,0x3209,0x3209,0x3209,0x3209,0x3209,0x3209,0x31E9,
  0x31E9,0x31E9,0x31E9,0x31E9,0x31E9,0x31C8,0x29C8,0x29C8,0x29C8,0x31C8,0x29C8,0x31C8,
  0x29C8,0x29C8,0x29C8,0x29C8,0x29C8,0x29C8,0x29C8,0x31C8,0x31C8,0x31C8,0x31C8,0x31C8,
  0x31C8,0x31C8,0x31C8,0x31C8,0x31C8,0x31E8,0x31E8,0x31E9,0x29A8,0x2167,0x2167,0x2987,
  0x29A7,0x2967,0x2167,0x2167,0x2167,0x2987,0x2987,0x2146,0x2146,0x2146,0x2987,0x3A09,
  0x3A09,0x3A09,0x3A09,0x3A29,0x3A29,0x2987,0x2146,0x2166,0x2946,0x2126,0x2105,0x2105,
  0x1904,0x18E4,0x18E4,0x18E4,0x18E4,0x18E4,0x1905,0x2125,0x18E4,0x18E4,0x18E4,0x18E4,
  0x1946,0x2166,0x2187,0x2987,0x31C8,0x31C8,0x3A09,0x10E4,0x0041,0x0882,0x0882,0x0882,
  0x0882,0x0062,0x0862,0x0842,0x0042,0x0041,0x0862,0x0862,0x0041,0x0042,0x0862,0x0882,
  0x0041,0x0041,0x0041,0x0862,0x0862,0x31E8,0x52EC,0x5B4E,0x5B0D,0x52AB,0x73D0,0x6B6E,
  0x52EC,0x6B6E,0x632D,0x4A49,0x630C,0x2104,0x18E3,0x31A6,0x2966,0x31A7,0x2125,0x0021,
  0x0021,0x0021,0x0021,0x0041,0x0000,0x0000,0x0041,0x0041,0x0021,0x0000,0x0000,0x0020,
  0x0841,0x0021,0x0020,0x0021,0x0021,0x0841,0x0021,0x0021,0x0021,0x0021,0x0021,0x0862,
  0x10A3,0x0841,0x0021,0x0862,0x18E4,0x10A3,0x0883,0x0862,0x0862,0x0883,0x10A3,0x10C3,
  0x1083,0x1082,0x10A3,0x10A2,0x1081,0x1082,0x3185,0x528A,0xA513,0x9CD2,0x630B,0x738D,
  0x4207,0x2124,0x39E7,0x73AF,0x634E,0x530D,0x530D,0x530D,0x4AED,0x4AED,0x4ACC,0x4AAC,
  0x4ACC,0x4ACC,0x4AEC,0x530D,0x7411,0x7C72,0x6BD0,0x8472,0x9D56,0x9D15,0x7C31,0x636E,
  0x6BCF,0x7C31,0x94D3,0xE73D,0xCE7A,0xD69A,0xBDF8,0x8CB2,0x8452,0x6BAF,0x638F,0x638F,
  0x5B6E,0x5B4E,0x5B2E,0x530D,0x4ACC,0x4ACC,0x4AAC,0x428B,0x428B,0x428B,0x428B,0x428B,
  0x426B,0x3A6B,0x3A4A,0x3A4B,0x3A6B,0x428B,0x4ACC,0x4AEC,0x4ACC,0x428B,0x3A6A,0x3A6A,
  0x3A4A,0x426B,0x426B,0x3A2A,0x322A,0x3209,0x3209,0x3209,0x3209,0x3209,0x3209,0x3209,
  0x3209,0x31E9,0x31E9,0x31E9,0x31E9,0x31E9,0x31E9,0x31E9,0x31E9,0x31C8,0x31C8,0x31C8,
  0x31E8,0x29E8,0x29E8,0x29C8,0x29C8,0x29C8,0x31C8,0x31E8,0x31C8,0x31C8,0x31C8,0x31C8,
  0x31C8,0x31C8,0x31C8,0x31C8,0x31E8,0x31C8,0x31C8,0x31E9,0x2987,0x2166,0x2166,0x2166,
  0x2967,0x2167,0x2146,0x2166,0x2167,0x2987,0x2967,0x2166,0x2146,0x2146,0x31A8,0x39E9,
  0x31E9,0x31E9,0x3A09,0x3A09,0x3A09,0x31E8,0x2966,0x2166,0x2125,0x2105,0x2125,0x2125,
  0x1905,0x18E4,0x18E4,0x18E4,0x18E4,0x18E4,0x18E4,0x18E4,0x18E4,0x18E4,0x18E4,0x18E4,
  0x1946,0x1946,0x2166,0x2167,0x2167,0x31E9,0x2987,0x0042,0x0042,0x0882,0x0062,0x0041,
  0x0062,0x0041,0x0042,0x0042,0x0862,0x0862,0x0862,0x0842,0x0042,0x0883,0x10A3,0x0862,
  0x0020,0x0040,0x10C3,0x18E4,0x31A7,0x5B0D,0x428B,0x4AAB,0x6BAF,0x8452,0x5B0C,0x5ACB,
  0x5AEC,0x4249,0x31C7,0x39E7,0x5AEB,0x39E7,0x10A2,0x2125,0x2104,0x1082,0x18C3,0x18E4,
  0x1082,0x0841,0x0021,0x0041,0x0000,0x0000,0x0021,0x0041,0x0021,0x0000,0x0000,0x0020,
  0x0021,0x0021,0x0041,0x0021,0x0021,0x0841,0x0021,0x0021,0x0021,0x0021,0x0021,0x0862,
  0x10A3,0x0841,0x0021,0x10A3,0x10A3,0x10A3,0x08A2,0x0862,0x0862,0x0862,0x0862,0x0041,
  0x0021,0x0041,0x10A3,0x2945,0x3186,0x3185,0x10A2,0x0000,0x1061,0x736D,0x9C91,0x734C,
  0x4A28,0x18A2,0x4208,0x73CF,0x634E,0x638F,0x6BB0,0x638F,0x52ED,0x4AEC,0x4ACC,0x4ACC,
  0x4ACC,0x4ACC,0x4AEC,0x5B2D,0x638F,0x5B2D,0x638F,0x8493,0x94F4,0xA576,0x8472,0x530D,
  0x636E,0x6BAF,0x8452,0xDEFC,0xDEFC,0xBDF8,0xCE59,0xADB6,0x8492,0x7C31,0x6BAF,0x638F,
  0x636E,0x5B4E,0x5B2D,0x530D,0x4ACC,0x4ACC,0x4ACC,0x428B,0x428B,0x428B,0x428B,0x426B,
  0x3A6B,0x3A4A,0x3A4A,0x3A4A,0x3A6A,0x428B,0x4AAC,0x428B,0x426B,0x3A6A,0x3A6A,0x3A4A,
  0x3A4A,0x3A6A,0x426B,0x3A4A,0x3A2A,0x322A,0x322A,0x3229,0x3229,0x3209,0x3209,0x3209,
  0x3209,0x3209,0x31E9,0x31E9,0x31E9,0x31E9,0x31E9,0x31E9,0x31E9,0x31E9,0x31E8,0x31E9,
  0x31E8,0x29C8,0x29C8,0x31C8,0x31E8,0x31E8,0x31E8,0x31E8,0x31E8,0x31C8,0x31E8,0x31E8,
  0x31C8,0x31C8,0x31E8,0x31E8,0x31C8,0x29A7,0x29A7,0x29C8,0x2187,0x2166,0x2166,0x2146,
  0x2146,0x2146,0x2146,0x2146,0x2166,0x2166,0x2166,0x2166,0x2166,0x2166,0x29A7,0x31C8,
  0x31C8,0x29A8,0x31E9,0x3A09,0x31C8,0x2967,0x2146,0x2125,0x2105,0x2125,0x2125,0x2125,
  0x1905,0x18E4,0x18E4,0x18E4,0x18E4,0x18E4,0x18E4,0x18E4,0x18E4,0x18E4,0x18E4,0x18E4,
  0x1925,0x1926,0x1946,0x2166,0x2146,0x3A09,0x10C4,0x0062,0x0062,0x0062,0x0062,0x0041,
  0x0862,0x0862,0x0862,0x0882,0x0862,0x0842,0x0862,0x10A3,0x0862,0x0862,0x1904,0x2966,
  0x2145,0x18C3,0x2986,0x52AB,0x5AEC,0x6B8E,0x73EF,0x636D,0x5AEC,0x4AAB,0x2965,0x4A49,
  0x52AA,0x5AEB,0x4A69,0x4A69,0x94D2,0x9CF3,0x5B0C,0x39E8,0x2104,0x18C3,0x10A3,0x2125,
  0x2145,0x0862,0x0841,0x0841,0x0041,0x0000,0x0021,0x0021,0x0000,0x0000,0x0000,0x0000,
  0x0020,0x0021,0x0041,0x0021,0x0021,0x0021,0x0021,0x0021,0x0021,0x0021,0x0041,0x0862,
  0x0862,0x0000,0x0041,0x10A3,0x10A3,0x0882,0x0041,0x0041,0x0021,0x0000,0x0021,0x0862,
  0x0862,0x10A3,0x10A3,0x2104,0x2945,0x4228,0x630C,0x8C30,0x5ACB,0x0000,0x39A6,0x8C0F,
  0x62CA,0x18A2,0x39E7,0x73CF,0x73F0,0x7C11,0x7C31,0x6BD0,0x5B4E,0x4ACC,0x52CC,0x52EC,
  0x5B2D,0x638F,0x532D,0x532D,0x4AEC,0x530D,0x530D,0x5B2D,0x638F,0x8493,0x638F,0x530D,
  0x5B4E,0x636E,0x9D35,0xADB7,0x8CB2,0x7C10,0x9D14,0xCE9A,0xA576,0x8492,0x8472,0x7C31,
  0x7411,0x636E,0x5B2D,0x530D,0x4AED,0x4ACC,0x4AAC,0x428B,0x428B,0x428B,0x426B,0x3A6B,
  0x3A6B,0x3A4A,0x3A4A,0x3A4A,0x3A4A,0x428B,0x428B,0x3A6A,0x3A4A,0x3A4A,0x3A6A,0x3A4A,
  0x3A6A,0x426B,0x426B,0x3A4A,0x3A4A,0x3A4A,0x3A4A,0x322A,0x3A2A,0x3A2A,0x3A2A,0x3A0A,
  0x3A09,0x3209,0x3209,0x3209,0x3209,0x31E9,0x31E9,0x31E9,0x31E9,0x31E9,0x31E9,0x31E8,
  0x31C8,0x31C8,0x29C8,0x31C8,0x31E8,0x31E8,0x31E8,0x31E8,0x31E8,0x31E8,0x31E8,0x31E8,
  0x31E8,0x31C8,0x3A29,0x31E8,0x29A7,0x29A8,0x29A7,0x2987,0x2167,0x2146,0x2987,0x2167,
  0x2166,0x2967,0x2967,0x2146,0x2146,0x2146,0x2146,0x2146,0x2166,0x2966,0x2967,0x2166,
  0x2146,0x2146,0x29A8,0x3A09,0x31C8,0x1925,0x1905,0x1905,0x1905,0x2125,0x2125,0x1905,
  0x1905,0x18E4,0x18E4,0x18E4,0x18E4,0x18E4,0x18E4,0x18E4,0x18E4,0x18E4,0x18E4,0x18E4,
  0x1926,0x1926,0x1946,0x1946,0x31E8,0x2167,0x0021,0x0062,0x0062,0x0862,0x0862,0x0042,
  0x0882,0x0882,0x0882,0x0883,0x0862,0x10A3,0x0842,0x10A3,0x18E4,0x2125,0x2145,0x31A6,
  0x2945,0x2945,0x52AA,0x7BF0,0x738E,0x738E,0x73AE,0x7BEF,0x52CB,0x39E8,0x4228,0x5AEB,
  0x630C,0x4A6A,0x31C7,0x4A49,0x634D,0x630C,0x630C,0x6B4D,0x31A6,0x2965,0x2144,0x1082,
  0x2125,0x0882,0x0021,0x0841,0x0841,0x0841,0x0000,0x0021,0x0000,0x0000,0x0000,0x0000,
  0x0000,0x0021,0x0021,0x0021,0x0000,0x0000,0x0021,0x0021,0x0021,0x0021,0x0841,0x0041,
  0x0000,0x0000,0x0041,0x10C3,0x10A3,0x0021,0x0000,0x0021,0x0841,0x1082,0x0882,0x0862,
  0x0041,0x0021,0x0000,0x0000,0x0000,0x0000,0x0821,0x2945,0x7BCE,0x9471,0x10A2,0x5A89,
  0x7BCE,0x0841,0x4A49,0x8C51,0x8C92,0x8472,0x8CB3,0x94F4,0x7411,0x52EC,0x52ED,0x5B4E,
  0x638E,0x7C31,0x8472,0x5B4E,0x4ACC,0x4AEC,0x530D,0x530D,0x530D,0x5B4E,0x5B4E,0x530D,
  0x5B2D,0x6BAF,0xA576,0x8CB3,0x5B4D,0x6BAF,0x94D3,0xAD96,0x8CB3,0x7410,0xBE39,0xBE18,
  0x8CD3,0x7411,0x636F,0x530D,0x52ED,0x4ACC,0x4AAC,0x428B,0x428B,0x428B,0x426B,0x3A6B,
  0x426B,0x3A4A,0x3A4A,0x3A4A,0x3A4A,0x3A6B,0x426B,0x426B,0x3A6B,0x3A6B,0x426B,0x426B,
  0x426B,0x428B,0x428B,0x426B,0x3A6B,0x3A6A,0x3A6B,0x3A4A,0x3A4A,0x3A4A,0x31C8,0x31C8,
  0x3A0A,0x3209,0x3209,0x3209,0x31E9,0x31E9,0x31E9,0x31E9,0x31E9,0x31E9,0x31E9,0x31E9,
  0x31E9,0x31C8,0x31C8,0x31C8,0x31E8,0x31E8,0x31E8,0x31E8,0x31E8,0x31E8,0x31E8,0x31E8,
  0x31E8,0x31E8,0x31C8,0x29A7,0x2987,0x29A8,0x29A7,0x2967,0x2146,0x2167,0x29A7,0x2967,
  0x2166,0x2146,0x2146,0x1925,0x1925,0x2146,0x2146,0x2146,0x2146,0x2166,0x2966,0x2166,
  0x2146,0x2146,0x2987,0x31C8,0x31A7,0x2126,0x2125,0x1905,0x2105,0x2125,0x2105,0x1905,
  0x1905,0x18E4,0x18E4,0x18E4,0x18E4,0x18E4,0x18E4,0x18E4,0x18E4,0x18E4,0x18E4,0x18E4,
  0x1926,0x1926,0x1946,0x1946,0x2987,0x0883,0x0062,0x0042,0x0062,0x0062,0x0862,0x0862,
  0x0842,0x0862,0x0862,0x0883,0x0862,0x10C3,0x10C4,0x0041,0x0021,0x18E4,0x2966,0x52AB,
  0x6B4D,0x5AEC,0x4208,0x5AEC,0x632C,0x6B6E,0x5B0C,0x4A69,0x3186,0x2965,0x2965,0x4208,
  0x52AB,0x31A7,0x2145,0x31A7,0x31A6,0x39E8,0x31C7,0x39E8,0x3A08,0x39E7,0x2965,0x2124,
  0x18C3,0x10C3,0x10A3,0x0862,0x0862,0x0841,0x0000,0x0021,0x0020,0x0000,0x0000,0x0000,
  0x0000,0x0020,0x0021,0x0001,0x0000,0x0841,0x0041,0x0020,0x0020,0x0020,0x0021,0x0021,
  0x0021,0x0000,0x0841,0x1082,0x0862,0x0861,0x0862,0x1082,0x10A3,0x0841,0x0021,0x0021,
  0x0021,0x0841,0x0000,0x0021,0x0021,0x0841,0x0841,0x0020,0x0000,0x3165,0x736D,0x2904,
  0x738E,0x2104,0x73AE,0xA534,0xA535,0xB5B7,0xAD96,0xA576,0x8452,0x5B4E,0x530D,0x7C52,
  0x8CB3,0x73F0,0x7411,0x5B2D,0x4ACC,0x4AEC,0x530D,0x52ED,0x530D,0x530D,0x530D,0x530D,
  0x530D,0x73F0,0x9D55,0x8452,0x5B2D,0x73AF,0x7C51,0x73F0,0x6B8F,0x6BAF,0xB5D7,0xA576,
  0x94F4,0x8493,0x638F,0x530D,0x52ED,0x4AED,0x4AAC,0x428B,0x428B,0x428B,0x426B,0x3A6B,
  0x3A6B,0x3A6A,0x3A4A,0x3A4A,0x3A4A,0x3A4A,0x3A4A,0x3A4A,0x3A4A,0x428B,0x4ACC,0x428B,
  0x426B,0x426B,0x426B,0x426B,0x428B,0x426B,0x322A,0x3A09,0x426B,0x3A2A,0x1926,0x29A8,
  0x3A2A,0x3209,0x3209,0x3209,0x3209,0x3209,0x3209,0x3209,0x3209,0x31E9,0x31E9,0x31E9,
  0x31E9,0x31E8,0x31C8,0x31C8,0x31E8,0x31E8,0x31E8,0x31E8,0x31E8,0x31E8,0x31E8,0x31E8,
  0x31E8,0x31E8,0x31C8,0x31C8,0x29A8,0x2988,0x2167,0x2167,0x2166,0x2967,0x2987,0x2126,
  0x2126,0x1925,0x2125,0x2146,0x1925,0x2146,0x2146,0x2146,0x2146,0x2146,0x2166,0x2166,
  0x2146,0x2987,0x29A8,0x2987,0x2987,0x2146,0x2125,0x2125,0x2125,0x2146,0x1905,0x1905,
  0x1905,0x18E4,0x18E4,0x18E4,0x18E4,0x18E4,0x18E4,0x18E4,0x18E4,0x18E4,0x18E4,0x18E4,
  0x1926,0x1926,0x1946,0x1946,0x10E4,0x0882,0x0883,0x0862,0x0862,0x0062,0x0862,0x0862,
  0x0862,0x0021,0x0842,0x0041,0x0042,0x1083,0x2966,0x2146,0x39C8,0x52AB,0x4A6A,0x634D,
  0x73AE,0x5AAB,0x4208,0x39E7,0x31A6,0x2966,0x2966,0x31A6,0x2124,0x3186,0x4208,0x6B4D,
  0x630C,0x4228,0x52AB,0x4A69,0x4A49,0x2145,0x4229,0x31A7,0x31C7,0x4208,0x39E7,0x31A6,
  0x3186,0x18E4,0x18E3,0x2104,0x10A3,0x1082,0x0020,0x0021,0x0041,0x0021,0x0000,0x0000,
  0x0000,0x0020,0x0020,0x0000,0x0021,0x0841,0x0861,0x0020,0x0020,0x0000,0x0020,0x0021,
  0x0021,0x0021,0x0041,0x0862,0x0841,0x0841,0x0862,0x0841,0x0021,0x0021,0x0021,0x0021,
  0x0021,0x1082,0x0821,0x0021,0x0841,0x10A2,0x18E3,0x10A2,0x1081,0x0000,0x4207,0x41C7,
  0x4A28,0x2104,0x7BEF,0xAD75,0xB5B7,0xB5D7,0xB5D7,0x8CB3,0x73F0,0x73F0,0x5B4E,0x7431,
  0xB5D8,0xB5D7,0x9515,0x5B2D,0x4AEC,0x4AEC,0x4AEC,0x4AEC,0x4ACC,0x4AEC,0x4AED,0x530D,
  0x5B4E,0x6BD0,0x8452,0x94D4,0x6BAF,0x6BAF,0x7C31,0x7C31,0x6BAF,0x636E,0x7C31,0x8451,
  0x6B8F,0x636E,0x5B6E,0x638F,0x5B6E,0x4AEC,0x4ACC,0x4ACC,0x428B,0x428B,0x428B,0x426B,
  0x426B,0x3A6B,0x3A4A,0x3A4A,0x3A6A,0x3A6A,0x3A4A,0x3A4A,0x3A6A,0x42AB,0x4AEC,0x530D,
  0x4AED,0x42AC,0x428B,0x42AB,0x4ACC,0x4AAC,0x3A2A,0x2167,0x3A4A,0x29A8,0x1105,0x3209,
  0x3A2A,0x3209,0x3209,0x3209,0x3209,0x3209,0x3A29,0x3209,0x3209,0x31E9,0x31E8,0x31E8,
  0x31E8,0x31E8,0x31C8,0x31C8,0x31E8,0x31E8,0x31E8,0x31E8,0x31E8,0x31E8,0x31E8,0x31E9,
  0x31E9,0x31E8,0x31C8,0x29A8,0x2988,0x2987,0x2167,0x2166,0x2146,0x2166,0x2146,0x2126,
  0x1925,0x1925,0x2125,0x2125,0x2126,0x2146,0x2126,0x2126,0x2146,0x2146,0x2146,0x2146,
  0x2146,0x2167,0x2167,0x2166,0x2146,0x2146,0x2146,0x2166,0x2987,0x2966,0x2125,0x2105,
  0x1905,0x18E4,0x18E4,0x18E4,0x18E4,0x18E4,0x18E4,0x18E4,0x18E4,0x18E4,0x18E4,0x18E4,
  0x1946,0x1946,0x1946,0x1946,0x1926,0x0883,0x0882,0x0062,0x0882,0x0862,0x0862,0x0882,
  0x0862,0x0041,0x0021,0x10A3,0x1904,0x2125,0x2145,0x4228,0x5B0C,0x73AE,0x5B0C,0x4A69,
  0x3A08,0x2986,0x31A7,0x3186,0x18C3,0x0041,0x0882,0x39E7,0x528A,0x4208,0x39C7,0x4208,
  0x632C,0x4A69,0x52AA,0x528A,0x2945,0x4A49,0xA534,0x5AEC,0x4208,0x4A69,0x4208,0x4208,
  0x4A49,0x3186,0x10A3,0x2125,0x18C3,0x18C3,0x1082,0x1062,0x0841,0x0020,0x0000,0x0000,
  0x0000,0x0000,0x0000,0x0020,0x0000,0x0041,0x0861,0x0020,0x0000,0x0020,0x0021,0x0021,
  0x0021,0x0021,0x0041,0x0862,0x0021,0x0041,0x0041,0x0021,0x0021,0x0021,0x0021,0x0021,
  0x0841,0x0841,0x0841,0x0841,0x18C3,0x2104,0x3186,0x18E3,0x2124,0x18A2,0x39A6,0x62AA,
  0x3165,0x39E7,0x8430,0x9CF4,0x9D14,0x94D3,0x9D35,0x8CD3,0x7C52,0x638F,0x6BAF,0x94F4,
  0xCE9A,0xB5F8,0x8CD3,0x5B6E,0x52EC,0x4AEC,0x4AEC,0x4AEC,0x4ACC,0x4ACC,0x4AED,0x52ED,
  0x530D,0x5B2D,0x636E,0x7C11,0x8CD4,0x8452,0x8452,0x7411,0x6BAF,0x638F,0x636E,0x6B8F,
  0x638F,0x5B4E,0x5B6E,0x73F1,0x6BD0,0x4AEC,0x4AEC,0x4ACC,0x42AB,0x42AB,0x42AB,0x428B,
  0x428B,0x426B,0x428B,0x428B,0x428B,0x426B,0x3A4A,0x3A4A,0x428B,0x426B,0x428B,0x4AED,
  0x530D,0x4ACC,0x4ACC,0x4AED,0x52ED,0x4AAC,0x4A8B,0x31C8,0x1926,0x1105,0x2166,0x3A4A,
  0x3A2A,0x3A2A,0x3209,0x3209,0x3209,0x3209,0x3209,0x3209,0x31E9,0x31E9,0x31E8,0x31E8,
  0x31E8,0x31E8,0x31E8,0x31E8,0x31C8,0x3A09,0x3A09,0x3A09,0x31E8,0x31E8,0x31E8,0x3A09,
  0x3A09,0x31E9,0x31C8,0x29A8,0x2987,0x2167,0x2967,0x2166,0x2146,0x2146,0x2146,0x2126,
  0x2126,0x2125,0x2126,0x2146,0x2126,0x2126,0x2126,0x2126,0x2146,0x2146,0x2146,0x2146,
  0x2146,0x2146,0x2146,0x2146,0x2146,0x2126,0x2146,0x2167,0x29A7,0x2987,0x2145,0x2125,
  0x1905,0x18E4,0x18E4,0x18E4,0x18E4,0x18E4,0x18E4,0x18E4,0x18E4,0x18E4,0x18E4,0x18E4,
  0x1946,0x1946,0x1946,0x1946,0x2146,0x08A3,0x0062,0x0862,0x0862,0x0882,0x0883,0x0883,
  0x10A3,0x18E4,0x2125,0x2125,0x10A3,0x2965,0x4249,0x52AB,0x5B0C,0x4249,0x2986,0x2965,
  0x31A6,0x2945,0x10A3,0x10A2,0x2966,0x2965,0x18C3,0x18E3,0x31A6,0x2124,0x2124,0x2124,
  0x5AEB,0x5ACB,0x3186,0x39E7,0x3186,0x2965,0x5ACB,0x7BAE,0x630C,0x3186,0x4208,0x3186,
  0x41E7,0x4228,0x3186,0x39E7,0x3186,0x39A7,0x18C3,0x10A3,0x0000,0x0000,0x0020,0x0000,
  0x0000,0x0000,0x0000,0x0000,0x0000,0x0021,0x0041,0x0020,0x0000,0x0020,0x0020,0x0000,
  0x0000,0x0000,0x0841,0x0862,0x0841,0x0841,0x0841,0x0021,0x0021,0x0021,0x0021,0x0021,
  0x0841,0x1082,0x1082,0x10A2,0x1082,0x2965,0x4A69,0x5AAA,0x3185,0x18C2,0x3144,0x83AE,
  0x39A5,0x5AEB,0x94B3,0x94D3,0x94D3,0x8451,0x73F0,0x73F0,0x636E,0x530D,0x634E,0x8C72,
  0xC659,0xD6DB,0x9D35,0x634E,0x5B2D,0x5B2E,0x532D,0x530D,0x530D,0x52ED,0x4AED,0x4AED,
  0x52ED,0x530D,0x532D,0x636E,0x8472,0x8452,0x73F0,0x6B8F,0x6BAF,0x6B8F,0x636E,0x636E,
  0x638E,0x638F,0x638E,0x5B4E,0x530D,0x530D,0x4ACC,0x4ACC,0x4ACC,0x4ACC,0x4ACC,0x4AAC,
  0x42AB,0x428B,0x42AC,0x428B,0x428B,0x3A6B,0x3A4A,0x428B,0x4AAC,0x4AAC,0x4ACC,0x42AB,
  0x4ACC,0x4AAC,0x4AAC,0x4ACC,0x4ACC,0x4AAC,0x29C8,0x2166,0x2167,0x10E4,0x1925,0x3209,
  0x3A4A,0x3A2A,0x3A2A,0x3A2A,0x3229,0x3209,0x3A09,0x3209,0x31E9,0x31E9,0x31E8,0x31E8,
  0x31E8,0x31E8,0x31E8,0x31E8,0x31E8,0x31E8,0x31E8,0x31E8,0x31E8,0x31E8,0x31E8,0x3A09,
  0x3A09,0x3A09,0x31E9,0x31C8,0x2987,0x2166,0x2166,0x2166,0x2146,0x1926,0x1925,0x2125,
  0x2125,0x2126,0x2126,0x2146,0x2126,0x2126,0x2126,0x2126,0x2126,0x2126,0x2146,0x2146,
  0x2146,0x2146,0x2146,0x2146,0x2126,0x2126,0x2126,0x2966,0x31C8,0x2987,0x2125,0x2125,
  0x2105,0x1905,0x1905,0x1905,0x2125,0x1905,0x1905,0x1905,0x1905,0x1905,0x1905,0x1905,
  0x1946,0x1946,0x1946,0x1946,0x2166,0x10E4,0x0862,0x0862,0x0862,0x0882,0x0882,0x0862,
  0x0882,0x2125,0x4A8A,0x4A8A,0x5AEB,0x8451,0x5B0C,0x5AEC,0x3A08,0x2145,0x2124,0x18E4,
  0x10C3,0x18E4,0x2966,0x4A69,0x5AEB,0x5AEB,0x5AEC,0x39C7,0x2965,0x2965,0x2104,0x18E3,
  0x2104,0x39E7,0x6B4D,0x52AA,0x5AEB,0x31A6,0x4228,0x5AAA,0x62EB,0x5289,0x528A,0x5AAB,
  0x41E7,0x4A49,0x1903,0x2965,0x39E7,0x3186,0x2104,0x2104,0x10A2,0x0021,0x0020,0x0041,
  0x0020,0x0000,0x0000,0x0000,0x0000,0x0021,0x0041,0x0000,0x0020,0x0020,0x0020,0x0020,
  0x0000,0x0841,0x0862,0x0841,0x0021,0x0021,0x0021,0x0021,0x0021,0x0000,0x0021,0x0841,
  0x10C3,0x18C3,0x0862,0x0861,0x1082,0x18E3,0x3165,0x630C,0x4A28,0x2944,0x41E7,0x5ACA,
  0x2944,0x73AE,0x94D3,0x8CB3,0x8CB3,0x8472,0x634E,0x5B0D,0x52EC,0x5B4E,0x7C31,0x9D14,
  0xC659,0xD69A,0xC639,0x6BAF,0x5B2D,0x5B4E,0x6BAF,0x638F,0x5B4E,0x5B2E,0x52ED,0x4AEC,
  0x4AEC,0x530C,0x532D,0x5B6E,0x8492,0x8CB3,0x6BAF,0x6B8F,0x73F0,0x6BAF,0x636E,0x638E,
  0x638F,0x636E,0x5B4E,0x5B4E,0x5B4E,0x52ED,0x532D,0x5B4E,0x4AED,0x52ED,0x4AED,0x4ACC,
  0x4ACC,0x4AEC,0x4AED,0x4AED,0x4ACC,0x42AC,0x428B,0x52ED,0x4ACC,0x428B,0x428B,0x42AC,
  0x4AAC,0x428B,0x428B,0x428B,0x42AB,0x428B,0x3A29,0x424A,0x426B,0x3A29,0x2187,0x3209,
  0x3A2A,0x3A2A,0x3A2A,0x3A4A,0x3A09,0x3A09,0x3A09,0x31E9,0x31E9,0x31E9,0x31E8,0x31E8,
  0x31E8,0x31E8,0x31E8,0x31E8,0x31E8,0x31E8,0x31E8,0x31E8,0x31E8,0x31E8,0x31E8,0x3A09,
  0x31E9,0x31E9,0x31C8,0x31C8,0x29A7,0x2166,0x2166,0x2987,0x2166,0x2146,0x2126,0x2125,
  0x2125,0x2126,0x2146,0x2125,0x2125,0x2126,0x2126,0x2125,0x1925,0x2125,0x2126,0x2146,
  0x2146,0x2126,0x2126,0x2146,0x2146,0x2126,0x2126,0x2146,0x2987,0x2966,0x2105,0x2125,
  0x2125,0x2105,0x1905,0x1905,0x2105,0x2125,0x1905,0x1905,0x1905,0x1905,0x1905,0x2105,
  0x1946,0x1946,0x1946,0x1946,0x2166,0x1905,0x0883,0x0862,0x0862,0x0042,0x0041,0x10A3,
  0x0862,0x10A3,0x10C3,0x39E8,0x4A8A,0x4228,0x31C7,0x2966,0x2124,0x2104,0x1082,0x0021,
  0x0041,0x0841,0x2104,0x18E4,0x10A2,0x18E4,0x3186,0x4228,0x5AEB,0x6B4D,0x5ACB,0x2124,
  0x1082,0x1082,0x4228,0x8430,0x8430,0x6B6C,0x5289,0x6B2C,0x62EB,0x41E7,0x3165,0x5269,
  0x4228,0x4207,0x2944,0x2103,0x2124,0x2104,0x2945,0x18E3,0x2124,0x10A2,0x0041,0x0841,
  0x0020,0x0000,0x0021,0x0000,0x0000,0x0020,0x0020,0x0000,0x0020,0x0021,0x0020,0x0000,
  0x0021,0x0841,0x0021,0x0021,0x0021,0x0021,0x0021,0x0000,0x0000,0x0021,0x0862,0x18E4,
  0x10A3,0x0841,0x0861,0x0861,0x10A2,0x18C3,0x3165,0x6B2C,0x6B4C,0x5ACA,0x8C30,0x4207,
  0x2965,0x73CF,0x8431,0x8451,0x73F0,0x636E,0x6B8F,0x7C52,0x73F0,0x7C31,0x9D35,0xBDF8,
  0xC618,0xD69A,0xB5D7,0x7C31,0x8472,0x7C52,0x6BD0,0x7411,0x73F0,0x5B2D,0x4AEC,0x52EC,
  0x52EC,0x52EC,0x530D,0x8472,0x94D4,0x8472,0x7C31,0x73F0,0x6BD0,0x6BAF,0x638F,0x6BAF,
  0x7C51,0x7C31,0x73F0,0x5B4E,0x5B2E,0x52ED,0x5B2E,0x7C72,0x638F,0x532D,0x530D,0x4AEC,
  0x4AEC,0x530D,0x532D,0x532D,0x5B2E,0x5B2E,0x5B4E,0x5B2E,0x4ACC,0x3A6B,0x428B,0x4AAC,
  0x42AC,0x428B,0x3A6B,0x3A6A,0x428A,0x426A,0x426A,0x3A4A,0x3A4A,0x3A4A,0x3A4A,0x3A2A,
  0x3A09,0x3209,0x3209,0x3209,0x3A09,0x3A09,0x3A09,0x3209,0x31E9,0x31E9,0x31E8,0x31E8,
  0x31E8,0x31E8,0x31E8,0x31E8,0x31E8,0x31E8,0x31E8,0x31C8,0x31E8,0x31E8,0x3A09,0x31E8,
  0x31C8,0x29A8,0x29A7,0x2987,0x2987,0x2146,0x2166,0x2987,0x2987,0x2146,0x2146,0x2126,
  0x2126,0x1925,0x1925,0x2125,0x2125,0x2126,0x2126,0x2126,0x2125,0x2125,0x1925,0x2125,
  0x2125,0x2125,0x2125,0x1925,0x2125,0x2126,0x2126,0x2126,0x2967,0x2966,0x2125,0x2125,
  0x2125,0x2125,0x2105,0x1905,0x1905,0x1905,0x2105,0x2125,0x2125,0x2125,0x2125,0x2125,
  0x1946,0x1946,0x2166,0x2146,0x2166,0x1946,0x08A3,0x0862,0x0882,0x10A3,0x18E4,0x10C4,
  0x1083,0x1904,0x4A6A,0x52AB,0x39E7,0x2986,0x2125,0x10C3,0x10A3,0x1082,0x18C3,0x2104,
  0x2945,0x2945,0x2925,0x20E3,0x2104,0x2104,0x4228,0x39A7,0x18C3,0x18E3,0x2104,0x20E3,
  0x18A2,0x1082,0x18C2,0x2103,0x3185,0x39A6,0x41E7,0x2924,0x5269,0x630B,0x4A28,0x39C7,
  0x18C3,0x20E3,0x20E3,0x2945,0x2945,0x10A2,0x2104,0x31A6,0x3186,0x18C3,0x0841,0x1082,
  0x0881,0x0021,0x0020,0x0000,0x0000,0x0000,0x0000,0x0000,0x0020,0x0021,0x0000,0x0000,
  0x0021,0x0862,0x0041,0x0021,0x0021,0x0021,0x0021,0x0021,0x0000,0x0862,0x1082,0x10A3,
  0x0862,0x0041,0x0841,0x0862,0x0841,0x18C3,0x2924,0x5AAA,0x83EF,0x9450,0x6B2C,0x20E3,
  0x52AA,0x8431,0x73F0,0x7BF0,0x73F0,0x6BD0,0x8CB3,0x94F4,0x8CD4,0xA555,0xB5B7,0xC618,
  0xBE18,0xBE18,0x9D14,0xBE38,0xCEBB,0xADB7,0x6BD0,0x8CB3,0x7C31,0x530D,0x530D,0x530D,
  0x5B2D,0x5B2D,0x5B6E,0x7411,0x8493,0x8CB3,0x94D4,0x8472,0x6BD0,0x7C11,0x73F0,0x8472,
  0x94F4,0x8C93,0x9D15,0x73D0,0x5B2D,0x5B2D,0x530D,0x636E,0x6BAF,0x5B4E,0x5B2D,0x5B2D,
  0x5B2D,0x5B4E,0x638F,0x6BD0,0x638F,0x636F,0x5B4E,0x530D,0x4AAC,0x428B,0x4ACC,0x428B,
  0x428B,0x426A,0x3A4A,0x3A6A,0x426A,0x3A4A,0x3A4A,0x3A4A,0x3A2A,0x3A2A,0x3A29,0x3209,
  0x3209,0x3A2A,0x3A29,0x3A09,0x3A29,0x3A09,0x31E9,0x31E9,0x31E9,0x31E9,0x3209,0x31E9,
  0x31E8,0x31E8,0x31E8,0x31E8,0x31E8,0x31E9,0x39E9,0x39E9,0x39E8,0x39E8,0x3A29,0x39E9,
  0x29A7,0x29A7,0x2987,0x2967,0x2166,0x2166,0x2166,0x2967,0x2987,0x2146,0x2126,0x2126,
  0x2126,0x2126,0x1925,0x2125,0x2125,0x2125,0x2125,0x2126,0x2126,0x2126,0x1905,0x1925,
  0x1905,0x1925,0x1925,0x1925,0x2125,0x2125,0x2125,0x2146,0x2146,0x3187,0x2966,0x2125,
  0x2125,0x2125,0x2125,0x2125,0x2125,0x2125,0x2125,0x2125,0x2125,0x2146,0x2146,0x2125,
  0x2166,0x2187,0x2166,0x2166,0x2166,0x2166,0x08C4,0x0062,0x10A3,0x1905,0x18E4,0x18E4,
  0x3A08,0x4A6A,0x31C7,0x2145,0x1904,0x1904,0x1082,0x0882,0x0000,0x2945,0x526A,0x528A,
  0x2965,0x20E4,0x18C3,0x2104,0x3986,0x3186,0x18C3,0x10A2,0x2104,0x0861,0x0841,0x18C3,
  0x2124,0x6B4D,0x738D,0x5289,0x5AAA,0x39A6,0x4A48,0x5269,0x62EB,0x5269,0x736D,0x7BAE,
  0x4208,0x2924,0x10A2,0x2944,0x39C7,0x2924,0x39C6,0x4A48,0x52AA,0x2124,0x2124,0x1082,
  0x10A2,0x0841,0x0000,0x0000,0x0000,0x0000,0x0000,0x0000,0x0000,0x0021,0x0000,0x0000,
  0x0021,0x0862,0x0021,0x0021,0x0041,0x0021,0x0021,0x0021,0x0041,0x1082,0x0862,0x0041,
  0x0021,0x0020,0x0841,0x10A2,0x0862,0x18C3,0x18C3,0x62EB,0x8C50,0x6B2C,0x4A07,0x2944,
  0x5AEC,0x73CF,0x73AF,0x73F0,0x7411,0x7411,0x8472,0x9D35,0x9D15,0xA556,0xAD76,0xBDF8,
  0xBDF8,0x9CF4,0xA555,0xCE9A,0xBE39,0x94D4,0x73CF,0x8CB3,0x6BAF,0x5B2D,0x5B2D,0x5B4E,
  0x638F,0x7411,0x8472,0x6BD0,0x6BB0,0x7C11,0x8C93,0x73F0,0x6B8F,0x7C31,0xA555,0xA576,
  0xA555,0xB5D8,0x94F4,0x636E,0x636E,0x5B4E,0x636E,0x73F0,0x638F,0x638F,0x6BD0,0x6BAF,
  0x638F,0x638F,0x8493,0x84B3,0x5B6E,0x52ED,0x4AAB,0x5B2E,0x52ED,0x4ACC,0x428B,0x426A,
  0x3A4A,0x3A4A,0x3A4A,0x3A2A,0x3A2A,0x3A2A,0x3A2A,0x3A2A,0x3A2A,0x3209,0x3209,0x3209,
  0x3A2A,0x3A2A,0x3A29,0x3A09,0x3A2A,0x3A09,0x31E9,0x31E9,0x31E9,0x31E8,0x31E9,0x3A09,
  0x31E8,0x31E8,0x31E8,0x31E9,0x39E9,0x39E8,0x39E9,0x39E9,0x39E9,0x39E9,0x4229,0x3A09,
  0x31C8,0x2987,0x2987,0x2967,0x2166,0x2146,0x2146,0x2146,0x2166,0x2146,0x2126,0x2126,
  0x2146,0x2126,0x1925,0x2125,0x2125,0x2125,0x2125,0x2126,0x2126,0x2126,0x1905,0x1905,
  0x1905,0x1905,0x1905,0x1905,0x2105,0x2125,0x2125,0x2125,0x2146,0x2146,0x2966,0x2146,
  0x2125,0x2125,0x2125,0x2125,0x2125,0x2125,0x2125,0x2926,0x3187,0x2966,0x2146,0x2146,
  0x2166,0x1946,0x2166,0x2166,0x2166,0x2187,0x10C4,0x0883,0x10C4,0x0862,0x0862,0x2987,
  0x4A6A,0x39E8,0x18E4,0x1904,0x0882,0x0862,0x0021,0x0841,0x2986,0x31A7,0x1062,0x0000,
  0x0841,0x10A2,0x2124,0x2124,0x18A2,0x1082,0x0841,0x0841,0x20E3,0x5ACB,0x5269,0x2945,
  0x4208,0x840F,0x4A69,0x39C6,0x5AAA,0x736D,0x528A,0x8C30,0x7BCF,0x6B0C,0x41C7,0x4A08,
  0x5AAA,0x5269,0x4228,0x20E3,0x2945,0x39C7,0x39C6,0x3185,0x5269,0x5269,0x2944,0x1081,
  0x1082,0x10A2,0x0020,0x0021,0x0021,0x0000,0x0000,0x0000,0x0000,0x0020,0x0000,0x0000,
  0x0021,0x0021,0x0021,0x0021,0x0020,0x0000,0x0020,0x0041,0x0841,0x0841,0x0021,0x0020,
  0x0020,0x0000,0x0821,0x0862,0x0861,0x2104,0x18C3,0x39E7,0x736D,0x3185,0x3144,0x5289,
  0x6BAF,0x636E,0x634E,0x636E,0x6BAF,0x6BAF,0x6B8F,0x73F0,0x7C31,0x8472,0x94F4,0xA576,
  0x9D14,0x8472,0x7C10,0x94D3,0x8451,0x9D14,0x8472,0x7411,0x638F,0x5B4E,0x5B2D,0x5B6E,
  0x7410,0x8CB3,0xA576,0x9514,0x73F0,0x73F0,0x6BD0,0x638F,0x636E,0x73F0,0xBE18,0xBE39,
  0xBE18,0xA555,0x6BAF,0x636E,0x638F,0x6BAF,0x7C31,0x8CD3,0x84B3,0x7C52,0x8472,0x7C31,
  0x73F0,0x8C93,0x8492,0x7C31,0x638F,0x5B4E,0x530D,0x5B2D,0x52EC,0x4AAB,0x428B,0x426A,
  0x3A4A,0x3A2A,0x3A29,0x3A29,0x3209,0x3209,0x3A09,0x3A2A,0x3A29,0x3209,0x3209,0x3A2A,
  0x3A2A,0x3A2A,0x3209,0x3209,0x3209,0x3209,0x31E8,0x31E9,0x31E9,0x31E9,0x31E9,0x31E9,
  0x31E8,0x31E8,0x31E9,0x39E9,0x39E9,0x39E8,0x39E8,0x31E8,0x39E8,0x3A09,0x3A29,0x422A,
  0x31E8,0x2967,0x2967,0x2967,0x2166,0x2146,0x2146,0x2146,0x2146,0x2126,0x2126,0x2125,
  0x2125,0x1925,0x1925,0x1925,0x1925,0x1925,0x1925,0x1925,0x1925,0x1925,0x1905,0x1905,
  0x1905,0x1905,0x2105,0x2105,0x2105,0x2105,0x2105,0x2125,0x2125,0x2146,0x2146,0x2146,
  0x2146,0x2946,0x2146,0x2146,0x2146,0x2946,0x2146,0x2946,0x2987,0x2966,0x2146,0x2146,
  0x2167,0x2167,0x2166,0x2167,0x2187,0x21A7,0x1925,0x0062,0x2166,0x2986,0x4229,0x4A6A,
  0x2965,0x2124,0x18E3,0x1904,0x0882,0x0862,0x0882,0x3A08,0x4249,0x18E4,0x18E4,0x18E4,
  0x1082,0x18E3,0x0861,0x0861,0x1082,0x18E4,0x10A2,0x0821,0x0000,0x3186,0x5269,0x4207,
  0x4A48,0x5289,0x5ACB,0x6B6D,0x7BCE,0x8410,0x840F,0x6B4C,0x8C30,0x7BCF,0x630C,0x3185,
  0x3185,0x41E7,0x39C7,0x18C3,0x2103,0x3165,0x2944,0x18C3,0x4A48,0x5AAA,0x39E7,0x2144,
  0x18E3,0x2104,0x1082,0x10A2,0x0821,0x0000,0x0020,0x0000,0x0000,0x0000,0x0000,0x0000,
  0x0021,0x0021,0x0021,0x0020,0x0000,0x0000,0x0020,0x0041,0x0021,0x0000,0x0000,0x0000,
  0x0000,0x0000,0x0000,0x0000,0x18C3,0x18E3,0x1082,0x39C6,0x4A28,0x2944,0x2923,0x5289,
  0x6BD0,0x6BD0,0x636E,0x5B6E,0x5B4E,0x5B4D,0x5B2D,0x5B2D,0x638F,0x73F0,0x8472,0x8CB3,
  0x7C51,0x6BCF,0x6BAF,0x9D35,0xBE18,0xBE18,0xA535,0x638F,0x5B4E,0x634E,0x636E,0x6BCF,
  0x9D14,0xB5F7,0x9D35,0x9D35,0x8472,0x7411,0x73F0,0x5B2D,0x5B4E,0x6BAF,0xA555,0xCE7A,
  0xA555,0x6BAF,0x73D0,0x7C11,0x8492,0x9D35,0xA575,0x8CD3,0x73F0,0x636E,0x5B2D,0x6B8F,
  0x6BAF,0x7C11,0x4ACC,0x4ACC,0x5B2D,0x530D,0x530D,0x5B4E,0x530D,0x4AAC,0x428B,0x426B,
  0x426B,0x426A,0x3A2A,0x3229,0x3209,0x3209,0x3A29,0x3A4A,0x3209,0x3209,0x3A29,0x3A2A,
  0x3A2A,0x3A09,0x3209,0x3209,0x31E9,0x31E8,0x31E8,0x31E8,0x31E8,0x31E9,0x31E9,0x31E9,
  0x31E8,0x3A09,0x3A09,0x39E8,0x39E9,0x39E9,0x31E8,0x39E9,0x39E9,0x3A09,0x3A29,0x3A09,
  0x31C8,0x2967,0x2967,0x2987,0x2166,0x2146,0x2146,0x2166,0x2146,0x2146,0x2126,0x2125,
  0x1925,0x1905,0x1925,0x1925,0x1925,0x1925,0x1925,0x1925,0x1905,0x1905,0x1905,0x1905,
  0x1905,0x2105,0x2105,0x2105,0x2105,0x2145,0x2125,0x2125,0x2105,0x2125,0x2146,0x2146,
  0x2146,0x2146,0x2966,0x2966,0x2966,0x2966,0x2946,0x2946,0x2146,0x2146,0x2126,0x2926,
  0x2187,0x2167,0x2187,0x2187,0x29A7,0x29C8,0x29A7,0x1905,0x2126,0x4229,0x6B8E,0x4249,
  0x2145,0x18E4,0x10C3,0x0841,0x0041,0x18C3,0x39C7,0x3187,0x18C3,0x2124,0x2986,0x2945,
  0x0841,0x0040,0x10A2,0x10A2,0x20E4,0x20E4,0x10A2,0x1082,0x4207,0x9471,0xAD55,0x8C50,
  0x52AA,0x39C6,0x3186,0x18C3,0x39C7,0x8C50,0x9CB2,0x5AAA,0x5AAA,0x840F,0x8C51,0x62EB,
  0x3165,0x4A48,0x4A28,0x2924,0x4A28,0x5ACB,0x4A48,0x2123,0x2944,0x2944,0x39E7,0x4207,
  0x2965,0x2104,0x2104,0x3186,0x0841,0x0000,0x0000,0x0000,0x0000,0x0000,0x0000,0x0000,
  0x0020,0x0020,0x0000,0x0000,0x0000,0x0020,0x0000,0x0041,0x0021,0x0000,0x0000,0x0000,
  0x0000,0x0000,0x0000,0x0841,0x1082,0x0861,0x39A6,0x4A48,0x2124,0x2945,0x3165,0x630B,
  0x7411,0x6BB0,0x6BD0,0x6BD0,0x6BD0,0x6BAF,0x636E,0x5B4D,0x636E,0x7411,0x73F0,0x73F0,
  0x73CF,0x7C10,0x94F4,0xBDF8,0xC639,0xCE59,0x9D35,0x638E,0x636E,0x638F,0x6BAF,0x8C92,
  0xADB6,0xBDF8,0xA555,0x8472,0x7410,0x636E,0x5B2D,0x5B2D,0x5B2D,0x634E,0x8451,0xBDF8,
  0x94B3,0x8492,0x9514,0x9D35,0x9D35,0x9D35,0x8451,0x6BAF,0x5B2D,0x5B2D,0x636E,0x7C11,
  0x634E,0x4A8B,0x3A29,0x3A4A,0x3A29,0x426A,0x4AAB,0x4AAB,0x52EC,0x52ED,0x428B,0x428B,
  0x426B,0x426B,0x3A4A,0x3A29,0x3A29,0x3209,0x3A2A,0x3A2A,0x3209,0x3209,0x3A29,0x3A2A,
  0x3A2A,0x3A09,0x3209,0x31E9,0x31E9,0x31E8,0x31E8,0x31E8,0x31E8,0x31E9,0x3A09,0x31E9,
  0x31E8,0x31E8,0x31E8,0x39E8,0x39E9,0x3209,0x31E8,0x39E9,0x3A09,0x3A29,0x422A,0x3A09,
  0x29A7,0x31C8,0x29A7,0x2987,0x2146,0x2146,0x2146,0x2146,0x2146,0x2126,0x2126,0x2125,
  0x1925,0x1905,0x1925,0x1925,0x1925,0x1925,0x1925,0x1925,0x1905,0x1925,0x1925,0x1905,
  0x1905,0x1905,0x2105,0x2105,0x2105,0x2146,0x2146,0x2125,0x2125,0x2125,0x2125,0x2146,
  0x2146,0x2946,0x2966,0x2966,0x2966,0x2966,0x2946,0x2946,0x2946,0x2946,0x2946,0x2926,
  0x2187,0x2187,0x2187,0x2187,0x2167,0x29C8,0x3A2A,0x10E4,0x2146,0x6B6E,0x3A08,0x18E3,
  0x0882,0x0041,0x0041,0x2125,0x39E8,0x4208,0x2946,0x20E4,0x31A7,0x10C3,0x10C3,0x1082,
  0x2945,0x39C7,0x5AEB,0x6B4D,0x4228,0x2945,0x3186,0x5289,0x9CD2,0x8430,0x738D,0x62EB,
  0x4208,0x2103,0x1082,0x2104,0x4A28,0x736D,0x6B4D,0x2944,0x2944,0x4207,0x3185,0x736D,
  0x7BAE,0xA4F3,0x7B8D,0x4A28,0x630B,0x7BAE,0x736C,0x5AA9,0x39C6,0x20E3,0x18C3,0x4208,
  0x4A49,0x3186,0x2924,0x3186,0x20E4,0x0821,0x0020,0x0000,0x0000,0x0000,0x0000,0x0000,
  0x0000,0x0000,0x0000,0x0000,0x0000,0x0000,0x0020,0x0021,0x0020,0x0000,0x0020,0x0020,
  0x0041,0x0000,0x0000,0x0841,0x1082,0x2945,0x6B2D,0x528A,0x18E3,0x20E3,0x3165,0x736D,
  0x7C31,0x6BD0,0x6BD0,0x7411,0x7C31,0x7C31,0x7C31,0x7C31,0x73F0,0x7C51,0x6BAF,0x8452,
  0x8C93,0x8CB3,0x9D35,0xA576,0xBDF8,0xBE18,0xA556,0x73F0,0x7C10,0x73F0,0x7C11,0xA555,
  0xB5B6,0xBE18,0xBE18,0x7C31,0x636E,0x5B4E,0x5B2D,0x5B2D,0x5B4D,0x5B4D,0x7C10,0xBE18,
  0xBDF8,0x8CD3,0x6BAF,0x638E,0x6B8F,0x94F4,0xAD76,0x9CF4,0x8C72,0x7C31,0x8492,0x8CD3,
  0x638F,0x3209,0x2166,0x2987,0x29A7,0x428B,0x4AAB,0x426B,0x426A,0x428B,0x426B,0x426A,
  0x426B,0x426B,0x426A,0x3A4A,0x3A2A,0x3A29,0x3A2A,0x3A29,0x3229,0x3A29,0x3A29,0x3A09,
  0x3A09,0x3A09,0x31E9,0x31E9,0x31E9,0x31E9,0x31E9,0x31E8,0x31E8,0x31E9,0x31E8,0x31E8,
  0x31E8,0x31E8,0x31E8,0x31E8,0x31E8,0x31E9,0x3A09,0x3A09,0x3A09,0x3A29,0x3A29,0x3A09,
  0x31E8,0x31C8,0x2987,0x2966,0x2146,0x2166,0x2146,0x2146,0x2146,0x2126,0x2125,0x2125,
  0x1925,0x1905,0x1925,0x1925,0x1925,0x2126,0x2125,0x1905,0x1925,0x1925,0x1925,0x1905,
  0x2105,0x2105,0x2105,0x2105,0x2105,0x1905,0x1905,0x2125,0x2125,0x2125,0x2125,0x2125,
  0x2146,0x2946,0x2946,0x2966,0x2966,0x2966,0x2966,0x2946,0x2946,0x2146,0x2146,0x2946,
  0x2187,0x2187,0x2187,0x2187,0x2187,0x29C8,0x31C8,0x2987,0x52CC,0x4A6A,0x18E4,0x0041,
  0x0041,0x0021,0x1904,0x2986,0x2966,0x2945,0x0862,0x2104,0x10A3,0x0000,0x0000,0x31A6,
  0x73AE,0x8C50,0x738D,0x3165,0x2945,0x2103,0x2104,0x632B,0x5AEA,0x39E6,0x20E3,0x18E3,
  0x18A2,0x0000,0x18C3,0x4228,0x5AAA,0x5ACA,0x9471,0x5ACB,0x4A28,0x39C6,0x18C2,0x4207,
  0x5ACA,0x6B2B,0x83EF,0x4A27,0x18A1,0x39A5,0x4227,0x52A9,0x4207,0x39A6,0x2924,0x18E3,
  0x39E7,0x3186,0x3186,0x20C3,0x20E3,0x1081,0x0020,0x0020,0x0000,0x0000,0x0020,0x0000,
  0x0000,0x0000,0x0000,0x0000,0x0000,0x0000,0x0021,0x0021,0x0021,0x0000,0x0041,0x0841,
  0x0861,0x0000,0x0021,0x18C3,0x2965,0x39E7,0x5ACB,0x3186,0x18C2,0x2944,0x5268,0x9471,
  0x8C92,0x8493,0x8493,0x7411,0x7C52,0x7C52,0x8472,0x8CB3,0x8CB3,0x9515,0x8CB3,0x6BD0,
  0x8CB3,0x94F4,0x94F4,0x9D14,0xA576,0xA556,0xB5B7,0xB5D7,0x9CF4,0x7C31,0x9D14,0xB5B6,
  0xC659,0xC659,0xB5D7,0x73CF,0x636E,0x5B4E,0x5B4E,0x5B2E,0x5B4E,0x5B4D,0x94D4,0x94F4,
  0x8CB3,0x636E,0x530D,0x5B2D,0x5B0D,0x634E,0xA556,0xA556,0x94D4,0x94D4,0x94F4,0x8CB3,
  0x3A29,0x1905,0x1905,0x1905,0x2166,0x424A,0x4AAB,0x426B,0x426A,0x426A,0x3A6A,0x3A4A,
  0x3A4A,0x3A4A,0x3A4A,0x3A4A,0x3A4A,0x3A2A,0x3A2A,0x3A29,0x3A29,0x3A09,0x3A2A,0x3A4A,
  0x3A09,0x3209,0x31E9,0x31E9,0x31E9,0x31E9,0x31E8,0x3209,0x3209,0x31E9,0x31C8,0x39E9,
  0x39E9,0x31E8,0x31E8,0x31E8,0x31E8,0x31E9,0x3A09,0x3A09,0x3A09,0x3A29,0x3A29,0x3A09,
  0x31C8,0x2987,0x2166,0x2166,0x2166,0x2166,0x2166,0x2146,0x2126,0x2126,0x2125,0x2125,
  0x1925,0x1905,0x1925,0x1925,0x1925,0x1925,0x1905,0x1905,0x1925,0x1925,0x1925,0x1925,
  0x2105,0x2105,0x2105,0x2105,0x2105,0x2105,0x2105,0x2125,0x2125,0x2125,0x2105,0x2125,
  0x2146,0x2946,0x2946,0x2966,0x2966,0x2966,0x2966,0x2946,0x2946,0x2946,0x2946,0x2946,
  0x2187,0x2166,0x2167,0x2167,0x2187,0x29A8,0x426A,0x4A8A,0x39E8,0x18E4,0x0882,0x0862,
  0x0882,0x1904,0x2125,0x31A7,0x31A7,0x10C3,0x10A3,0x10A3,0x0040,0x0040,0x1903,0x4228,
  0x9491,0x738D,0x39A6,0x1081,0x18A2,0x3185,0x6B6D,0xAD75,0x4A48,0x2944,0x0861,0x1081,
  0x0841,0x10A2,0x2945,0x0020,0x39C7,0x9471,0x9471,0x840F,0x83EF,0x5ACA,0x39A6,0x41E7,
  0x2944,0x4A48,0x738C,0x738D,0x630B,0x3185,0x2944,0x3165,0x3185,0x3165,0x3185,0x18E3,
  0x3165,0x4A27,0x41C6,0x2924,0x39A6,0x2944,0x1081,0x0861,0x0020,0x0000,0x0020,0x0000,
  0x0000,0x0000,0x0000,0x0000,0x0000,0x0000,0x0021,0x0041,0x0021,0x0000,0x0021,0x0882,
  0x10A2,0x0021,0x0862,0x18E3,0x3186,0x5289,0x6B6D,0x2945,0x18E2,0x4A48,0x6B4C,0x83EF,
  0x94B2,0x94F3,0x8472,0x7C52,0x8492,0x8493,0x8492,0x8CB3,0x8472,0x7C31,0x8CB3,0x73D0,
  0x94D4,0x9D15,0x8CB3,0x94F4,0x9D14,0x94D3,0xA555,0xBE18,0xADB6,0x8472,0xCE7A,0xC679,
  0xCE79,0xCE9A,0x9CF4,0x6BAF,0x636E,0x5B4E,0x5B4E,0x5B2E,0x636E,0x6BAF,0x7C31,0x5B4D,
  0x7C51,0x6BAF,0x530D,0x5B2D,0x5B0D,0x5B0D,0x7C10,0x94F4,0x8CD3,0x8492,0x8CB3,0x6BAF,
  0x1925,0x1925,0x1905,0x1905,0x2166,0x426A,0x426B,0x426A,0x426A,0x3A4A,0x3A4A,0x3A4A,
  0x3A2A,0x3A29,0x3A2A,0x3A2A,0x3A2A,0x3A4A,0x3A4A,0x3A09,0x3A09,0x3A09,0x31E9,0x3A0A,
  0x3A09,0x31E8,0x31E8,0x31E9,0x31E9,0x31E8,0x3208,0x3A09,0x3209,0x31E8,0x39E8,0x39E9,
  0x31E9,0x31E8,0x31E8,0x39E9,0x39E9,0x3A09,0x3A09,0x3A09,0x3A29,0x3A29,0x3A29,0x39E8,
  0x3187,0x2987,0x2946,0x2166,0x2967,0x2966,0x2146,0x2126,0x2125,0x2125,0x2126,0x2125,
  0x1925,0x1905,0x1925,0x1925,0x1905,0x1905,0x1905,0x1905,0x1905,0x1905,0x1905,0x1925,
  0x1905,0x1905,0x1905,0x1905,0x1905,0x2105,0x2105,0x1905,0x2125,0x2125,0x2946,0x2125,
  0x2125,0x2946,0x2946,0x2966,0x2966,0x2966,0x2966,0x2966,0x2966,0x2946,0x2946,0x2146,
  0x2187,0x3209,0x3209,0x3A2A,0x31E8,0x1925,0x2145,0x18E4,0x10C3,0x0882,0x0882,0x18E4,
  0x2966,0x18E4,0x3A08,0x4249,0x10C3,0x10A3,0x10C3,0x10C3,0x1903,0x10C3,0x4249,0x8430,
  0x7BEF,0x31A6,0x2924,0x2924,0x18A2,0x62EB,0x8430,0x94B2,0x39C7,0x2124,0x1061,0x1082,
  0x1081,0x630C,0x4A49,0x18E3,0x528A,0x7BAE,0x4A48,0x840F,0x840F,0x5AAA,0x840F,0x8C50,
  0x8C30,0x630B,0x4207,0x4A47,0x6B2B,0x4227,0x3165,0x2924,0x2944,0x2103,0x1081,0x41E7,
  0x4207,0x4A27,0x41E7,0x3144,0x39A6,0x2964,0x31A5,0x31A6,0x18C2,0x0040,0x0000,0x0000,
  0x0000,0x0000,0x0000,0x0000,0x0000,0x0000,0x0020,0x0020,0x0021,0x0000,0x0041,0x0882,
  0x18E3,0x0861,0x0862,0x18E3,0x2945,0x5ACB,0x5269,0x1081,0x2944,0x5268,0x4207,0x62CA,
  0x840F,0x9CD2,0x83EE,0x840F,0x94B2,0x9514,0x8472,0x8C93,0x8C93,0x8CB3,0x94D3,0x73F0,
  0x8472,0x94D3,0x8CB3,0x9D15,0x9D14,0x9D14,0xAD96,0xB5D7,0xB5D7,0x9D14,0xC659,0xD6BA,
  0xCE9A,0xC638,0x8472,0x73CF,0x636E,0x636E,0x636E,0x5B4E,0x5B4E,0x638E,0x73F0,0x5B4E,
  0x6BD0,0x636E,0x52ED,0x530D,0x52ED,0x52EC,0x636E,0x7411,0x8492,0x7C52,0x8452,0x4A8B,
  0x1925,0x2146,0x1925,0x18E5,0x1925,0x426A,0x426B,0x3A6A,0x3A4A,0x3A4A,0x3A4A,0x3A2A,
  0x3A29,0x3A29,0x3A29,0x3A2A,0x3A0A,0x320A,0x3A2A,0x3A29,0x3A09,0x39E9,0x31E9,0x31C8,
  0x29C8,0x31E8,0x31E8,0x31E8,0x3209,0x3208,0x3A08,0x3208,0x3208,0x31E9,0x31E8,0x31C8,
  0x3A09,0x3A09,0x3A09,0x39E9,0x39E9,0x3A09,0x3A09,0x3A29,0x3A29,0x3A29,0x4229,0x39E9,
  0x39C8,0x31C8,0x2966,0x2166,0x2967,0x2166,0x2146,0x2126,0x2126,0x2145,0x2146,0x2126,
  0x1925,0x1925,0x1925,0x1925,0x1905,0x1905,0x1905,0x1905,0x1905,0x1905,0x1905,0x1925,
  0x1905,0x1905,0x1905,0x1905,0x1905,0x2105,0x2105,0x1905,0x1905,0x2105,0x2966,0x2946,
  0x2125,0x2946,0x2946,0x2946,0x2946,0x2966,0x2966,0x2966,0x2966,0x2946,0x2946,0x2146,
  0x2167,0x3209,0x426B,0x3A29,0x29C8,0x3A09,0x4249,0x2125,0x18E4,0x0883,0x2966,0x2986,
  0x0021,0x10A3,0x2986,0x10C3,0x10C3,0x18E4,0x18E4,0x2125,0x2965,0x2965,0x4249,0x634C,
  0x4A49,0x2945,0x3185,0x20E3,0x39C7,0x528A,0x4208,0x39E7,0x18A2,0x0841,0x0861,0x0861,
  0x10A2,0x630B,0x736D,0x39C7,0x5ACA,0x62EB,0x630C,0x7BAE,0x6B6D,0x7BCE,0x9491,0x5ACB,
  0x41E7,0x736D,0x83EF,0x4206,0x4227,0x39C6,0x39A6,0x3165,0x18A2,0x1061,0x2944,0x39A6,
  0x1081,0x4A27,0x39A6,0x20E3,0x3165,0x18A2,0x2924,0x2944,0x3185,0x2124,0x1082,0x0000,
  0x0000,0x0000,0x0000,0x0000,0x0000,0x0000,0x0000,0x0020,0x0020,0x0020,0x0020,0x0841,
  0x2104,0x10A2,0x1082,0x2124,0x39C6,0x39C6,0x10A2,0x1081,0x41E6,0x4A27,0x3144,0x49E7,
  0x62CA,0x6AEA,0x734C,0x62EA,0xA4F3,0x94D3,0x8C93,0x8CB3,0x94F4,0x9D14,0x9D15,0x94D4,
  0x73CF,0x7C31,0xA555,0x9D35,0xA555,0xAD75,0xB5D7,0xBDF8,0xAD75,0xB5B6,0xC659,0xD6BA,
  0xC638,0xA535,0x73CF,0x6BCF,0x6BCF,0x638F,0x636E,0x636E,0x5B4E,0x5B4E,0x638F,0x532D,
  0x52EC,0x52ED,0x52ED,0x52ED,0x52EC,0x52ED,0x73D0,0x8452,0x6BCF,0x6BAF,0x6BD0,0x1946,
  0x1905,0x2146,0x1925,0x18E5,0x1925,0x3A4A,0x426A,0x3A4A,0x3A2A,0x3A2A,0x3A2A,0x3A29,
  0x3A29,0x3A29,0x3A2A,0x320A,0x3A0A,0x3209,0x3209,0x3209,0x3209,0x31E9,0x31E8,0x31E8,
  0x31C8,0x31E8,0x31E8,0x31E8,0x3209,0x3209,0x3A09,0x3A09,0x31E8,0x31E8,0x31C8,0x31C8,
  0x3A09,0x424A,0x424A,0x3A09,0x3A09,0x3A09,0x3A09,0x3A09,0x4209,0x4209,0x4209,0x4209,
  0x4209,0x4229,0x2986,0x2166,0x2166,0x2966,0x2967,0x2146,0x2146,0x2145,0x2125,0x2125,
  0x2125,0x2125,0x2125,0x2105,0x2105,0x1905,0x1905,0x1905,0x1905,0x1905,0x1905,0x1905,
  0x1905,0x1905,0x1905,0x1905,0x1905,0x1905,0x1905,0x1905,0x2105,0x2125,0x2926,0x2926,
  0x2946,0x2946,0x2946,0x2946,0x2966,0x2966,0x2966,0x2946,0x2946,0x2946,0x2946,0x2946,
  0x2167,0x1946,0x2187,0x426A,0x52EC,0x634D,0x3A08,0x18E4,0x18E4,0x2145,0x2145,0x0021,
  0x2125,0x4249,0x1904,0x10C3,0x0841,0x0862,0x2145,0x31C7,0x31C7,0x2104,0x2125,0x528A,
  0x3186,0x18E3,0x10A2,0x10A2,0x2104,0x39E7,0x4A48,0x3165,0x2965,0x0821,0x0841,0x1082,
  0x2103,0x39C7,0x3165,0x18C3,0x3186,0x2945,0x0861,0x528A,0xC638,0xA4F3,0x840F,0x62EB,
  0x2944,0x39C6,0x5ACA,0x4A48,0x39A6,0x2103,0x2945,0x2945,0x18A2,0x0840,0x39A6,0x2924,
  0x3986,0x2924,0x0840,0x1881,0x2103,0x1061,0x18E3,0x10A1,0x18C2,0x2103,0x2965,0x2924,
  0x0820,0x0000,0x0000,0x0000,0x0000,0x0000,0x0000,0x0000,0x0000,0x0000,0x0021,0x0020,
  0x18C3,0x2104,0x18C3,0x2104,0x39C7,0x2103,0x1061,0x18A2,0x2924,0x5268,0x5248,0x3144,
  0x3144,0x5268,0x5AA9,0x62EA,0x840F,0x94B2,0x94D2,0x94B2,0x9D14,0x94D3,0x94F3,0x9D14,
  0x94F4,0x7C10,0x94F4,0xA556,0xA535,0xA555,0xB5D7,0xB5D7,0xB5D7,0xBE18,0xC659,0xD6BA,
  0xB5D7,0x7C10,0x73F0,0x7C31,0x73D0,0x73D0,0x6BD0,0x638F,0x5B2D,0x530D,0x530D,0x52ED,
  0x4AEC,0x52ED,0x4AED,0x4ACC,0x4ACC,0x5B2D,0x6BB0,0x6B8F,0x52CC,0x636E,0x4AAB,0x0062,
  0x1905,0x1925,0x1905,0x10E4,0x2166,0x3A4A,0x3A4A,0x3A2A,0x3A2A,0x3A29,0x3A29,0x3A29,
  0x3A2A,0x3A2A,0x3A2A,0x320A,0x3209,0x3209,0x3209,0x3A09,0x3A09,0x31E9,0x31E9,0x31E9,
  0x31E9,0x31E9,0x3209,0x3A09,0x3209,0x3A09,0x3A09,0x39E9,0x39E9,0x31C8,0x31C8,0x31C8,
  0x39E9,0x3A29,0x4229,0x422A,0x4229,0x3A29,0x3A29,0x3A09,0x4209,0x4229,0x4229,0x4229,
  0x4229,0x4229,0x31A7,0x2966,0x2966,0x2966,0x2946,0x2946,0x2146,0x2145,0x2145,0x2125,
  0x2125,0x2125,0x2125,0x2105,0x2105,0x1905,0x1905,0x1905,0x1905,0x1905,0x1905,0x1905,
  0x1905,0x1905,0x1905,0x1905,0x1905,0x1905,0x1905,0x2105,0x2105,0x2125,0x2926,0x2926,
  0x2946,0x2946,0x2966,0x2946,0x2946,0x2946,0x2946,0x2946,0x2946,0x2946,0x2946,0x2145,
  0x29A7,0x3209,0x3A4A,0x31C8,0x52EC,0x4249,0x08A2,0x10A3,0x1904,0x2125,0x0862,0x2145,
  0x52CB,0x31A7,0x0882,0x0020,0x0861,0x2966,0x2986,0x3A08,0x2125,0x10A3,0x3186,0x39E8,
  0x10A2,0x10A2,0x0020,0x0861,0x1082,0x10A2,0x18C3,0x0841,0x18C3,0x2924,0x2945,0x2104,
  0x20E3,0x2124,0x2103,0x5ACB,0x3185,0x0000,0x2965,0xA514,0x8C51,0x4A28,0x5ACA,0x7BAE,
  0x630B,0x5268,0x39A5,0x2923,0x62CA,0x39A6,0x2103,0x2945,0x1081,0x18C2,0x3165,0x18C2,
  0x3185,0x10A2,0x2965,0x2965,0x2945,0x4207,0x0861,0x31A6,0x3186,0x18C2,0x2944,0x3185,
  0x20E3,0x0841,0x0020,0x0020,0x0000,0x0000,0x0000,0x0000,0x0000,0x0000,0x0000,0x0000,
  0x0862,0x2966,0x3186,0x18C3,0x10A2,0x0861,0x1082,0x18C2,0x1061,0x20C2,0x5228,0x5A69,
  0x49E6,0x4A07,0x3164,0x41C6,0x5248,0x62EA,0x7BEF,0x94D2,0x9CF3,0x94D3,0x94F3,0x9D14,
  0x9D35,0x9D35,0x9D14,0x94D3,0x94F4,0x9D14,0xA555,0xAD76,0xB5B6,0xBDF7,0xBDF7,0xC618,
  0xCE9A,0x9CF4,0x7C30,0x94F4,0x8CB3,0x8C92,0x7C31,0x6BAF,0x5B2D,0x530D,0x530D,0x4AEC,
  0x4ACC,0x4ACC,0x4ACC,0x4ACC,0x4AAC,0x4ACC,0x4AAB,0x4ACC,0x4AEC,0x530C,0x1946,0x08A3,
  0x10C4,0x10E5,0x10E4,0x08C4,0x1905,0x3A4A,0x3A2A,0x3A2A,0x3A2A,0x3A29,0x3A29,0x3A2A,
  0x3A2A,0x3A09,0x3209,0x3209,0x3209,0x3209,0x31E9,0x3209,0x3A2A,0x3A09,0x31E9,0x3A09,
  0x3A2A,0x3209,0x3A09,0x3A29,0x3A29,0x3A09,0x39E9,0x3A09,0x3A29,0x39E9,0x31C8,0x39E9,
  0x3A09,0x3A09,0x3A09,0x3A29,0x4229,0x4229,0x4229,0x4229,0x4229,0x4229,0x424A,0x4229,
  0x3A09,0x39E8,0x3187,0x2987,0x29A7,0x2987,0x2966,0x2946,0x2146,0x2146,0x2146,0x2946,
  0x2125,0x2125,0x2125,0x2125,0x2146,0x1905,0x1905,0x1905,0x1905,0x1905,0x1905,0x1905,
  0x1905,0x1905,0x1905,0x1905,0x1905,0x2105,0x2105,0x2105,0x2105,0x2125,0x2126,0x2145,
  0x2945,0x2946,0x3166,0x2946,0x2925,0x2125,0x2926,0x2946,0x2946,0x2946,0x2926,0x2125,
  0x29C8,0x29A7,0x2987,0x424A,0x424A,0x2145,0x1904,0x0841,0x10A3,0x10C4,0x2125,0x3A08,
  0x2125,0x10A3,0x0021,0x0021,0x2165,0x2966,0x2966,0x2145,0x10A3,0x10A3,0x2965,0x2965,
  0x0841,0x0841,0x0000,0x0861,0x0841,0x0841,0x10A2,0x2104,0x41E7,0x6B6D,0x5ACB,0x39C7,
  0x4228,0x5AEB,0x736D,0x6B2C,0x1082,0x0820,0x528A,0x738E,0x39C6,0x4A28,0x5ACB,0x6B4C,
  0x6B4C,0x6B4C,0x3165,0x3985,0x39A6,0x5268,0x39E7,0x18C2,0x0840,0x20E3,0x2124,0x2944,
  0x1903,0x0020,0x2123,0x2944,0x2104,0x2124,0x10A3,0x2924,0x20E4,0x18A2,0x18A2,0x1881,
  0x2923,0x3165,0x0861,0x0020,0x0000,0x0000,0x0020,0x0000,0x0000,0x0000,0x0000,0x0000,
  0x0021,0x3186,0x31A6,0x1082,0x0020,0x0841,0x10A2,0x1061,0x0000,0x0841,0x18A2,0x2903,
  0x5A68,0x4A27,0x2923,0x41A6,0x6B2C,0x8C0F,0x7BCE,0x9471,0x9492,0x94B3,0x94D3,0x9D14,
  0x9D35,0xA555,0x94D3,0x73F0,0x7410,0x7C31,0x8C92,0x94F3,0xA535,0xAD96,0xB5D7,0xB5D7,
  0xC638,0xA555,0x8C92,0xBE39,0xC659,0x8C92,0x634E,0x636E,0x5B2D,0x530D,0x52ED,0x4ACC,
  0x4ACC,0x4ACC,0x4ACC,0x4ACC,0x4AAB,0x4AAB,0x4AAC,0x4AAB,0x42AB,0x4ACC,0x29A7,0x10C4,
  0x10C4,0x1905,0x18E5,0x10C4,0x1925,0x3A2A,0x3A2A,0x3A2A,0x3A2A,0x3A29,0x3A2A,0x3A2A,
  0x3A2A,0x3209,0x3209,0x3229,0x3209,0x3209,0x31E9,0x31E9,0x3209,0x3A29,0x3A09,0x3A29,
  0x426A,0x3A2A,0x3A2A,0x3A4A,0x3A09,0x39E9,0x39E9,0x39E9,0x3A09,0x3A09,0x3A09,0x3A09,
  0x3A09,0x3A09,0x3A29,0x3A29,0x4229,0x4229,0x4229,0x4229,0x4229,0x4A4A,0x4209,0x31A7,
  0x31A7,0x31A8,0x39C8,0x39C8,0x31A8,0x2986,0x2966,0x2966,0x2946,0x2946,0x2946,0x2146,
  0x2146,0x2126,0x2125,0x2125,0x2125,0x2125,0x2125,0x2105,0x1905,0x1905,0x1905,0x1905,
  0x2105,0x2105,0x2105,0x2105,0x2105,0x2105,0x2105,0x2105,0x2105,0x2125,0x2126,0x2145,
  0x2945,0x2945,0x2946,0x2946,0x2125,0x2125,0x2925,0x2946,0x2946,0x2926,0x2125,0x2145,
  0x1946,0x2187,0x3A2A,0x428B,0x2987,0x1925,0x0041,0x0041,0x18E4,0x10C4,0x2986,0x2987,
  0x10A3,0x0041,0x0000,0x10C3,0x2965,0x10C3,0x2966,0x10C3,0x0862,0x0841,0x2104,0x1082,
  0x0000,0x0000,0x0020,0x0020,0x0841,0x10A2,0x1082,0x18E3,0x6B4D,0x94B2,0x5289,0x632C,
  0x62EB,0x5ACB,0x736D,0x4207,0x39E7,0x4A48,0x39C6,0x6B6D,0x4228,0x5269,0x4A49,0x4A28,
  0x6B4C,0x62EB,0x2923,0x5248,0x4A07,0x20E3,0x2965,0x18C3,0x0000,0x18C2,0x18E3,0x2965,
  0x1903,0x0020,0x1081,0x10A2,0x1081,0x2124,0x10A2,0x3186,0x5A8A,0x1881,0x5228,0x4A27,
  0x39C6,0x4A27,0x2965,0x0000,0x0861,0x0841,0x0000,0x0862,0x1082,0x0000,0x0000,0x0861,
  0x10A2,0x18E3,0x18E3,0x0862,0x0000,0x1062,0x2965,0x1082,0x0000,0x0820,0x1041,0x1061,
  0x20C2,0x4A07,0x6AEA,0x72EA,0x5269,0x83EE,0x6B4C,0x4A48,0x7BCF,0xA4F3,0x94D3,0x9D14,
  0x9D35,0x9D35,0x94D3,0x7C31,0x73F0,0x73F0,0x8452,0x8C92,0x9D14,0xA576,0xA535,0xA535,
  0xAD96,0x7C10,0xAD96,0xCE9A,0x94D4,0x7C51,0x634E,0x5B2D,0x5B2D,0x530D,0x4AEC,0x4ACC,
  0x4ACC,0x4ACC,0x4ACC,0x4ACC,0x4ACC,0x4AAB,0x4AAB,0x42AB,0x428B,0x4ACC,0x3209,0x08C4,
  0x10C4,0x1925,0x1905,0x10C4,0x1925,0x3A29,0x3A2A,0x3A2A,0x3A29,0x3A29,0x3A09,0x3A0A,
  0x3A0A,0x3A09,0x3229,0x3209,0x3209,0x3209,0x3209,0x3209,0x3A09,0x3A09,0x3A29,0x3A2A,
  0x3A2A,0x3A2A,0x3A2A,0x3A2A,0x3A09,0x3A09,0x3A09,0x3A09,0x3A09,0x3A09,0x3A09,0x4229,
  0x3A29,0x3A09,0x4229,0x4229,0x4229,0x4229,0x4A4A,0x4229,0x422A,0x4249,0x39E8,0x31A7,
  0x31A7,0x31C8,0x39E8,0x31C8,0x2987,0x2966,0x2966,0x2966,0x2946,0x2946,0x2946,0x2146,
  0x2146,0x2146,0x2125,0x2125,0x2125,0x2125,0x2125,0x2105,0x1905,0x1905,0x1905,0x1905,
  0x2105,0x2105,0x2105,0x2105,0x2105,0x2105,0x2125,0x2125,0x2125,0x2125,0x2146,0x2945,
  0x2945,0x2945,0x2945,0x2946,0x2125,0x2125,0x2125,0x2925,0x2925,0x2125,0x2125,0x2125,
  0x2187,0x29C8,0x428B,0x428B,0x1925,0x0862,0x0862,0x18E4,0x08A3,0x18E4,0x2145,0x18E4,
  0x0042,0x0000,0x0041,0x2145,0x18E3,0x10C3,0x1904,0x0882,0x0041,0x0861,0x18E4,0x0841,
  0x0000,0x0841,0x0841,0x0861,0x10A2,0x3186,0x0841,0x18E3,0x736E,0x5AAA,0x5ACA,0x630B,
  0x3185,0x5ACB,0x6B4C,0x3185,0x52A9,0x738D,0x4207,0x4208,0x2965,0x6B2C,0x4207,0x18C2,
  0x73AD,0x7BCE,0x2944,0x5268,0x6B2C,0x3165,0x18A2,0x1082,0x0000,0x10A2,0x18E3,0x2124,
  0x2124,0x10A2,0x3185,0x5269,0x2945,0x18E3,0x10A2,0x5289,0x39C6,0x736C,0x4A48,0x62CA,
  0x5A89,0x3164,0x39A6,0x18C3,0x18C3,0x10A2,0x0841,0x0000,0x2104,0x18E4,0x0000,0x10A2,
  0x18E3,0x0861,0x0020,0x0861,0x0021,0x2104,0x31A6,0x1082,0x0820,0x0000,0x0820,0x0841,
  0x1061,0x1881,0x41A5,0x62A9,0x62A9,0x630A,0x4A27,0x41E6,0x5AA9,0x6B6C,0x8C71,0x8C71,
  0x9CF3,0x9D14,0x8CB3,0x94D3,0x8472,0x8472,0x8492,0x94F4,0xA555,0xA535,0x8CB2,0x8CB3,
  0x8C92,0x94B3,0xAD76,0x8452,0x73D0,0x6BAF,0x634E,0x5B2D,0x5B2D,0x532D,0x52EC,0x4ACC,
  0x4ACC,0x4ACC,0x4ACC,0x4ACC,0x4AAB,0x428B,0x42AB,0x428B,0x426B,0x4AEC,0x3A29,0x08A3,
  0x10E4,0x1926,0x1905,0x10C4,0x2166,0x3A2A,0x3A29,0x3A29,0x3229,0x3209,0x3209,0x3209,
  0x3209,0x3209,0x3209,0x3209,0x3209,0x3209,0x3209,0x3209,0x3A09,0x3A29,0x3A2A,0x3A4A,
  0x3A4A,0x3A29,0x3A2A,0x3A29,0x3A29,0x3A29,0x3A09,0x3A09,0x3A29,0x3A29,0x3A09,0x3A29,
  0x4229,0x4229,0x4229,0x4229,0x4229,0x4229,0x4A4A,0x4229,0x39E8,0x39E8,0x31C8,0x2987,
  0x31A7,0x31C8,0x39E8,0x31A7,0x3187,0x2967,0x2966,0x2966,0x2946,0x2946,0x2946,0x2946,
  0x2946,0x2946,0x2926,0x2125,0x2125,0x2125,0x2125,0x2105,0x2105,0x2105,0x2105,0x2105,
  0x2105,0x2105,0x2105,0x2105,0x2105,0x2125,0x2125,0x2125,0x2125,0x2925,0x2946,0x2946,
  0x2945,0x2125,0x2125,0x2125,0x2125,0x2125,0x2125,0x2125,0x2125,0x2125,0x2125,0x2125,
  0x3209,0x428B,0x5B2D,0x29A7,0x10C3,0x10E4,0x0882,0x10A3,0x08A3,0x18E4,0x18E4,0x0862,
  0x0000,0x0021,0x1904,0x1904,0x0882,0x10C3,0x0862,0x0841,0x0862,0x0882,0x18E3,0x0020,
  0x0861,0x0841,0x0861,0x2104,0x3186,0x2945,0x10A2,0x18C3,0x4A49,0x528A,0x5AEB,0x4207,
  0x4228,0x7BEF,0x4A28,0x39E7,0x630B,0x738D,0x4A48,0x18E3,0x18E3,0x5AAA,0x2103,0x0840,
  0x4A48,0x8C50,0x20E3,0x39A6,0x4A49,0x5AAA,0x2945,0x0841,0x0020,0x1082,0x18E3,0x0861,
  0x2103,0x0040,0x2124,0x4A48,0x4A48,0x3185,0x0020,0x3185,0x39A6,0x83CE,0x39A5,0x41E6,
  0x3984,0x2102,0x4207,0x3145,0x18A2,0x10A2,0x18C3,0x0841,0x0841,0x39C7,0x10A2,0x10A2,
  0x20E4,0x0020,0x0020,0x0000,0x0821,0x2945,0x2965,0x0820,0x0000,0x0000,0x0020,0x0821,
  0x0841,0x1061,0x10A2,0x1061,0x41A5,0x732A,0x4A06,0x41C5,0x7B8C,0x8C2F,0x9491,0x5AEB,
  0x7C10,0x8C92,0x8472,0x94D3,0x94D3,0x9D14,0x94D3,0x94F4,0x9D55,0x94D3,0x8472,0x94B3,
  0x9D14,0xADB7,0x8472,0x6B6E,0x6BAF,0x636F,0x636E,0x5B4D,0x532D,0x530D,0x530D,0x52EC,
  0x52EC,0x4ACC,0x52EC,0x4ACC,0x428B,0x426B,0x4AAC,0x52ED,0x4AAC,0x530D,0x1966,0x08C4,
  0x10E4,0x1905,0x10C4,0x10C4,0x29A7,0x3A2A,0x3209,0x3A29,0x3209,0x3209,0x3209,0x3209,
  0x3209,0x3209,0x3209,0x3209,0x3209,0x3209,0x3209,0x3209,0x3A29,0x3A2A,0x3A2A,0x3A2A,
  0x3A4A,0x3A29,0x3A29,0x3A29,0x3A29,0x3A29,0x3A29,0x3A29,0x3A29,0x3A29,0x3A29,0x3A29,
  0x3A29,0x4229,0x422A,0x4229,0x4229,0x4229,0x39E9,0x31C8,0x31A7,0x31A7,0x31A7,0x2966,
  0x2987,0x31A7,0x3187,0x3187,0x2987,0x2966,0x2966,0x2966,0x2966,0x2966,0x2966,0x2946,
  0x2946,0x2946,0x2926,0x2126,0x2125,0x2125,0x2125,0x2125,0x2125,0x2125,0x2125,0x2125,
  0x2125,0x2125,0x2125,0x2125,0x2125,0x2145,0x2946,0x2946,0x2945,0x2946,0x2946,0x2946,
  0x2125,0x2125,0x2125,0x2125,0x2125,0x2125,0x2125,0x2125,0x2125,0x2125,0x2125,0x2105,
  0x4ACC,0x52EC,0x29A7,0x1904,0x1904,0x0862,0x0882,0x1925,0x10C3,0x2125,0x0882,0x0020,
  0x0000,0x10A2,0x1904,0x10A2,0x0862,0x0841,0x0021,0x0862,0x0041,0x10A2,0x0882,0x0021,
  0x0020,0x1082,0x10A2,0x2104,0x39C7,0x39E7,0x4208,0x2945,0x2945,0x3165,0x20E3,0x3185,
  0x738D,0x52AA,0x4208,0x5269,0x2124,0x738D,0x632C,0x18A2,0x18E3,0x4A28,0x18A2,0x0840,
  0x3185,0x6B4D,0x2965,0x1081,0x2944,0x39A6,0x4A28,0x18C3,0x0000,0x0861,0x2104,0x18A2,
  0x20E3,0x0020,0x0861,0x1082,0x2904,0x1082,0x0000,0x18A2,0x5A89,0x5248,0x5269,0x7B8D,
  0x7B8D,0x5A89,0x39A5,0x4A27,0x3144,0x3185,0x2104,0x18C3,0x0000,0x18E3,0x39E7,0x18E3,
  0x18E3,0x0000,0x0020,0x0841,0x20E4,0x2966,0x2124,0x0020,0x0000,0x0000,0x0000,0x0020,
  0x0041,0x1082,0x1061,0x0841,0x1061,0x3102,0x6268,0x7B6B,0x8C0E,0x736C,0x840F,0x738E,
  0x73AF,0x94D3,0x8C93,0x8CB3,0x94D3,0x9D14,0x9D14,0x9D14,0x8CB3,0x8451,0x8CB3,0x9D14,
  0x9D15,0xAD96,0x94D3,0x8C92,0x8472,0x6BAF,0x636E,0x634E,0x5B2D,0x530D,0x530D,0x52EC,
  0x52ED,0x5B2D,0x52EC,0x4ACC,0x428B,0x4AAB,0x4ACC,0x29C8,0x2166,0x31E8,0x1104,0x08C4,
  0x10C4,0x10C4,0x10C4,0x10E4,0x3A09,0x3A2A,0x3A29,0x3A29,0x3209,0x3209,0x3209,0x3209,
  0x3209,0x3209,0x3209,0x3209,0x3209,0x3209,0x3A09,0x3A09,0x3A2A,0x3A2A,0x3A2A,0x3A2A,
  0x3A29,0x3A49,0x3A49,0x3A29,0x3A29,0x3A29,0x3A29,0x3A29,0x3A29,0x3A29,0x3A29,0x3A29,
  0x4229,0x4229,0x4229,0x422A,0x4A4A,0x39E8,0x3187,0x2987,0x29A7,0x29A7,0x2987,0x2987,
  0x2986,0x2966,0x2966,0x2966,0x2966,0x2967,0x2966,0x2966,0x2966,0x2966,0x2966,0x2946,
  0x2945,0x2146,0x2146,0x2146,0x2126,0x2125,0x2125,0x2125,0x2125,0x2125,0x2125,0x2125,
  0x2125,0x2125,0x2125,0x2125,0x2125,0x2145,0x2946,0x2946,0x2946,0x2946,0x2966,0x2966,
  0x2125,0x2125,0x2125,0x2125,0x2125,0x2125,0x2125,0x2125,0x2125,0x2125,0x2125,0x2105,
  0x52EC,0x4ACC,0x29A7,0x18E4,0x0862,0x1904,0x2166,0x10C3,0x10E4,0x10C4,0x0021,0x0000,
  0x0861,0x18E3,0x0862,0x0862,0x0021,0x0000,0x0841,0x0021,0x0021,0x0861,0x0841,0x0041,
  0x0861,0x2104,0x39C7,0x3186,0x4228,0x4228,0x4228,0x3186,0x18A2,0x2925,0x2924,0x39C7,
  0x7BCE,0x4A49,0x528A,0x39C6,0x39A6,0x5ACB,0x62EB,0x0841,0x2945,0x4A28,0x20E3,0x18C2,
  0x2944,0x4A28,0x630B,0x1082,0x2104,0x39C6,0x0861,0x10A2,0x0882,0x0861,0x18C3,0x18C3,
  0x1082,0x10A2,0x10A2,0x18C2,0x18A2,0x5269,0x528A,0x2924,0x20E3,0x39C6,0x5268,0x1882,
  0x7B8D,0x9450,0x3984,0x4206,0x2944,0x2924,0x2944,0x39A6,0x2924,0x0861,0x2145,0x39C7,
  0x18C3,0x0000,0x0000,0x1082,0x2945,0x39C7,0x2945,0x0040,0x0020,0x0000,0x0000,0x0020,
  0x0020,0x0820,0x1082,0x1061,0x1081,0x1040,0x20C2,0x3985,0x5A69,0x62EA,0x62EB,0x632C,
  0x738E,0x6B2D,0x8C51,0x7C30,0x7C31,0x94D3,0x8CB3,0x8CB3,0x8472,0x8CB3,0x8CB3,0x9D35,
  0xA576,0xAD76,0xAD76,0xA576,0x9D14,0x8472,0x6BAF,0x636E,0x634E,0x5B0D,0x5B2D,0x530D,
  0x530D,0x5B4E,0x52EC,0x4ACC,0x4AAB,0x52EC,0x3A6A,0x10E4,0x10C4,0x2987,0x2166,0x10E4,
  0x1925,0x10E4,0x2146,0x31C8,0x3A29,0x3A09,0x31E9,0x31E9,0x3A29,0x3209,0x3209,0x3209,
  0x3209,0x3209,0x3A29,0x3209,0x3209,0x3209,0x3A09,0x3A09,0x3A09,0x3A09,0x3A29,0x3A2A,
  0x3A29,0x3A49,0x3A49,0x3A29,0x3A29,0x3A29,0x3A29,0x3A29,0x3A29,0x3A29,0x3A29,0x3A29,
  0x4229,0x4229,0x4229,0x4A4A,0x4229,0x31A7,0x2987,0x2987,0x2987,0x29A7,0x2987,0x2986,
  0x2166,0x2166,0x2966,0x2966,0x2967,0x2987,0x2946,0x2966,0x2946,0x2946,0x2946,0x2945,
  0x2945,0x2145,0x2146,0x2146,0x2125,0x2125,0x2125,0x2125,0x2125,0x2125,0x2125,0x2125,
  0x2125,0x2125,0x2945,0x2946,0x2946,0x2946,0x2946,0x2946,0x3166,0x3166,0x2946,0x2946,
  0x2125,0x2125,0x2125,0x2125,0x2125,0x2125,0x2125,0x2125,0x2125,0x2125,0x2125,0x2125,
  0x4ACC,0x31E8,0x10C4,0x0000,0x1905,0x2125,0x10C3,0x0882,0x1904,0x10A3,0x0021,0x0861,
  0x10C3,0x0862,0x0841,0x0021,0x0000,0x0041,0x0041,0x0021,0x0841,0x0862,0x0862,0x18C3,
  0x2104,0x39E7,0x4208,0x2965,0x4A69,0x31A6,0x31A6,0x52AA,0x2124,0x2104,0x18E3,0x3186,
  0x62EC,0x4A49,0x39C7,0x2104,0x4A49,0x3185,0x0861,0x2124,0x4208,0x2104,0x1081,0x2924,
  0x2104,0x20C3,0x41E7,0x2945,0x0820,0x2965,0x18C3,0x0841,0x0861,0x0841,0x0841,0x18C3,
  0x18C2,0x18E3,0x1081,0x18C3,0x2104,0x7BAE,0x6B2C,0x3165,0x2924,0x7BAD,0x7BAD,0x5248,
  0x41C6,0x734C,0x4A06,0x5248,0x4A48,0x18C2,0x1061,0x2944,0x39A6,0x4A48,0x10A2,0x2945,
  0x18C3,0x0000,0x0000,0x2104,0x39E7,0x2945,0x2965,0x0862,0x0020,0x0000,0x0000,0x0000,
  0x0000,0x0020,0x0020,0x0841,0x1082,0x1082,0x0861,0x1040,0x2103,0x5A89,0x62EA,0x5AAA,
  0x840F,0x630C,0x6B2C,0x73CF,0x7410,0x8472,0x8451,0x8472,0x8451,0x7C31,0x94D4,0xA535,
  0xA555,0xA555,0xAD76,0xAD76,0x8C93,0x8452,0x7C31,0x636E,0x5B4E,0x5B0D,0x636E,0x5B4E,
  0x5B2D,0x5B4E,0x52ED,0x4ACC,0x4ACC,0x4ACC,0x4ACB,0x4AAB,0x2166,0x1925,0x1105,0x10E4,
  0x1925,0x1905,0x1904,0x1904,0x1925,0x1925,0x10E5,0x2166,0x3A09,0x3A09,0x3A09,0x3A09,
  0x3A09,0x3A09,0x3A09,0x3209,0x3209,0x3A09,0x3A09,0x3A09,0x3A09,0x3A09,0x3A29,0x3A29,
  0x3A29,0x3A49,0x3A2A,0x3A2A,0x3A2A,0x3A2A,0x3A2A,0x3A2A,0x3A29,0x3A29,0x3A29,0x422A,
  0x4229,0x422A,0x422A,0x4A4A,0x39E8,0x2987,0x2987,0x2966,0x2987,0x29A7,0x2987,0x2987,
  0x2966,0x2966,0x2966,0x2966,0x2946,0x2946,0x2966,0x2966,0x2966,0x2966,0x2946,0x2946,
  0x2945,0x2125,0x2145,0x2945,0x2125,0x2125,0x2125,0x2125,0x2125,0x2125,0x2125,0x2125,
  0x2125,0x2946,0x2966,0x2946,0x2946,0x2946,0x2946,0x2946,0x2966,0x2966,0x2946,0x2945,
  0x2925,0x2125,0x2125,0x2125,0x2125,0x2125,0x2125,0x2125,0x2125,0x2125,0x2125,0x2125,
  0x4AAB,0x1905,0x0041,0x0862,0x2125,0x0021,0x08A3,0x1905,0x10A3,0x0862,0x0020,0x0862,
  0x0021,0x0021,0x0021,0x0000,0x0000,0x0041,0x0841,0x0041,0x0041,0x0862,0x10A3,0x3186,
  0x2104,0x4A49,0x39C7,0x39C7,0x5ACB,0x2124,0x39E7,0x5ACB,0x2124,0x2965,0x10A2,0x2104,
  0x5ACB,0x3165,0x3165,0x18C3,0x2945,0x18C2,0x0841,0x4228,0x2965,0x1082,0x0861,0x18E3,
  0x2104,0x18C3,0x39C6,0x39A6,0x0000,0x1082,0x18C3,0x0021,0x0841,0x0820,0x0000,0x18A2,
  0x18C3,0x1082,0x18E3,0x0020,0x39C7,0x41E7,0x2945,0x1061,0x39A6,0x6B2C,0x6B0B,0x5AAA,
  0xB533,0x9C50,0x3144,0x5248,0x6B2B,0x2923,0x0840,0x18A2,0x10A2,0x4207,0x4A69,0x2945,
  0x10A2,0x0000,0x0000,0x4208,0x39C7,0x0000,0x2104,0x2965,0x1062,0x0000,0x0020,0x0861,
  0x0000,0x0020,0x0000,0x0000,0x0000,0x1082,0x1082,0x1040,0x1061,0x20A2,0x39A6,0x5A89,
  0x83CF,0x7B8E,0x62AB,0x73AE,0x7C31,0x7C31,0x8451,0x8472,0x8452,0x8451,0x94D3,0x94F4,
  0x94D4,0x9D14,0xA555,0xAD76,0xAD96,0xA576,0x8452,0x634E,0x5B2D,0x5B0D,0x5B2D,0x5B6E,
  0x636E,0x5B4E,0x5B2D,0x530D,0x52EC,0x530C,0x530D,0x3209,0x1905,0x2166,0x1105,0x08C4,
  0x10C4,0x10C4,0x10E4,0x10E4,0x10C4,0x1905,0x1925,0x1946,0x3209,0x3A09,0x3A09,0x3A09,
  0x3A09,0x3A09,0x3A09,0x3A09,0x3209,0x3209,0x3A09,0x3A09,0x3A09,0x3A09,0x3A29,0x3A29,
  0x3A29,0x3A2A,0x3A2A,0x3A2A,0x3A2A,0x3A2A,0x3A2A,0x3A2A,0x3A2A,0x3A2A,0x4229,0x422A,
  0x422A,0x4A2A,0x4229,0x422A,0x39E8,0x3187,0x2966,0x2966,0x2987,0x2987,0x2966,0x2966,
  0x2166,0x2166,0x2146,0x2146,0x2146,0x2146,0x2146,0x2946,0x2946,0x2946,0x2946,0x2946,
  0x2945,0x2925,0x2945,0x2945,0x2925,0x2925,0x2925,0x2925,0x2125,0x2125,0x2925,0x2125,
  0x2925,0x2966,0x2966,0x3166,0x3166,0x3166,0x2946,0x2946,0x2946,0x2966,0x2946,0x2946,
  0x2945,0x2925,0x2945,0x2925,0x2925,0x2925,0x2125,0x2125,0x2125,0x2125,0x2125,0x2125,
  0x31C7,0x0862,0x0021,0x10A3,0x0862,0x10C3,0x2166,0x10E4,0x0882,0x0020,0x0041,0x0021,
  0x0021,0x0041,0x0021,0x0021,0x0021,0x0862,0x0882,0x0841,0x0841,0x18C4,0x2966,0x39C7,
  0x2124,0x4229,0x2104,0x3186,0x31A6,0x10A2,0x528A,0x5AEB,0x2945,0x2124,0x18C3,0x1082,
  0x39E7,0x2124,0x10A2,0x39C7,0x2945,0x0861,0x1082,0x3165,0x18C2,0x0861,0x0861,0x0861,
  0x0020,0x18C3,0x31A6,0x4207,0x3165,0x2945,0x2104,0x18E3,0x0841,0x0820,0x0000,0x0000,
  0x2103,0x18A2,0x20E3,0x2945,0x0000,0x18C3,0x2924,0x18A2,0x0820,0x62EB,0x83CE,0x0000,
  0x3985,0x6B2B,0x41E6,0x6B0B,0x5A69,0x41C6,0x20C3,0x18A2,0x0841,0x0861,0x528A,0x52AA,
  0x2965,0x0840,0x0000,0x2945,0x18C3,0x0021,0x0841,0x18E4,0x2104,0x1082,0x0000,0x0841,
  0x18C3,0x0000,0x0000,0x0000,0x0000,0x0000,0x0841,0x1082,0x18A2,0x1061,0x1061,0x18C2,
  0x2903,0x5A69,0x5228,0x5ACB,0x8472,0x7C31,0x7C31,0x7C51,0x8472,0x94D4,0x9D15,0x94F4,
  0x94F4,0x9D14,0x9D14,0xAD76,0x94D3,0xADB7,0xA556,0x73D0,0x634E,0x5B2D,0x5B2D,0x636E,
  0x636E,0x6BAF,0x6BAF,0x5B4E,0x636E,0x5B2D,0x3A29,0x08C4,0x10E4,0x1905,0x1925,0x1925,
  0x1925,0x1925,0x1904,0x10E4,0x10C4,0x10E4,0x18E5,0x1925,0x3209,0x3A29,0x3A09,0x3A09,
  0x3A09,0x3A09,0x3A09,0x3A09,0x3A2A,0x3209,0x3A09,0x3A09,0x3A29,0x3A29,0x3A29,0x3A29,
  0x3A29,0x3A2A,0x3A2A,0x3A2A,0x3A2A,0x3A2A,0x3A2A,0x3A2A,0x422A,0x4229,0x4229,0x4249,
  0x424A,0x4229,0x4229,0x4229,0x3A09,0x31A7,0x2966,0x2987,0x3187,0x2966,0x2166,0x2146,
  0x2146,0x2146,0x2126,0x2126,0x2125,0x2125,0x2125,0x2925,0x2945,0x2945,0x2946,0x2946,
  0x2946,0x2946,0x2945,0x2945,0x2945,0x2925,0x2925,0x2925,0x2925,0x2925,0x2945,0x2925,
  0x2945,0x3166,0x3166,0x3167,0x3187,0x3166,0x2946,0x2946,0x2946,0x2946,0x2946,0x2946,
  0x2945,0x2925,0x2925,0x2946,0x2946,0x2945,0x2925,0x2125,0x2125,0x2125,0x2125,0x2125,
  0x1905,0x0042,0x0021,0x10A3,0x1925,0x2146,0x2145,0x10A3,0x0000,0x0020,0x0882,0x0000,
  0x0041,0x0041,0x0021,0x0882,0x10C3,0x10C3,0x1082,0x0841,0x1082,0x2125,0x39C7,0x2124,
  0x2925,0x3186,0x18E3,0x2965,0x2104,0x2124,0x5AEB,0x4228,0x18C3,0x18C3,0x18E3,0x0841,
  0x2986,0x10C2,0x0882,0x39A7,0x2965,0x0820,0x1061,0x2124,0x18C3,0x0020,0x0020,0x0000,
  0x0821,0x0841,0x18C2,0x39C6,0x2944,0x2103,0x18A2,0x18C3,0x18E3,0x2103,0x0020,0x0000,
  0x0840,0x2124,0x3185,0x3185,0x2124,0x0861,0x20E3,0x2924,0x2924,0x41C6,0x738D,0x5A89,
  0x3144,0x3144,0x41E7,0x734C,0x5A69,0x3986,0x3144,0x3185,0x2945,0x18A2,0x10A2,0x31A6,
  0x39E7,0x31A6,0x0861,0x0841,0x1082,0x0861,0x0861,0x0841,0x1082,0x18E3,0x1082,0x0000,
  0x18E3,0x18C3,0x0000,0x0000,0x0000,0x0020,0x0020,0x0841,0x10A2,0x10A2,0x0841,0x0841,
  0x18A2,0x39A6,0x6AEA,0x6B2C,0x7C10,0x7C31,0x7C51,0x7C31,0x7C11,0x7C31,0x7C31,0x94D3,
  0x9D14,0x9D14,0xA555,0x9CF4,0x73AF,0x8472,0xA555,0x7C10,0x5B4D,0x5B2D,0x5B4E,0x636E,
  0x638F,0x7431,0x6BAF,0x636E,0x530C,0x1925,0x10C4,0x10E4,0x1905,0x1925,0x2146,0x1946,
  0x31E8,0x3A09,0x2146,0x2146,0x1925,0x1105,0x08C4,0x2166,0x3A29,0x3A09,0x3A09,0x3A09,
  0x3A09,0x3A09,0x3A09,0x3A29,0x3A29,0x3A29,0x3A09,0x3A09,0x3A29,0x3A29,0x3A29,0x3A29,
  0x3A29,0x3A2A,0x3A2A,0x3A2A,0x3A2A,0x3A2A,0x3A2A,0x3A2A,0x422A,0x4229,0x4229,0x4229,
  0x4249,0x4229,0x4229,0x4229,0x39E8,0x2987,0x2966,0x31A7,0x2987,0x2146,0x2146,0x2125,
  0x2125,0x2125,0x2126,0x2125,0x2125,0x2125,0x2125,0x2125,0x2145,0x2145,0x2945,0x2946,
  0x2966,0x2966,0x2966,0x2945,0x2945,0x2945,0x2925,0x2925,0x2925,0x2945,0x2945,0x2945,
  0x2945,0x3166,0x3987,0x3967,0x3187,0x3166,0x3146,0x2946,0x2946,0x2946,0x2946,0x2125,
  0x2125,0x2125,0x2105,0x2925,0x2925,0x2945,0x2945,0x2125,0x2125,0x2925,0x2126,0x2145,
  0x0862,0x0021,0x0883,0x2986,0x1925,0x2146,0x10C4,0x0861,0x0000,0x0861,0x0020,0x0041,
  0x10A3,0x0041,0x0882,0x18E4,0x18E3,0x10C3,0x10A3,0x0021,0x18C3,0x2986,0x31C7,0x2104,
  0x2966,0x2945,0x2945,0x2104,0x10A2,0x3186,0x39C7,0x2965,0x18E3,0x18C3,0x10A3,0x0841,
  0x18C3,0x0020,0x0882,0x39C7,0x2124,0x0000,0x0841,0x2124,0x1903,0x0000,0x0020,0x0841,
  0x1062,0x0821,0x1081,0x2944,0x39A6,0x18C2,0x0840,0x2944,0x3185,0x2104,0x0841,0x0820,
  0x0020,0x0861,0x2985,0x0841,0x4A69,0x39E7,0x1082,0x1061,0x18A2,0x2924,0x4A07,0x736C,
  0x8C2F,0x3985,0x7B6C,0x730B,0x49E7,0x3965,0x28C3,0x3185,0x2945,0x2924,0x2104,0x18E3,
  0x0000,0x3A07,0x4228,0x18E3,0x0000,0x0861,0x1082,0x10A2,0x10A2,0x18E3,0x18C3,0x1082,
  0x0020,0x2945,0x18E3,0x0000,0x0020,0x0020,0x0820,0x0020,0x0020,0x0861,0x0861,0x1081,
  0x18A2,0x18A2,0x2924,0x41A6,0x62CB,0x6BAF,0x6BAF,0x6BAF,0x73D0,0x73F0,0x8451,0x8CB3,
  0x9514,0xA555,0x94F4,0x73CF,0x6B8E,0x6BAF,0x8C92,0x8492,0x636E,0x530C,0x636E,0x636E,
  0x5B4E,0x6BAF,0x636E,0x530C,0x1925,0x1105,0x1925,0x1925,0x2146,0x2166,0x1946,0x29C8,
  0x426A,0x3A29,0x2146,0x1926,0x2146,0x1946,0x2146,0x31E8,0x3A09,0x3A09,0x3A09,0x3A09,
  0x3A09,0x3A09,0x3A2A,0x3A29,0x3A29,0x3A29,0x3A09,0x3A09,0x3A29,0x3A29,0x3A29,0x3A29,
  0x3A29,0x3A2A,0x3A2A,0x422A,0x422A,0x3A2A,0x424A,0x424A,0x4229,0x4229,0x4229,0x4229,
  0x4229,0x4209,0x3A09,0x4229,0x3A09,0x31A7,0x2987,0x2987,0x2987,0x2146,0x2145,0x2125,
  0x2125,0x2125,0x2105,0x2125,0x2105,0x2105,0x2105,0x2105,0x2125,0x2125,0x2946,0x2966,
  0x3166,0x3166,0x3166,0x3166,0x3145,0x2945,0x3126,0x3146,0x3145,0x2945,0x2945,0x2945,
  0x2945,0x3146,0x3987,0x3987,0x3987,0x3186,0x3166,0x2945,0x2925,0x2925,0x2946,0x2125,
  0x2125,0x2125,0x2125,0x2105,0x2905,0x2925,0x2925,0x2945,0x2925,0x2946,0x2946,0x2946,
  0x0042,0x0021,0x2966,0x2146,0x1905,0x2125,0x0862,0x0020,0x0020,0x0021,0x0000,0x10C3,
  0x0862,0x0041,0x1904,0x10C3,0x1904,0x18E4,0x10A3,0x0841,0x2945,0x31A7,0x2145,0x2125,
  0x2104,0x2104,0x2945,0x18C3,0x10A2,0x31A7,0x4A29,0x2945,0x1082,0x18E4,0x0841,0x0862,
  0x1082,0x0020,0x1082,0x2104,0x1082,0x0000,0x0000,0x18E3,0x0881,0x0020,0x0021,0x18A3,
  0x1082,0x0841,0x0841,0x18E3,0x39C7,0x39C7,0x1081,0x4208,0x39A6,0x18C3,0x1082,0x0841,
  0x0841,0x0020,0x0020,0x2945,0x5269,0x2965,0x1082,0x2103,0x2924,0x20E3,0x3164,0x4206,
  0x5A89,0x7B6C,0x7B6C,0x5A69,0x5208,0x3124,0x3945,0x3985,0x3165,0x2924,0x2104,0x31A6,
  0x10A2,0x2124,0x39E7,0x41E7,0x39E7,0x0841,0x0000,0x18A2,0x2104,0x2945,0x2104,0x10A2,
  0x0021,0x18E4,0x18A3,0x0820,0x0000,0x0020,0x0020,0x0020,0x0000,0x0000,0x0020,0x1082,
  0x2104,0x18A2,0x1081,0x20A2,0x49E7,0x62EB,0x7BCF,0x7C11,0x73D0,0x7C31,0x8C72,0x8472,
  0x8C93,0x94F4,0x8472,0x6BAF,0x636E,0x636E,0x73F0,0x73F0,0x636E,0x636E,0x73D0,0x634E,
  0x530D,0x636E,0x636E,0x3209,0x10E4,0x2166,0x2166,0x2166,0x2166,0x2146,0x31E8,0x426A,
  0x3A4A,0x3A29,0x29A7,0x29A7,0x29A7,0x29C8,0x3A09,0x3A29,0x3A09,0x3A09,0x3A09,0x3A09,
  0x3A09,0x3A09,0x3A2A,0x3A2A,0x3A09,0x3A29,0x3A29,0x3A29,0x3A29,0x3A29,0x3A29,0x3A29,
  0x3A29,0x3A2A,0x3A2A,0x424A,0x424A,0x422A,0x424A,0x424A,0x426A,0x426A,0x4229,0x4229,
  0x4229,0x3A09,0x39E8,0x3A09,0x39E8,0x3187,0x2987,0x2966,0x2966,0x2146,0x2125,0x2125,
  0x2125,0x2125,0x2105,0x2105,0x2105,0x2104,0x2104,0x2105,0x2125,0x2925,0x3186,0x3166,
  0x3166,0x3186,0x3166,0x3166,0x3166,0x3166,0x3987,0x3966,0x3166,0x3166,0x3166,0x3146,
  0x3146,0x3166,0x3987,0x39A7,0x39A7,0x3986,0x3166,0x2945,0x2925,0x2925,0x2925,0x3166,
  0x2925,0x2105,0x2105,0x2105,0x2925,0x2925,0x2925,0x2946,0x2946,0x2946,0x2946,0x2946,
  0x0862,0x10A3,0x3A08,0x2987,0x1904,0x10A3,0x0021,0x0000,0x0020,0x0000,0x10A3,0x10C3,
  0x0021,0x10A3,0x18E4,0x10C3,0x2145,0x10A3,0x1082,0x2125,0x2966,0x2125,0x2104,0x1904,
  0x18C3,0x39E8,0x18E4,0x1082,0x0841,0x4208,0x4208,0x2104,0x18E3,0x18C3,0x0000,0x1082,
  0x0841,0x0000,0x0821,0x18C3,0x1081,0x0000,0x0020,0x1082,0x0882,0x0821,0x0841,0x1062,
  0x1062,0x0841,0x0020,0x20E3,0x2945,0x41E7,0x2944,0x5AAA,0x4A49,0x4A28,0x1082,0x0841,
  0x0841,0x0020,0x0000,0x0000,0x2945,0x39C6,0x2104,0x3165,0x3145,0x4A48,0x5AC9,0x5289,
  0x9470,0x8BEE,0x6AEA,0x62AA,0x3985,0x0840,0x20C2,0x5248,0x5269,0x3145,0x3165,0x39C6,
  0x2124,0x2945,0x18C3,0x0000,0x4A49,0x630C,0x3186,0x18C3,0x18E3,0x18C3,0x18E3,0x1082,
  0x0862,0x18C3,0x0000,0x0841,0x10A2,0x0020,0x0000,0x0000,0x0000,0x0000,0x0000,0x0020,
  0x10A2,0x18C3,0x18A3,0x18A2,0x20E1,0x3963,0x5A28,0x734E,0x8411,0x7C11,0x7C52,0x8452,
  0x8472,0x8C93,0x8C93,0x73D0,0x5B4D,0x634D,0x5B4E,0x634E,0x636E,0x7C52,0x6BAF,0x5B4E,
  0x5B0D,0x530D,0x428B,0x1105,0x1925,0x2187,0x2166,0x2146,0x2987,0x3A4A,0x428A,0x426A,
  0x424A,0x3A29,0x3A29,0x3A4A,0x3A29,0x3A29,0x3A09,0x3A09,0x3A09,0x3A09,0x3A09,0x3A09,
  0x3A09,0x3A09,0x3A09,0x3A29,0x3A2A,0x3A29,0x3A29,0x3A29,0x3A29,0x424A,0x3A29,0x3A2A,
  0x3A2A,0x3A2A,0x424A,0x424A,0x424A,0x422A,0x424A,0x424A,0x4229,0x4229,0x3A29,0x3A09,
  0x4229,0x3A09,0x3A09,0x3A09,0x31C8,0x2967,0x2966,0x2966,0x2146,0x2146,0x2145,0x2125,
  0x2125,0x2125,0x2105,0x2105,0x2105,0x2104,0x2105,0x2125,0x2925,0x3166,0x3186,0x3186,
  0x3186,0x3186,0x3166,0x3166,0x3166,0x3986,0x3987,0x3987,0x3986,0x39A7,0x3987,0x3966,
  0x3966,0x3987,0x4187,0x41A7,0x41A7,0x3986,0x3166,0x2945,0x2925,0x2925,0x2925,0x2945,
  0x2946,0x2925,0x2125,0x2925,0x2925,0x2925,0x2925,0x2946,0x2946,0x2946,0x2966,0x2966,
  0x0042,0x2166,0x4249,0x2125,0x0882,0x0041,0x0000,0x0020,0x0020,0x0862,0x1904,0x0041,
  0x0021,0x10C3,0x0882,0x1904,0x10C3,0x0882,0x18C3,0x2966,0x2104,0x18E4,0x18C3,0x0862,
  0x10C3,0x2986,0x1082,0x0020,0x2125,0x526A,0x2965,0x1082,0x2124,0x0841,0x0021,0x0862,
  0x0000,0x0020,0x0020,0x1081,0x1081,0x0820,0x0841,0x0841,0x10A3,0x10A3,0x0841,0x1082,
  0x1081,0x0820,0x0820,0x0861,0x2945,0x39E7,0x630B,0x4207,0x4A28,0x4207,0x2945,0x10A2,
  0x1082,0x0861,0x0841,0x0841,0x0841,0x1082,0x3186,0x4A48,0x2924,0x41E7,0x5AA9,0x2944,
  0x6B4C,0x736C,0x734C,0x4A28,0x2903,0x2903,0x1882,0x20C2,0x41E7,0x3985,0x2903,0x39C6,
  0x2924,0x3186,0x39A6,0x3165,0x1082,0x3165,0x39C7,0x4208,0x39C7,0x41E7,0x4A29,0x2965,
  0x3186,0x0862,0x10A2,0x0000,0x1082,0x2104,0x0820,0x0000,0x0000,0x0000,0x0000,0x0000,
  0x0020,0x1082,0x1082,0x18C3,0x18C2,0x1881,0x3943,0x5A26,0x734C,0x8C51,0x8473,0x8472,
  0x8472,0x8CB3,0x8452,0x638E,0x532D,0x530D,0x530D,0x5B0D,0x5B2D,0x73F1,0x5B6E,0x530C,
  0x532D,0x4AAB,0x3209,0x29A7,0x2166,0x2166,0x2166,0x29C8,0x428B,0x4A8B,0x426A,0x426A,
  0x424A,0x3A2A,0x3A2A,0x3A29,0x3A29,0x3A29,0x3A2A,0x3A09,0x3A09,0x3A09,0x3A09,0x3A09,
  0x3A09,0x3A09,0x3209,0x3A09,0x3A09,0x3A29,0x3A29,0x3A29,0x3A29,0x3A29,0x3A29,0x3A29,
  0x422A,0x424A,0x424A,0x424A,0x424A,0x422A,0x3A29,0x3A29,0x3A09,0x3A09,0x3A09,0x3A09,
  0x3A09,0x4229,0x3A09,0x39C8,0x2987,0x3187,0x2966,0x2965,0x2145,0x2145,0x2125,0x2125,
  0x2125,0x2105,0x2105,0x2105,0x2105,0x2105,0x2105,0x2105,0x2925,0x3166,0x3987,0x3987,
  0x3186,0x3166,0x3145,0x3166,0x3166,0x3966,0x3986,0x3986,0x3986,0x41A7,0x41A7,0x4187,
  0x3987,0x3987,0x41A7,0x41A7,0x3986,0x3966,0x3166,0x2925,0x2925,0x2925,0x2946,0x2925,
  0x2925,0x2925,0x2925,0x2925,0x2925,0x2946,0x2946,0x2966,0x2966,0x2966,0x2966,0x2966,
  0x0882,0x424A,0x29A7,0x10C4,0x0021,0x0000,0x0000,0x0020,0x0041,0x1904,0x0882,0x0041,
  0x08A2,0x10C3,0x0862,0x18E4,0x0861,0x10A3,0x2104,0x2125,0x18E4,0x1904,0x0862,0x0021,
  0x18E4,0x18C3,0x0861,0x0000,0x3186,0x39C7,0x18C3,0x0862,0x10A3,0x0000,0x0861,0x0861,
  0x0000,0x0000,0x1081,0x0860,0x1081,0x10A2,0x18E3,0x0841,0x18C3,0x1082,0x0861,0x18C2,
  0x18E3,0x1061,0x0820,0x0840,0x10A2,0x39C7,0x4207,0x4207,0x4A49,0x18A2,0x18A2,0x20E3,
  0x2103,0x10A2,0x2945,0x39C6,0x3185,0x0861,0x0000,0x0841,0x20E3,0x2965,0x39A5,0x3164,
  0x2924,0x39A6,0x18A1,0x0000,0x1041,0x2924,0x3165,0x2903,0x2903,0x2903,0x20E3,0x3165,
  0x3144,0x3165,0x4A28,0x41E7,0x20E3,0x2945,0x0000,0x0841,0x2924,0x3165,0x4208,0x2104,
  0x18E3,0x2104,0x18E3,0x0841,0x0000,0x18E3,0x2945,0x0841,0x0000,0x0000,0x0000,0x0020,
  0x0020,0x0820,0x0020,0x0820,0x18A2,0x20E3,0x1881,0x3123,0x51E6,0x730A,0x7BEF,0x8452,
  0x8472,0x8472,0x8431,0x638E,0x636E,0x5B4E,0x636F,0x5B0D,0x530D,0x5B2E,0x532D,0x52EC,
  0x4AEC,0x4ACC,0x426A,0x3A09,0x29A7,0x29C8,0x3209,0x428B,0x428B,0x428B,0x426A,0x424A,
  0x424A,0x3A4A,0x3A4A,0x3A4A,0x3A29,0x3A2A,0x3A2A,0x3A2A,0x3A2A,0x3A2A,0x3A29,0x3A29,
  0x3A09,0x3209,0x3209,0x3A09,0x3A29,0x3A2A,0x3A2A,0x424A,0x422A,0x3A29,0x3A29,0x422A,
  0x424A,0x424A,0x424A,0x424A,0x424A,0x422A,0x3A29,0x3A09,0x3A09,0x3A08,0x3A08,0x3A08,
  0x39E8,0x39E8,0x4209,0x39E8,0x3167,0x3167,0x3166,0x2945,0x2125,0x2145,0x2125,0x2125,
  0x2105,0x2105,0x2105,0x2105,0x2105,0x2105,0x2105,0x2105,0x2905,0x3986,0x39A7,0x3967,
  0x3987,0x3967,0x3966,0x4186,0x4186,0x4166,0x4186,0x4186,0x3986,0x4186,0x4187,0x41A7,
  0x4187,0x4187,0x41A7,0x4186,0x3986,0x3966,0x3966,0x3146,0x2925,0x2925,0x2925,0x2925,
  0x2925,0x2925,0x2925,0x2925,0x2925,0x2945,0x2946,0x2966,0x2966,0x2966,0x2966,0x2966,
  0x2166,0x3A09,0x2166,0x08A3,0x0021,0x0000,0x0020,0x0021,0x10A3,0x2125,0x0862,0x18E4,
  0x10A3,0x10A3,0x0862,0x0882,0x0021,0x1904,0x2945,0x2125,0x10A3,0x18C3,0x0041,0x1082,
  0x2104,0x10A3,0x0021,0x0861,0x2945,0x2104,0x0841,0x10A3,0x0861,0x0000,0x0841,0x0020,
  0x0000,0x0000,0x0020,0x0861,0x18C3,0x18C3,0x20E4,0x1062,0x18A3,0x18A3,0x0861,0x2944,
  0x2124,0x18C2,0x0861,0x0861,0x18E3,0x2104,0x2945,0x5289,0x528A,0x3186,0x0840,0x20E3,
  0x20E3,0x10A2,0x2924,0x4207,0x630C,0x31A6,0x18C2,0x0820,0x0000,0x0000,0x0000,0x0020,
  0x0000,0x0841,0x0861,0x0020,0x0000,0x0020,0x2904,0x41C7,0x18A2,0x1882,0x3144,0x3985,
  0x3965,0x2903,0x4A08,0x41E7,0x2965,0x2965,0x4208,0x2925,0x0000,0x0820,0x2945,0x0000,
  0x0000,0x18E3,0x2125,0x0861,0x0020,0x0000,0x2104,0x2965,0x1082,0x0000,0x0000,0x0000,
  0x0820,0x0820,0x0000,0x0820,0x0841,0x1081,0x2104,0x18C3,0x20E3,0x49C5,0x5A05,0x6AA9,
  0x8411,0x8C93,0x7C10,0x6B8F,0x6BAF,0x6B8F,0x6BAF,0x5B2E,0x530D,0x530D,0x530D,0x530D,
  0x52EC,0x4ACC,0x52CC,0x426A,0x3A4A,0x428B,0x428B,0x426B,0x426B,0x428B,0x426A,0x424A,
  0x426A,0x3A4A,0x3A4A,0x3A4A,0x3A2A,0x3A2A,0x3A2A,0x3A2A,0x3A2A,0x3A29,0x3A09,0x3A09,
  0x3A09,0x3A09,0x3A09,0x3A09,0x3A29,0x3A2A,0x3A29,0x424A,0x424A,0x422A,0x424A,0x424A,
  0x424A,0x424A,0x424A,0x424A,0x424A,0x3A29,0x3A29,0x3A29,0x3A09,0x39E8,0x39E8,0x39E8,
  0x39E8,0x39E8,0x3A09,0x3A09,0x31C8,0x2966,0x2966,0x2945,0x2125,0x2125,0x2125,0x2125,
  0x2125,0x2125,0x2125,0x2105,0x2105,0x2105,0x2105,0x2905,0x2945,0x3166,0x3986,0x3986,
  0x3986,0x4187,0x4187,0x49A7,0x4987,0x4186,0x4186,0x4187,0x4186,0x3986,0x4186,0x4187,
  0x4187,0x49A7,0x41A6,0x4186,0x4187,0x3966,0x3966,0x3145,0x3145,0x3145,0x2945,0x2925,
  0x2925,0x2925,0x2925,0x2925,0x2945,0x2945,0x2946,0x2946,0x2966,0x2986,0x2986,0x3186,
  0x3A09,0x2987,0x10C4,0x0882,0x0021,0x0001,0x0021,0x0041,0x2125,0x18E4,0x18E4,0x10C3,
  0x10C3,0x0041,0x10A2,0x0041,0x0021,0x18E4,0x2104,0x18C3,0x0862,0x10A3,0x0862,0x10A3,
  0x18C3,0x0861,0x0000,0x1082,0x2125,0x0862,0x0821,0x0841,0x0021,0x0000,0x0020,0x0000,
  0x0000,0x0020,0x0020,0x0841,0x39C7,0x2945,0x20E4,0x1082,0x1061,0x18E3,0x10A2,0x18A2,
  0x4A28,0x2104,0x1081,0x0840,0x2124,0x0861,0x18E3,0x39E7,0x18E3,0x31A6,0x18C2,0x41E7,
  0x2965,0x18C3,0x39C7,0x18C3,0x528A,0x736D,0x3185,0x1061,0x0000,0x0000,0x18A2,0x10A2,
  0x1082,0x2103,0x2985,0x18E3,0x0020,0x0000,0x0000,0x2104,0x20C3,0x1882,0x28E3,0x3965,
  0x4185,0x3985,0x3985,0x3986,0x4228,0x3185,0x5269,0x2965,0x1082,0x0861,0x3166,0x10A2,
  0x18C3,0x2945,0x2125,0x18C3,0x0841,0x0000,0x0020,0x18E3,0x4208,0x20E3,0x0020,0x0000,
  0x0020,0x0020,0x0000,0x0020,0x0000,0x0841,0x1082,0x18A2,0x18C3,0x18C2,0x4163,0x6226,
  0x72CA,0x7BF0,0x7410,0x6B8F,0x6BAF,0x636E,0x636E,0x638F,0x5B2D,0x530D,0x5B2D,0x530D,
  0x4ACC,0x4ACC,0x4AAB,0x4AAB,0x4AAB,0x42AB,0x426B,0x426B,0x426B,0x426B,0x426B,0x426B,
  0x426B,0x426A,0x426A,0x3A4A,0x3A2A,0x3A2A,0x3A2A,0x3A2A,0x3A2A,0x3A29,0x3A29,0x3A09,
  0x3A09,0x3A09,0x3A09,0x3A2A,0x3A29,0x3A2A,0x3A29,0x3A2A,0x424A,0x424A,0x424A,0x424A,
  0x424A,0x424A,0x424A,0x424A,0x424A,0x3A2A,0x3A29,0x3A29,0x3A09,0x39E8,0x39E8,0x3A08,
  0x39E8,0x31C8,0x31A7,0x31A7,0x39C8,0x31A7,0x3187,0x2946,0x2945,0x2946,0x2125,0x2125,
  0x2125,0x2125,0x2125,0x2125,0x2105,0x2105,0x2105,0x2925,0x3166,0x3986,0x3986,0x3986,
  0x3986,0x3986,0x4187,0x49A7,0x4987,0x49A7,0x49A7,0x49A7,0x4187,0x4186,0x4186,0x4186,
  0x49A7,0x49A7,0x4186,0x3966,0x3966,0x3987,0x3966,0x3145,0x3145,0x3145,0x3145,0x3125,
  0x2925,0x2925,0x2925,0x2926,0x2945,0x2945,0x2946,0x2946,0x2966,0x3186,0x3186,0x3186,
  0x3A08,0x10C4,0x0041,0x0061,0x0041,0x0041,0x0041,0x0882,0x1904,0x10A3,0x2124,0x10A3,
  0x0862,0x0041,0x10A2,0x0000,0x0020,0x1904,0x18E4,0x0882,0x0841,0x10C3,0x0862,0x10C3,
  0x0841,0x0000,0x0000,0x1082,0x0862,0x0020,0x0000,0x0821,0x0021,0x0000,0x0000,0x0000,
  0x0000,0x0000,0x0020,0x0861,0x3165,0x4A49,0x3186,0x18C2,0x18C2,0x2103,0x2924,0x0841,
  0x2924,0x4A28,0x18E3,0x0861,0x2124,0x10A2,0x0881,0x18C3,0x1082,0x2104,0x2103,0x3185,
  0x4207,0x3185,0x3186,0x4208,0x2924,0x5AAA,0x2945,0x0000,0x0020,0x0020,0x2124,0x18C3,
  0x1082,0x2104,0x31A6,0x3166,0x2104,0x10A2,0x0000,0x0000,0x18A3,0x20E3,0x18A2,0x1881,
  0x18A2,0x39A6,0x41E7,0x3986,0x3165,0x39C7,0x39C6,0x2965,0x0841,0x1061,0x2124,0x4A89,
  0x1082,0x2966,0x18C3,0x39C7,0x1082,0x0000,0x0000,0x0000,0x20E3,0x52AA,0x18A2,0x0841,
  0x0020,0x0000,0x0000,0x0020,0x0020,0x0020,0x0020,0x0040,0x0882,0x10A3,0x1081,0x41A5,
  0x5A48,0x41E7,0x634C,0x638F,0x6BD0,0x6BB0,0x6BD0,0x6BAF,0x636E,0x5B4E,0x5B2D,0x52EC,
  0x4ACC,0x4AAC,0x4AAB,0x4AAB,0x4AAB,0x428B,0x426B,0x426B,0x428B,0x428B,0x428B,0x428B,
  0x426B,0x426B,0x426A,0x3A4A,0x3A2A,0x3A2A,0x3A2A,0x3A2A,0x3A2A,0x3A2A,0x3A29,0x3A09,
  0x3A09,0x3A09,0x3A09,0x3A29,0x3A29,0x3A49,0x424A,0x424A,0x424A,0x424A,0x424A,0x424A,
  0x3A2A,0x424A,0x424A,0x3A2A,0x422A,0x422A,0x422A,0x4229,0x3A09,0x3A09,0x3A08,0x39E8,
  0x31C8,0x3187,0x3187,0x3187,0x3187,0x31A7,0x39C8,0x31A7,0x2987,0x2986,0x2946,0x2125,
  0x2125,0x2125,0x2125,0x2125,0x2125,0x2925,0x2925,0x2925,0x3145,0x3966,0x3986,0x3986,
  0x4187,0x41A6,0x4186,0x49A7,0x49A7,0x49A7,0x49A7,0x49A7,0x4987,0x4987,0x5187,0x4986,
  0x49A6,0x4186,0x3986,0x3145,0x3166,0x3166,0x3146,0x3166,0x3166,0x3145,0x3166,0x3986,
  0x3145,0x2925,0x3125,0x2945,0x2965,0x2965,0x2966,0x3166,0x3166,0x3186,0x3186,0x3186,
  0x2966,0x0062,0x0041,0x0882,0x0862,0x0882,0x0041,0x10C3,0x18E4,0x18E3,0x1904,0x0862,
  0x0021,0x0041,0x0882,0x0000,0x0882,0x18E4,0x0862,0x0841,0x0021,0x10A3,0x0862,0x0862,
  0x0020,0x0000,0x0861,0x1082,0x0020,0x0000,0x0021,0x0021,0x0021,0x0020,0x0020,0x0020,
  0x0020,0x0000,0x0021,0x0841,0x2124,0x4A69,0x2924,0x39E6,0x31A6,0x2924,0x4A28,0x2965,
  0x1082,0x39C6,0x2104,0x0841,0x0881,0x2965,0x2124,0x1082,0x2103,0x18C2,0x18C2,0x20E3,
  0x5ACA,0x31A6,0x2104,0x630C,0x10A2,0x39C7,0x18C3,0x0040,0x0881,0x0861,0x2103,0x39E7,
  0x10A2,0x3186,0x4228,0x39C7,0x3186,0x3186,0x18C3,0x0841,0x0861,0x0841,0x2924,0x2924,
  0x0820,0x18C3,0x41E7,0x5AAA,0x41C7,0x18C2,0x18E3,0x39E7,0x10A2,0x0000,0x3185,0x6B4C,
  0x1082,0x18C3,0x31A7,0x18E4,0x2125,0x0862,0x0020,0x0000,0x0000,0x31A6,0x2945,0x0861,
  0x0841,0x0020,0x0000,0x0020,0x0820,0x0020,0x0020,0x0020,0x0040,0x0861,0x1082,0x2125,
  0x2945,0x3165,0x5AA9,0x7B8C,0x736E,0x6BB0,0x6BD0,0x638F,0x6BB0,0x6BAF,0x5B4E,0x530D,
  0x52EC,0x52EC,0x4ACC,0x4AAB,0x4AAB,0x428B,0x428B,0x426A,0x426B,0x428B,0x428B,0x428B,
  0x428B,0x426B,0x426B,0x426A,0x3A4A,0x3A2A,0x3A2A,0x3A2A,0x3A2A,0x3A2A,0x3A2A,0x3A09,
  0x3A09,0x3A09,0x3A09,0x3A29,0x3A49,0x3A49,0x424A,0x424A,0x424A,0x424A,0x426A,0x424A,
  0x3A2A,0x424A,0x3A2A,0x3A2A,0x422A,0x422A,0x422A,0x4229,0x3A09,0x3A09,0x39E8,0x31E8,
  0x31C8,0x31A7,0x3187,0x3187,0x2987,0x2987,0x31A7,0x2986,0x2966,0x2966,0x2966,0x2125,
  0x2125,0x2125,0x2925,0x2924,0x2924,0x3966,0x3986,0x3145,0x2924,0x3966,0x4186,0x4187,
  0x41A7,0x49A6,0x49A6,0x49A6,0x51C7,0x49C7,0x4186,0x4187,0x4186,0x4166,0x4986,0x5186,
  0x49A6,0x4186,0x3165,0x2945,0x2945,0x2945,0x3145,0x3986,0x3986,0x3145,0x3145,0x3166,
  0x3145,0x3125,0x3145,0x3145,0x2966,0x3166,0x3166,0x3166,0x3186,0x3186,0x3166,0x3186,
  0x1904,0x0021,0x0862,0x10C3,0x10C3,0x0882,0x0041,0x2125,0x10C3,0x10A3,0x0041,0x0021,
  0x0000,0x0862,0x0041,0x0862,0x10A3,0x0861,0x0000,0x0021,0x0021,0x10A3,0x0841,0x0021,
  0x0000,0x0000,0x0841,0x0020,0x0020,0x0021,0x0021,0x0841,0x0021,0x0020,0x0020,0x10A2,
  0x0841,0x0021,0x0021,0x0020,0x18E3,0x4228,0x18E3,0x630B,0x5269,0x2944,0x4A49,0x5269,
  0x2924,0x18C2,0x2965,0x0020,0x0040,0x2965,0x18E3,0x10A2,0x10A2,0x10A2,0x20E3,0x3165,
  0x5289,0x3185,0x18C2,0x4A69,0x1082,0x2124,0x2945,0x18E3,0x10A2,0x10C2,0x0020,0x52AA,
  0x18E3,0x18E3,0x4208,0x39E7,0x39A6,0x4208,0x39E7,0x3186,0x18C3,0x0000,0x0820,0x3186,
  0x3165,0x0840,0x3165,0x5AAA,0x39A6,0x3985,0x2924,0x39A6,0x18C3,0x0020,0x0861,0x5289,
  0x31A6,0x10A3,0x39C7,0x1082,0x18E3,0x2104,0x0021,0x0020,0x0000,0x0820,0x3186,0x2945,
  0x0020,0x0020,0x0841,0x0020,0x0020,0x0020,0x0020,0x0020,0x0020,0x0020,0x0841,0x18C2,
  0x18C3,0x18C2,0x3123,0x6AA8,0x9C2F,0x73CF,0x636F,0x636F,0x638E,0x638F,0x5B4E,0x5B2E,
  0x5B2E,0x530D,0x52EC,0x4ACC,0x4AAC,0x4AAB,0x428B,0x428B,0x428B,0x428B,0x428B,0x426B,
  0x428B,0x428B,0x426B,0x426B,0x426A,0x3A2A,0x3A2A,0x3A2A,0x3A2A,0x3A29,0x3A2A,0x3A29,
  0x3A2A,0x3A29,0x422A,0x424A,0x4249,0x424A,0x424A,0x424A,0x426A,0x424A,0x424A,0x3A09,
  0x3A29,0x424A,0x3A2A,0x422A,0x4229,0x4229,0x4229,0x3A09,0x3A08,0x39E8,0x39C8,0x31C8,
  0x31C8,0x31A7,0x3187,0x3187,0x3187,0x2986,0x2986,0x2966,0x2946,0x2946,0x2945,0x2145,
  0x2125,0x2925,0x2925,0x2924,0x3145,0x3966,0x3145,0x3145,0x3145,0x3966,0x4186,0x4186,
  0x41A6,0x49A6,0x49A6,0x49A7,0x49A7,0x3986,0x3166,0x3986,0x3986,0x3165,0x3965,0x4166,
  0x49A7,0x41A6,0x2945,0x2925,0x2925,0x2945,0x3145,0x3145,0x3145,0x3146,0x3145,0x3145,
  0x3145,0x3145,0x3145,0x3166,0x3166,0x3166,0x3166,0x3166,0x3186,0x3186,0x3166,0x3187,
  0x0882,0x0021,0x10A3,0x18E4,0x18E4,0x0862,0x0041,0x1904,0x0862,0x0882,0x0021,0x0021,
  0x0021,0x0882,0x0841,0x0882,0x0882,0x0841,0x0000,0x0000,0x0861,0x0841,0x0000,0x0000,
  0x0000,0x0000,0x0000,0x0000,0x0020,0x0841,0x0841,0x0861,0x0841,0x0020,0x0841,0x1082,
  0x0861,0x0021,0x0021,0x1082,0x10A2,0x5AEB,0x3185,0x630B,0x5289,0x41C7,0x3165,0x5269,
  0x2944,0x2103,0x18E3,0x0000,0x10A2,0x2944,0x18C2,0x18E3,0x0861,0x10A2,0x2924,0x3185,
  0x4A48,0x39E7,0x0861,0x2103,0x4228,0x3165,0x18E3,0x2104,0x10A2,0x4A8A,0x2124,0x31A6,
  0x3165,0x0820,0x3186,0x39E7,0x39C7,0x4208,0x4208,0x3186,0x39C7,0x2965,0x0841,0x0020,
  0x2925,0x18C3,0x2904,0x5A89,0x39A6,0x4A07,0x41E7,0x39C7,0x2945,0x0020,0x0000,0x2104,
  0x2945,0x0841,0x2104,0x2124,0x0861,0x10A2,0x0862,0x0841,0x0861,0x0000,0x18A2,0x39A6,
  0x2945,0x0861,0x0841,0x1082,0x1082,0x0020,0x0000,0x0020,0x0020,0x0020,0x0020,0x0861,
  0x1082,0x18C3,0x1061,0x20C3,0x5A48,0x7B8E,0x7C10,0x6B8E,0x636E,0x636E,0x636E,0x5B4E,
  0x5B2E,0x5B2D,0x5B2D,0x52EC,0x4ACC,0x4ACC,0x4AAB,0x4AAB,0x428B,0x428B,0x42AB,0x428B,
  0x428B,0x428B,0x426B,0x3A4A,0x428B,0x52CC,0x3A4A,0x3A4A,0x3A4A,0x3A29,0x3A29,0x3A29,
  0x3A4A,0x3A4A,0x3A29,0x424A,0x424A,0x424A,0x424A,0x422A,0x3A09,0x3A09,0x3A29,0x3A29,
  0x3A29,0x3A2A,0x3A2A,0x422A,0x3A29,0x3A29,0x3A09,0x39E8,0x39E8,0x31C8,0x31C8,0x39C8,
  0x31A8,0x3187,0x3187,0x3187,0x31A7,0x3187,0x2986,0x2966,0x2966,0x2946,0x2946,0x2925,
  0x2125,0x2125,0x2925,0x2925,0x2925,0x2905,0x3125,0x3966,0x3966,0x3966,0x41A7,0x49A7,
  0x49A7,0x49A6,0x49A7,0x4986,0x3966,0x3166,0x3166,0x3166,0x3966,0x3965,0x3965,0x3965,
  0x3145,0x3945,0x2925,0x2925,0x2925,0x2925,0x3145,0x3166,0x3966,0x3146,0x3145,0x3146,
  0x3145,0x3145,0x3146,0x3166,0x3166,0x3166,0x3166,0x3166,0x3186,0x3186,0x3186,0x3187,
  0x0042,0x0041,0x1905,0x18E4,0x10C3,0x0042,0x0883,0x18E4,0x0041,0x0882,0x0041,0x0021,
  0x0020,0x0861,0x0882,0x0862,0x0882,0x0020,0x0000,0x0000,0x0841,0x0000,0x0000,0x0000,
  0x0000,0x0000,0x0000,0x0000,0x0861,0x0861,0x18C3,0x10A2,0x0020,0x0020,0x0861,0x1082,
  0x1062,0x0821,0x0020,0x0861,0x2945,0x52AA,0x39C6,0x5AEA,0x5289,0x4207,0x4A48,0x2945,
  0x39E7,0x18E3,0x18E3,0x0000,0x18C2,0x2124,0x1082,0x10A2,0x1082,0x18A2,0x5AAA,0x3165,
  0x39A6,0x4207,0x0000,0x0020,0x3185,0x3186,0x10A2,0x1082,0x18E3,0x39E8,0x31A6,0x0841,
  0x4208,0x2924,0x2124,0x39C7,0x39E7,0x39E7,0x3186,0x39C7,0x4208,0x4208,0x39A6,0x1082,
  0x0000,0x0841,0x18A2,0x4207,0x39A5,0x2903,0x734D,0x4A28,0x4A28,0x18E3,0x0000,0x1082,
  0x2104,0x1082,0x0841,0x2124,0x18C3,0x18C3,0x10A3,0x0861,0x1061,0x0861,0x0000,0x10A2,
  0x39C7,0x2965,0x0020,0x0861,0x10A2,0x18C3,0x0020,0x0000,0x0020,0x0020,0x0020,0x0020,
  0x0020,0x0861,0x18A3,0x18C3,0x2124,0x3165,0x5228,0x5AAA,0x5AEB,0x6B8E,0x636E,0x636E,
  0x636E,0x636E,0x636E,0x5B4E,0x52ED,0x52EC,0x4ACC,0x4ACC,0x4ACC,0x4ACC,0x4ACC,0x4AAC,
  0x4AAB,0x428B,0x428B,0x424A,0x3A29,0x4A8B,0x426A,0x424A,0x424A,0x3A4A,0x3A4A,0x3A2A,
  0x424A,0x424A,0x422A,0x422A,0x3A2A,0x424A,0x424A,0x3A29,0x3A09,0x3A09,0x3A29,0x3A29,
  0x3A29,0x3A2A,0x3A2A,0x422A,0x4229,0x4229,0x3A09,0x31E8,0x31C8,0x31C8,0x31A8,0x31A7,
  0x31A7,0x3187,0x3187,0x31A7,0x31A7,0x31A7,0x31A7,0x3186,0x3166,0x2946,0x2946,0x2925,
  0x2925,0x2925,0x2925,0x2925,0x2925,0x2925,0x3966,0x3986,0x3986,0x4186,0x49C7,0x49C7,
  0x49C7,0x51E7,0x51A7,0x49A7,0x41A7,0x3145,0x3145,0x3966,0x3966,0x3145,0x3946,0x3145,
  0x3125,0x3125,0x3145,0x2945,0x2945,0x3125,0x3145,0x3166,0x3966,0x3966,0x3966,0x3146,
  0x3166,0x3166,0x3166,0x3166,0x3166,0x3166,0x3166,0x3186,0x3186,0x3186,0x3187,0x3187,
  0x0021,0x10C3,0x2966,0x10A3,0x0882,0x0041,0x2105,0x0862,0x0862,0x0882,0x0020,0x0020,
  0x0000,0x0861,0x0882,0x0861,0x0841,0x0000,0x0000,0x0000,0x0841,0x0000,0x0000,0x0000,
  0x0000,0x0000,0x0000,0x0020,0x0861,0x0861,0x2104,0x18E3,0x0841,0x0841,0x0861,0x18C3,
  0x2104,0x0821,0x0020,0x0020,0x2124,0x4A28,0x39E6,0x630B,0x52A9,0x39A6,0x5ACA,0x20E3,
  0x41E7,0x18C2,0x10A2,0x0020,0x0861,0x1082,0x1082,0x1081,0x20E3,0x20E3,0x4A48,0x31A6,
  0x2124,0x4207,0x0820,0x0020,0x2945,0x2965,0x0862,0x10C3,0x10A3,0x31C7,0x2104,0x0861,
  0x4208,0x39A6,0x39C7,0x39C7,0x4228,0x4208,0x39E7,0x4A49,0x4A49,0x4A49,0x4228,0x39C7,
  0x18C3,0x0000,0x0841,0x41E7,0x4A48,0x2904,0x62CA,0x83AE,0x4A28,0x39A6,0x1062,0x18C3,
  0x2104,0x2104,0x2104,0x2104,0x2125,0x18C3,0x18C3,0x1082,0x1082,0x10A2,0x0020,0x0000,
  0x10A2,0x31A6,0x2104,0x0861,0x0861,0x18C3,0x2944,0x0861,0x0000,0x0020,0x0020,0x0000,
  0x0020,0x0820,0x0861,0x10A2,0x18C3,0x18A2,0x18C3,0x3165,0x41C7,0x5ACB,0x7410,0x5B6E,
  0x636F,0x636F,0x636E,0x5B4E,0x5B4E,0x5B4E,0x52ED,0x52EC,0x52ED,0x530D,0x4ACC,0x4ACC,
  0x4AAC,0x4AAB,0x428A,0x424A,0x424A,0x426A,0x426A,0x426A,0x426A,0x426A,0x424A,0x426A,
  0x426A,0x426A,0x424A,0x424A,0x424A,0x426A,0x3A29,0x3A09,0x3A09,0x3A29,0x3A29,0x3A29,
  0x3A29,0x3A2A,0x3A2A,0x422A,0x422A,0x4229,0x39E8,0x31C7,0x31C8,0x31C8,0x31C8,0x31C8,
  0x31A7,0x31C8,0x31C8,0x31A7,0x31A7,0x31C7,0x31A7,0x3166,0x2966,0x2946,0x2945,0x2925,
  0x2925,0x2925,0x2925,0x2925,0x2925,0x3145,0x39A7,0x39A6,0x4186,0x41A7,0x49A7,0x49A7,
  0x49C7,0x51C7,0x59E8,0x51C7,0x41A7,0x3966,0x3986,0x3966,0x3986,0x3966,0x3145,0x3145,
  0x3125,0x3125,0x3145,0x2945,0x3145,0x3145,0x3145,0x3145,0x3146,0x3966,0x3966,0x3966,
  0x3146,0x3166,0x3166,0x3166,0x3166,0x3186,0x3187,0x3187,0x31A7,0x31A7,0x3187,0x3187,
  0x0862,0x2145,0x2125,0x0882,0x0862,0x0862,0x1904,0x0041,0x1083,0x0882,0x0000,0x0000,
  0x0000,0x0861,0x0861,0x0000,0x0000,0x0000,0x0000,0x0021,0x0841,0x0000,0x0000,0x0000,
  0x0000,0x0000,0x0000,0x0020,0x0861,0x0841,0x10A2,0x3186,0x0861,0x1082,0x0861,0x10A2,
  0x2124,0x10A3,0x10A2,0x0861,0x1081,0x4228,0x5289,0x52A9,0x5289,0x20E3,0x4A48,0x2103,
  0x20E3,0x3185,0x0020,0x0020,0x0020,0x0840,0x1061,0x2103,0x3185,0x3165,0x3185,0x39E7,
  0x18E3,0x3986,0x0820,0x0020,0x2965,0x18E3,0x0862,0x1082,0x0882,0x2945,0x18E3,0x1082,
  0x2104,0x3145,0x31A6,0x39E7,0x52AA,0x4228,0x4228,0x4228,0x39E7,0x39E7,0x5AEB,0x4228,
  0x39E7,0x2104,0x0000,0x20E3,0x41E7,0x4A07,0x5AA9,0x8C2F,0x6B2C,0x4A28,0x2944,0x0861,
  0x31A6,0x31A6,0x31A6,0x0841,0x2104,0x18E4,0x18E3,0x10A2,0x1082,0x20E3,0x0841,0x0000,
  0x0000,0x10A2,0x31A6,0x18E3,0x0020,0x0841,0x18E3,0x39E6,0x2144,0x0020,0x0000,0x0020,
  0x0020,0x0020,0x0841,0x0841,0x0841,0x1061,0x1082,0x3165,0x2944,0x2924,0x62EB,0x738E,
  0x632D,0x5B6E,0x5B4E,0x5B2D,0x5B2D,0x5B4E,0x530D,0x530D,0x530D,0x52EC,0x52EC,0x4ACC,
  0x4ACC,0x4AAB,0x4AAB,0x4A8B,0x426A,0x426A,0x426A,0x426A,0x428B,0x426A,0x426A,0x428B,
  0x426A,0x426A,0x424A,0x424A,0x422A,0x424A,0x3A29,0x3A09,0x29A8,0x31E8,0x3A29,0x3A2A,
  0x422A,0x422A,0x422A,0x422A,0x422A,0x3A29,0x39E8,0x31C7,0x31C7,0x31C8,0x39C8,0x31C8,
  0x31A7,0x31A7,0x31A7,0x31A7,0x31A7,0x31A7,0x3187,0x2966,0x3146,0x2946,0x2945,0x2925,
  0x2925,0x2925,0x2925,0x2925,0x2925,0x3966,0x41A7,0x41A7,0x41A7,0x4186,0x4186,0x4186,
  0x49A6,0x49C7,0x41C7,0x41A7,0x4187,0x3986,0x4186,0x41A7,0x4186,0x3966,0x3945,0x3125,
  0x3125,0x3125,0x3145,0x3145,0x3145,0x3145,0x3145,0x3145,0x3146,0x3146,0x3166,0x3166,
  0x3166,0x39A7,0x39A7,0x39A7,0x39A7,0x39A7,0x39A7,0x39A7,0x31A7,0x31A7,0x31A7,0x3187,
  0x10C4,0x2987,0x1083,0x0862,0x0042,0x10C3,0x10C3,0x0862,0x0862,0x0841,0x0000,0x0000,
  0x0000,0x0041,0x0041,0x0000,0x0000,0x0000,0x0020,0x0041,0x0041,0x0020,0x0000,0x0000,
  0x0000,0x0020,0x0020,0x0020,0x0841,0x0841,0x0882,0x18E3,0x0861,0x1082,0x1082,0x1082,
  0x18E4,0x2945,0x31A6,0x10A1,0x1081,0x4A28,0x5289,0x39A6,0x4A28,0x18C2,0x2944,0x18C2,
  0x2924,0x41E7,0x0020,0x0000,0x0841,0x0841,0x0820,0x2104,0x39A6,0x39C6,0x2924,0x18C2,
  0x10A2,0x2924,0x0000,0x0861,0x18E4,0x18E3,0x0020,0x0861,0x0841,0x0841,0x1082,0x10A3,
  0x2924,0x2945,0x3166,0x3186,0x39C7,0x41E8,0x4228,0x4A28,0x528A,0x52AA,0x52AA,0x4208,
  0x39C6,0x4A48,0x2965,0x1081,0x2924,0x4A08,0x83EE,0x9450,0x9430,0x734C,0x4A28,0x20E3,
  0x39A6,0x4208,0x4A49,0x10C3,0x2965,0x2124,0x20E3,0x18E3,0x1082,0x2104,0x0861,0x0020,
  0x0020,0x0020,0x10A2,0x31A6,0x18E3,0x0000,0x0841,0x18E3,0x39A6,0x41E7,0x18C3,0x0000,
  0x0020,0x0020,0x0020,0x0841,0x0020,0x0841,0x1082,0x1061,0x2944,0x4207,0x3144,0x62A9,
  0x6B8D,0x432D,0x5B2E,0x5B2D,0x5B0D,0x5B2D,0x52EC,0x530D,0x5B0D,0x530D,0x4ACC,0x4ACC,
  0x4ACC,0x4ACC,0x4ACC,0x4AAB,0x4AAB,0x4AAB,0x4A8B,0x428B,0x428B,0x428B,0x426A,0x428B,
  0x426A,0x424A,0x424A,0x424A,0x3A2A,0x3A29,0x3A29,0x3A29,0x3A09,0x3A29,0x426A,0x424A,
  0x424A,0x4229,0x422A,0x4229,0x4229,0x3A09,0x39E8,0x31C8,0x31C8,0x39E8,0x39E8,0x31C7,
  0x31A7,0x31A7,0x31A7,0x3187,0x31C8,0x31A7,0x31A7,0x31A7,0x3166,0x3186,0x3166,0x2945,
  0x2925,0x2925,0x2925,0x3125,0x3145,0x3986,0x3986,0x4187,0x41A6,0x41A6,0x4186,0x49A6,
  0x51E7,0x41A6,0x3145,0x3145,0x3166,0x3166,0x3945,0x4166,0x51E8,0x4987,0x3945,0x3125,
  0x3125,0x3125,0x3125,0x3145,0x3145,0x3145,0x3145,0x3146,0x3146,0x3146,0x3166,0x3166,
  0x3966,0x39A7,0x39A7,0x39A7,0x39A7,0x39C7,0x39A7,0x39A7,0x39A7,0x39A7,0x31A7,0x3187,
  0x1904,0x2966,0x0041,0x0021,0x10A3,0x18C4,0x0042,0x0862,0x0041,0x0020,0x0000,0x0000,
  0x0000,0x0041,0x0020,0x0000,0x0000,0x0020,0x0021,0x0021,0x0041,0x0000,0x0000,0x0020,
  0x0021,0x0021,0x0021,0x0041,0x0862,0x0041,0x0021,0x10A2,0x1082,0x18C3,0x18C3,0x0862,
  0x0861,0x2945,0x39E7,0x2103,0x1081,0x4228,0x4A48,0x3185,0x3185,0x2103,0x1081,0x3185,
  0x18C2,0x3185,0x0840,0x0000,0x0841,0x0841,0x20E4,0x3165,0x5269,0x39A6,0x39C6,0x1081,
  0x1082,0x2104,0x0000,0x0000,0x0861,0x2104,0x0000,0x0841,0x0841,0x0841,0x0861,0x1082,
  0x2104,0x18E3,0x18E3,0x39E7,0x39C7,0x31A6,0x41E7,0x39C7,0x528A,0x630B,0x62EB,0x6B2C,
  0x5ACA,0x52AA,0x5ACA,0x39E7,0x1081,0x3165,0x5A69,0x8C0F,0x8BEE,0x5AAA,0x5269,0x5269,
  0x3185,0x4A69,0x5AEB,0x2965,0x18C3,0x31A6,0x2124,0x1903,0x10A2,0x2904,0x1082,0x0861,
  0x0841,0x0841,0x0020,0x10A2,0x39E7,0x1081,0x0840,0x1082,0x2103,0x4207,0x5AAA,0x3186,
  0x0000,0x0020,0x0021,0x0000,0x0020,0x0020,0x0841,0x1062,0x18C2,0x3144,0x41C6,0x4A07,
  0x7BAE,0x6B8F,0x530C,0x530C,0x5B2D,0x634E,0x52EC,0x4A6A,0x630C,0x6B4D,0x5B0D,0x52EC,
  0x52CC,0x52CC,0x52CC,0x4ACC,0x4AAC,0x4AAB,0x4AAB,0x4A8B,0x4A8B,0x428B,0x428B,0x426A,
  0x426A,0x424A,0x424A,0x424A,0x3A2A,0x3A2A,0x3A2A,0x3A29,0x3A29,0x3A29,0x424A,0x422A,
  0x422A,0x422A,0x422A,0x4229,0x3A29,0x3A09,0x31E8,0x31C8,0x39E8,0x39E8,0x39C8,0x39C7,
  0x31C7,0x31C7,0x31A7,0x31A7,0x31A7,0x31A8,0x31C7,0x39E8,0x39A7,0x3966,0x3145,0x3145,
  0x3125,0x3125,0x3125,0x3145,0x3145,0x3965,0x3966,0x4186,0x49A7,0x49A7,0x49A7,0x51E7,
  0x49A7,0x3945,0x3145,0x2945,0x2945,0x3125,0x3125,0x3145,0x3966,0x4186,0x4166,0x3145,
  0x3125,0x2925,0x3125,0x3125,0x3146,0x3986,0x3966,0x3146,0x3126,0x3145,0x3146,0x3966,
  0x3987,0x39A7,0x39A7,0x39A7,0x39A7,0x39C7,0x39A7,0x39A7,0x39A7,0x39A7,0x3987,0x3187,
  0x1905,0x1904,0x0021,0x0041,0x10C3,0x0883,0x0021,0x0041,0x0061,0x0020,0x0000,0x0000,
  0x0020,0x0021,0x0000,0x0000,0x0000,0x0020,0x0861,0x0041,0x0000,0x0000,0x0020,0x0020,
  0x0021,0x0021,0x0021,0x0861,0x1082,0x0861,0x0020,0x0841,0x10A2,0x2966,0x2124,0x0861,
  0x0861,0x18E3,0x632C,0x2965,0x0020,0x18C2,0x5ACA,0x4A28,0x3185,0x18E3,0x20E3,0x5289,
  0x2924,0x20E3,0x1081,0x0000,0x0820,0x0861,0x2925,0x41E7,0x6B2C,0x4207,0x2924,0x10A2,
  0x0841,0x18C3,0x0000,0x0000,0x0020,0x0841,0x0020,0x0841,0x0862,0x0841,0x0861,0x10A2,
  0x18C3,0x10A2,0x18E3,0x2965,0x3186,0x39A7,0x39E7,0x39E7,0x4A48,0x738D,0x6B2C,0x630C,
  0x5AEB,0x5AEB,0x630C,0x6B4C,0x3185,0x0000,0x18C3,0x5AA9,0x7B8D,0x6B2B,0x39A5,0x4A27,
  0x4A28,0x4A69,0x6B4D,0x5AAB,0x18C3,0x2145,0x3186,0x2124,0x18C3,0x3125,0x2904,0x18C3,
  0x0861,0x0020,0x0841,0x0861,0x10A2,0x10A2,0x0861,0x0861,0x1082,0x3165,0x5A8A,0x5AAA,
  0x4228,0x0021,0x0020,0x0021,0x0000,0x0000,0x0020,0x0862,0x10A2,0x1081,0x20E3,0x41E7,
  0x41C6,0x6ACB,0x736D,0x5B0C,0x52CB,0x3A08,0x2986,0x2104,0x41E7,0x4208,0x3A08,0x5B0C,
  0x5B0D,0x52EC,0x52EC,0x52EC,0x52CC,0x4AAB,0x4AAB,0x4AAB,0x4AAB,0x428B,0x426A,0x426A,
  0x426A,0x424A,0x424A,0x424A,0x424A,0x424A,0x424A,0x3A2A,0x3A29,0x3A29,0x3A29,0x422A,
  0x422A,0x424A,0x424A,0x4229,0x3A09,0x39E8,0x31C8,0x39E8,0x39E8,0x31C8,0x39A8,0x39A8,
  0x39C8,0x39E8,0x39C8,0x39C7,0x39C7,0x39A7,0x31A7,0x39A7,0x39A7,0x3166,0x3145,0x3125,
  0x3125,0x3125,0x3145,0x3945,0x3945,0x4165,0x4186,0x49C7,0x51A6,0x51A6,0x49A6,0x49A6,
  0x41A6,0x3945,0x3125,0x3966,0x3145,0x3125,0x3125,0x3145,0x3145,0x3965,0x4166,0x3145,
  0x3145,0x3125,0x3125,0x3125,0x3125,0x3145,0x3966,0x3966,0x3145,0x3146,0x3146,0x3986,
  0x41A7,0x39A7,0x39A7,0x39A7,0x39A7,0x39A7,0x39A7,0x39A7,0x39A7,0x39A7,0x3187,0x3167,
  0x2125,0x10A3,0x0021,0x0042,0x10C4,0x0862,0x0021,0x0041,0x0020,0x0000,0x0000,0x0021,
  0x0021,0x0000,0x0000,0x0000,0x0000,0x0841,0x0882,0x0020,0x0020,0x0020,0x0021,0x0020,
  0x0020,0x0020,0x0021,0x0841,0x1082,0x0882,0x0021,0x0000,0x0841,0x2125,0x2124,0x18C3,
  0x0020,0x2944,0x738E,0x4208,0x1061,0x20E3,0x5289,0x5ACA,0x3185,0x18C2,0x18A2,0x39C6,
  0x31A6,0x1082,0x1082,0x0000,0x0820,0x0841,0x1082,0x39A6,0x6B2C,0x5289,0x1081,0x0881,
  0x0020,0x18C3,0x0000,0x0000,0x0000,0x0000,0x0020,0x0841,0x0841,0x0861,0x0861,0x0881,
  0x10C2,0x10A2,0x18E3,0x2945,0x3186,0x2945,0x4228,0x5269,0x5289,0x630C,0x6B6D,0x6B4C,
  0x630C,0x6B4D,0x528A,0x632C,0x634C,0x2985,0x0000,0x2103,0x62CA,0x6B0C,0x5248,0x6B4C,
  0x4A48,0x4A07,0x5A8A,0x6B2D,0x4A49,0x3A08,0x31A6,0x2165,0x18C3,0x49E8,0x3965,0x2103,
  0x10A2,0x0841,0x0841,0x0000,0x0020,0x0841,0x0861,0x1081,0x2103,0x2104,0x41C7,0x39C6,
  0x738D,0x5AEB,0x10A3,0x0000,0x0000,0x0000,0x0021,0x0021,0x0021,0x0841,0x10A2,0x20E3,
  0x3165,0x4A07,0x6B0B,0x630C,0x2104,0x10E3,0x31C6,0x4A69,0x31A6,0x5A89,0x62CA,0x62CB,
  0x630C,0x5B0C,0x5B0C,0x52EB,0x52CB,0x52CC,0x52CC,0x4AAB,0x4AAB,0x428B,0x426A,0x426A,
  0x426A,0x424A,0x424A,0x424A,0x424A,0x424A,0x424A,0x422A,0x3A29,0x3A29,0x4229,0x422A,
  0x422A,0x3A29,0x31E8,0x3A09,0x3A09,0x31E8,0x31C8,0x39C8,0x39C8,0x31A8,0x31A7,0x39C8,
  0x39C8,0x39C8,0x39C7,0x39A7,0x39A7,0x31A6,0x3186,0x3166,0x3166,0x3166,0x3145,0x3125,
  0x3125,0x3145,0x3145,0x3945,0x4165,0x4185,0x4986,0x51C6,0x51A6,0x51A6,0x49A6,0x49C6,
  0x49A6,0x4986,0x49A7,0x4986,0x4145,0x3945,0x3125,0x3966,0x3966,0x3145,0x3145,0x3966,
  0x3145,0x3125,0x2925,0x2925,0x3125,0x3145,0x3965,0x3965,0x3965,0x3166,0x3986,0x41A7,
  0x41A6,0x39A6,0x41C7,0x39A7,0x39A7,0x39A7,0x39A7,0x39A7,0x3987,0x3186,0x3186,0x3166,
  0x2145,0x0862,0x0021,0x0862,0x10A3,0x0001,0x0000,0x0020,0x0000,0x0000,0x0021,0x0841,
  0x0041,0x0000,0x0000,0x0020,0x0000,0x0841,0x0041,0x0041,0x0021,0x0841,0x0841,0x0021,
  0x0020,0x0000,0x0020,0x0021,0x1082,0x10C3,0x0862,0x0841,0x0861,0x10A2,0x2124,0x2945,
  0x0020,0x18C2,0x4228,0x2965,0x20E3,0x52AA,0x6B4C,0x39C6,0x31A6,0x2124,0x0861,0x39A6,
  0x2965,0x0861,0x0841,0x0841,0x0861,0x0000,0x0841,0x20E3,0x4A49,0x4228,0x0841,0x0841,
  0x0020,0x0041,0x0000,0x0000,0x0000,0x0000,0x0000,0x0021,0x0021,0x1082,0x1082,0x0882,
  0x10A2,0x10A2,0x1082,0x2104,0x2945,0x39A6,0x41E7,0x4207,0x4A48,0x62EB,0x738E,0x738D,
  0x840F,0x7BAE,0x5ACB,0x736D,0x632C,0x31A6,0x10A2,0x0000,0x3145,0x4A08,0x2904,0x4A07,
  0x2903,0x39A6,0x4A07,0x4A48,0x630C,0x52CA,0x4228,0x2986,0x10A2,0x3124,0x5248,0x3985,
  0x1903,0x0861,0x0861,0x0000,0x0861,0x1082,0x0000,0x0861,0x10A2,0x18C3,0x2904,0x39C6,
  0x31A6,0x5ACB,0x630D,0x2145,0x0000,0x0021,0x0021,0x0021,0x0020,0x0020,0x0841,0x1062,
  0x1882,0x3165,0x3145,0x1082,0x0841,0x0861,0x1082,0x39C6,0x8C30,0x736D,0x730B,0x5228,
  0x62CA,0x5AAA,0x5ACB,0x6B4D,0x52CB,0x52CC,0x52CC,0x4AAB,0x4AAB,0x4A8B,0x428B,0x426A,
  0x426A,0x424A,0x426A,0x424A,0x424A,0x424A,0x424A,0x424A,0x422A,0x422A,0x422A,0x422A,
  0x422A,0x3A09,0x29A7,0x3A09,0x39E8,0x31C8,0x31C8,0x39C8,0x39C8,0x39A8,0x39A7,0x39C8,
  0x39C8,0x39C7,0x3187,0x3166,0x3145,0x3145,0x3145,0x3145,0x3145,0x3145,0x3145,0x3125,
  0x3945,0x3945,0x3945,0x4165,0x49A6,0x49A6,0x49A6,0x51A6,0x59A6,0x59C6,0x51C6,0x49C6,
  0x49A6,0x51A7,0x5186,0x4145,0x3925,0x3145,0x3145,0x3986,0x3145,0x3145,0x3145,0x3145,
  0x3145,0x3145,0x3125,0x3125,0x3125,0x3945,0x3965,0x4186,0x3986,0x3966,0x41A7,0x41A7,
  0x41A7,0x39A7,0x39A7,0x39A7,0x39A7,0x39A7,0x39A7,0x39A7,0x3987,0x3186,0x3186,0x3166,
  0x10C4,0x0862,0x0021,0x10A3,0x0862,0x0000,0x0020,0x0020,0x0020,0x0000,0x0841,0x0041,
  0x0841,0x0000,0x0000,0x0021,0x0020,0x0020,0x0021,0x0041,0x0021,0x0862,0x0862,0x0841,
  0x0020,0x0000,0x0000,0x0000,0x1082,0x18C3,0x1082,0x1082,0x0841,0x0841,0x39E7,0x2965,
  0x10A2,0x10A2,0x18E3,0x0861,0x0861,0x31A6,0x5ACA,0x39C7,0x3185,0x3165,0x2944,0x5289,
  0x39E7,0x18A2,0x0861,0x1082,0x0020,0x0020,0x0841,0x2103,0x2965,0x39C6,0x0841,0x0020,
  0x0000,0x0000,0x0000,0x0000,0x0000,0x0000,0x0000,0x0021,0x0021,0x0862,0x0861,0x0841,
  0x0861,0x1082,0x18E3,0x2104,0x18E3,0x2965,0x39E7,0x39C6,0x4208,0x5ACB,0x630C,0x840F,
  0xA534,0x8430,0x4A49,0x5ACB,0x5289,0x41E7,0x39E7,0x1061,0x0800,0x2924,0x2924,0x3965,
  0x3985,0x4A07,0x39A5,0x62EA,0x62EB,0x634C,0x5AEB,0x31A6,0x18E3,0x3965,0x3144,0x3985,
  0x3185,0x1082,0x0841,0x0020,0x0020,0x10A2,0x10A3,0x0020,0x1061,0x0841,0x18C3,0x39A6,
  0x5289,0x4A69,0x634D,0x634E,0x2986,0x0020,0x0021,0x0020,0x0020,0x0020,0x0000,0x0841,
  0x1082,0x0841,0x0841,0x0021,0x0041,0x0841,0x0841,0x1082,0x9471,0x7BAE,0x2903,0x20E3,
  0x39C6,0x4207,0x2965,0x4A29,0x528B,0x5B0D,0x52CC,0x4ACC,0x4AAB,0x4A8B,0x428B,0x426A,
  0x426A,0x426A,0x426A,0x426A,0x426A,0x426A,0x424A,0x424A,0x424A,0x424A,0x424A,0x4229,
  0x4229,0x3A09,0x3A09,0x3A09,0x39E8,0x39C8,0x39C8,0x39E8,0x39E8,0x39C8,0x39C7,0x41E8,
  0x39E8,0x39A7,0x3166,0x3145,0x3145,0x3165,0x3145,0x3145,0x3145,0x3145,0x3145,0x3145,
  0x3945,0x4166,0x4165,0x4986,0x49A6,0x49A6,0x49A6,0x51A6,0x59C6,0x59C6,0x51C6,0x51C6,
  0x49A7,0x4966,0x5986,0x5146,0x3925,0x3145,0x3945,0x3145,0x3145,0x3165,0x3145,0x3145,
  0x3145,0x3145,0x3145,0x3125,0x3125,0x3966,0x4186,0x4186,0x4186,0x4186,0x41A7,0x41A7,
  0x3987,0x39A7,0x39A7,0x39A7,0x39A7,0x39A7,0x39A7,0x39A7,0x39A7,0x3987,0x3186,0x3166,
  0x0882,0x0042,0x0862,0x18E4,0x0041,0x0000,0x0021,0x0020,0x0020,0x0861,0x0841,0x0041,
  0x0021,0x0000,0x0020,0x0821,0x0020,0x0021,0x0841,0x0841,0x0041,0x1082,0x1082,0x0841,
  0x0021,0x0000,0x0000,0x0000,0x0841,0x18C3,0x2965,0x10A2,0x0000,0x0841,0x39C7,0x2965,
  0x2965,0x2124,0x1082,0x1082,0x0861,0x2924,0x528A,0x41E7,0x2104,0x18C3,0x39A6,0x4A28,
  0x4208,0x2924,0x1082,0x10A2,0x0820,0x1082,0x18C3,0x18C2,0x1061,0x2945,0x0861,0x0000,
  0x0000,0x0000,0x0000,0x0000,0x0000,0x0000,0x0000,0x0000,0x0000,0x0020,0x0861,0x0841,
  0x0841,0x0861,0x10A2,0x18E3,0x1903,0x2103,0x2945,0x2945,0x3186,0x528A,0x5AEB,0x7BCE,
  0x9471,0x94B1,0x6B6D,0x7BCE,0x632C,0x4207,0x630C,0x39A6,0x1061,0x0820,0x41E7,0x3145,
  0x1861,0x4A27,0x3985,0x5268,0x5A89,0x6B2C,0x7BCF,0x3186,0x3186,0x7B8D,0x3965,0x3165,
  0x31A6,0x18E4,0x0020,0x0041,0x0000,0x0841,0x2966,0x1082,0x10A2,0x1061,0x18C3,0x2944,
  0x4228,0x738E,0x630D,0x52EC,0x5B0C,0x3A08,0x0061,0x0020,0x0021,0x0000,0x0000,0x0000,
  0x0000,0x0000,0x0020,0x0862,0x0882,0x0862,0x18C3,0x20E4,0x41E8,0x39C7,0x18A2,0x3165,
  0x3985,0x5AAA,0x6B2B,0x3986,0x2945,0x5AAB,0x632D,0x4ACC,0x4AAB,0x4AAB,0x4A8B,0x4A8B,
  0x4A8B,0x4A8B,0x4A8B,0x426A,0x426B,0x426A,0x424A,0x424A,0x424A,0x424A,0x424A,0x4209,
  0x4209,0x4209,0x4209,0x3A09,0x39E8,0x39E8,0x39E8,0x39E8,0x39E8,0x39E8,0x39E8,0x39E8,
  0x39C7,0x3986,0x3146,0x3145,0x3145,0x3145,0x3145,0x3145,0x3125,0x3145,0x3945,0x3945,
  0x4145,0x51A7,0x51A6,0x5186,0x51A6,0x49A6,0x49A6,0x59C6,0x61E6,0x61C6,0x61C6,0x61C6,
  0x5186,0x51A7,0x61C7,0x5145,0x3945,0x4166,0x4966,0x3925,0x3945,0x3145,0x3145,0x3145,
  0x3145,0x3945,0x3945,0x3965,0x3125,0x3945,0x3966,0x4165,0x41A6,0x3986,0x3986,0x39A7,
  0x39A7,0x39A7,0x41C7,0x41C7,0x39A7,0x39A7,0x39A7,0x39C7,0x39A7,0x3987,0x3186,0x3166,
  0x0862,0x0021,0x10C4,0x18E4,0x0021,0x0000,0x0041,0x0020,0x0841,0x1082,0x0841,0x0020,
  0x0020,0x0041,0x0862,0x0021,0x0020,0x0041,0x0861,0x0041,0x0041,0x1082,0x1082,0x0841,
  0x0000,0x0000,0x0000,0x0000,0x0000,0x1082,0x2104,0x0021,0x0000,0x0020,0x2944,0x39E7,
  0x31A6,0x2965,0x0861,0x0882,0x1082,0x1061,0x4A69,0x39E7,0x18C3,0x18C2,0x4A49,0x39C7,
  0x4228,0x2924,0x10A2,0x2104,0x1061,0x18C3,0x18C3,0x0840,0x0020,0x20E3,0x1082,0x0000,
  0x0000,0x0000,0x0000,0x0000,0x0000,0x0000,0x0000,0x0000,0x0000,0x0000,0x0020,0x0041,
  0x0041,0x0041,0x0841,0x0882,0x10A2,0x18E3,0x18E3,0x2965,0x31A6,0x41E8,0x4208,0x5ACB,
  0x5ACA,0x5AAA,0x842F,0x73AD,0x6B2C,0x5AEB,0x5ACB,0x5289,0x39A6,0x0000,0x1061,0x3185,
  0x20E3,0x5268,0x5227,0x3985,0x5269,0x630B,0x738D,0x2924,0x3145,0x5ACA,0x5ACA,0x39C6,
  0x39C7,0x2945,0x0861,0x0041,0x0040,0x0020,0x2944,0x2124,0x1082,0x0861,0x20E4,0x2945,
  0x4A49,0x6B4D,0x632D,0x5AEC,0x52CC,0x5B0D,0x4249,0x0882,0x0021,0x0020,0x1082,0x31A6,
  0x39C7,0x10A2,0x0000,0x0861,0x1082,0x0882,0x31A6,0x2124,0x10A2,0x10C3,0x2945,0x41E7,
  0x62EB,0x4A28,0x5A89,0x8BCD,0x6AA9,0x5A89,0x5B0C,0x52CC,0x52AB,0x4AAB,0x4AAB,0x4AAB,
  0x4AAB,0x4A8B,0x4A8B,0x4A6B,0x426B,0x426A,0x426A,0x424A,0x4249,0x4249,0x3A09,0x39E8,
  0x4229,0x4229,0x4229,0x3A09,0x3A09,0x39E8,0x39E8,0x39E8,0x4208,0x39C7,0x39C7,0x39C7,
  0x3986,0x3966,0x3165,0x3145,0x3145,0x3125,0x3125,0x3145,0x3125,0x3145,0x3145,0x3965,
  0x4165,0x4986,0x49A6,0x49A6,0x49A6,0x49A6,0x4986,0x59C6,0x61E6,0x61C6,0x69C6,0x69C7,
  0x69C7,0x59A6,0x8206,0x7A47,0x4185,0x4145,0x4145,0x3945,0x3945,0x3945,0x3145,0x3145,
  0x3145,0x3965,0x3965,0x4186,0x3145,0x3945,0x3965,0x3965,0x3986,0x3986,0x3987,0x39A7,
  0x39A7,0x39A7,0x39C7,0x39C7,0x39A7,0x39A7,0x39A7,0x39A7,0x39A7,0x3187,0x3166,0x3166,
  0x0042,0x0021,0x18E4,0x0883,0x0021,0x0021,0x0021,0x0021,0x0862,0x0841,0x0021,0x0000,
  0x0020,0x0041,0x0020,0x0020,0x0020,0x0020,0x0020,0x0021,0x0841,0x1082,0x0861,0x0021,
  0x0000,0x0000,0x0821,0x0841,0x0841,0x0841,0x0841,0x0020,0x0000,0x0020,0x18E3,0x3185,
  0x2944,0x2104,0x0841,0x1082,0x10A2,0x0841,0x2124,0x31A6,0x1082,0x10A2,0x39E7,0x2924,
  0x3185,0x31A6,0x3186,0x3186,0x18C3,0x2944,0x18C3,0x0000,0x0020,0x10A2,0x0861,0x0000,
  0x0000,0x0000,0x0000,0x0000,0x0000,0x0000,0x0000,0x0000,0x0000,0x0020,0x0020,0x0020,
  0x0020,0x0861,0x0862,0x0882,0x10A2,0x18C3,0x18E3,0x2124,0x2124,0x31A6,0x39C7,0x528A,
  0x5AAA,0x83EF,0x8C50,0x840F,0x630C,0x5AAA,0x39C7,0x39C6,0x4A28,0x18C3,0x0000,0x18A2,
  0x3985,0x5AA9,0x4A07,0x5AA9,0x41E7,0x5269,0x5269,0x1061,0x5A89,0x41C6,0x5289,0x5AAA,
  0x39C7,0x2945,0x10A2,0x0041,0x0861,0x0000,0x2945,0x31C6,0x0841,0x0861,0x1082,0x1082,
  0x31A7,0x630C,0x632D,0x632D,0x5AEC,0x52AB,0x52CB,0x4A8A,0x2125,0x10A3,0x18E4,0x2945,
  0x52AA,0x630C,0x2104,0x10A2,0x0841,0x1904,0x2965,0x0841,0x0041,0x10C3,0x1082,0x1082,
  0x41E7,0xA4F3,0x8BEE,0x838C,0x83AD,0x3985,0x632C,0x5B0C,0x52AB,0x4AAB,0x4AAB,0x4AAB,
  0x4A8A,0x4A8A,0x4A8B,0x4A6B,0x426B,0x426A,0x426A,0x426A,0x4A6A,0x4229,0x3A09,0x4229,
  0x424A,0x4229,0x4229,0x3A09,0x3A09,0x39E8,0x39E8,0x3A08,0x3A08,0x39E8,0x39C7,0x39C7,
  0x3986,0x3966,0x3165,0x3145,0x3145,0x3125,0x3125,0x3145,0x3145,0x3145,0x3145,0x3125,
  0x3965,0x49A6,0x4986,0x49A6,0x4986,0x4985,0x4986,0x59A6,0x69E6,0x61E6,0x69C6,0x7207,
  0x71E7,0x79E5,0xB36A,0x7205,0x4185,0x4966,0x4165,0x4165,0x4166,0x4165,0x3945,0x3945,
  0x3945,0x3945,0x3945,0x3945,0x3945,0x3945,0x3165,0x3145,0x3165,0x3986,0x3987,0x39A7,
  0x41A7,0x41C7,0x41E8,0x39C7,0x39A7,0x39A7,0x39A7,0x39C7,0x39A7,0x3987,0x3166,0x3166,
  0x0041,0x0042,0x18E4,0x0042,0x0021,0x0021,0x0021,0x0021,0x0041,0x0841,0x0020,0x0020,
  0x0041,0x0020,0x0000,0x0000,0x0020,0x0000,0x0841,0x0862,0x10A2,0x1082,0x0000,0x0000,
  0x0000,0x0000,0x0841,0x0000,0x0000,0x0020,0x0000,0x0020,0x0000,0x0000,0x10A2,0x2103,
  0x18E3,0x1082,0x0841,0x0861,0x18C3,0x1061,0x2104,0x2945,0x0820,0x0841,0x10A2,0x3165,
  0x2944,0x18E3,0x2965,0x31A6,0x18E3,0x3165,0x18C3,0x0000,0x0020,0x1081,0x0020,0x0000,
  0x0000,0x0000,0x0000,0x0000,0x0000,0x0020,0x0021,0x0021,0x0020,0x0000,0x0000,0x0020,
  0x0021,0x0041,0x0041,0x0862,0x10A3,0x18C3,0x2945,0x2965,0x18C3,0x18E3,0x31A6,0x4208,
  0x5AAA,0x6B4D,0x73AE,0x9CD2,0x8410,0x6B4D,0x5ACB,0x31A6,0x31A6,0x3185,0x0000,0x0000,
  0x18C2,0x41C6,0x4A08,0x5A89,0x39C6,0x39A6,0x41C6,0x1061,0x6B0B,0x83CE,0x39C7,0x5269,
  0x4208,0x2986,0x1903,0x0041,0x0841,0x0000,0x2125,0x31A6,0x10A2,0x18C2,0x18A2,0x18A2,
  0x2945,0x3186,0x4228,0x632C,0x5B0D,0x4AAB,0x4AAB,0x52EC,0x2966,0x0882,0x1083,0x1904,
  0x2104,0x2125,0x2125,0x2124,0x0882,0x18E3,0x1082,0x0000,0x0862,0x0862,0x1082,0x1082,
  0x18A2,0x736E,0x83CE,0x49E6,0x6289,0x3123,0x3186,0x4228,0x5ACB,0x52AB,0x4AAB,0x4A8A,
  0x4A8A,0x4A8A,0x4A8B,0x4A8A,0x4A6A,0x426A,0x426A,0x4A6A,0x4AAB,0x424A,0x424A,0x4249,
  0x4A6A,0x4249,0x4229,0x4229,0x4209,0x39E8,0x39E8,0x4229,0x4208,0x41E8,0x41E8,0x41C7,
  0x41A7,0x3986,0x3145,0x3145,0x3145,0x3145,0x3145,0x3145,0x3145,0x3145,0x3945,0x3945,
  0x49A7,0x4986,0x49A6,0x51A6,0x4986,0x4965,0x4986,0x59C6,0x61E6,0x4964,0x6A06,0x79E6,
  0x9246,0xE50F,0xD52F,0x69A4,0x5186,0x4966,0x4165,0x4185,0x4165,0x4186,0x4186,0x4166,
  0x4165,0x4165,0x3945,0x3945,0x3945,0x3965,0x3965,0x3965,0x3145,0x3966,0x3986,0x4187,
  0x41C7,0x41C8,0x41C7,0x41C7,0x41C7,0x39A7,0x39A7,0x39A7,0x39A7,0x39A7,0x3186,0x3166,
  0x0041,0x10C3,0x10C3,0x0041,0x0021,0x0041,0x0020,0x0021,0x0841,0x0021,0x0021,0x0841,
  0x0041,0x0020,0x0020,0x0000,0x0000,0x0000,0x0841,0x0021,0x0862,0x0841,0x0000,0x0000,
  0x0000,0x0021,0x0000,0x0000,0x0000,0x0020,0x0000,0x0000,0x0000,0x0000,0x0841,0x18C3,
  0x18E3,0x0020,0x0841,0x1082,0x10A2,0x1082,0x10A2,0x18E3,0x0820,0x0020,0x0861,0x2924,
  0x2965,0x2965,0x18C3,0x2944,0x18C3,0x2104,0x18A2,0x0000,0x0020,0x0861,0x0000,0x0000,
  0x0000,0x0000,0x0000,0x0000,0x0000,0x0000,0x0021,0x0021,0x0021,0x0020,0x0000,0x0000,
  0x0020,0x0020,0x0020,0x0021,0x0861,0x1082,0x18C3,0x39C7,0x31A7,0x2104,0x39C7,0x3166,
  0x39A6,0x528A,0x5ACB,0x7BCF,0x5AAA,0x4A49,0x5AAA,0x4208,0x3186,0x2945,0x0861,0x0820,
  0x0841,0x20E3,0x3145,0x3144,0x41C6,0x3985,0x2923,0x6B0B,0x5A68,0x62AA,0x5AAB,0x528A,
  0x39E7,0x2985,0x2145,0x0862,0x0821,0x0841,0x2945,0x18C2,0x10C2,0x3185,0x2103,0x18C3,
  0x41E7,0x4208,0x3186,0x4229,0x52EC,0x4AAB,0x52CC,0x2986,0x0041,0x0862,0x0862,0x0862,
  0x18E4,0x10A3,0x10A3,0x10C3,0x18E3,0x632C,0x10A3,0x0021,0x0861,0x0862,0x0882,0x1082,
  0x18A3,0x3165,0x5248,0x28E3,0x3123,0x3124,0x62CA,0x5A89,0x31A6,0x52AA,0x5AEC,0x52EC,
  0x4A8A,0x4A8A,0x4A8B,0x4A8A,0x4A6A,0x4A6A,0x4A6A,0x4A6A,0x426A,0x424A,0x424A,0x4249,
  0x4249,0x4249,0x4229,0x4229,0x4209,0x39E8,0x39C7,0x4208,0x4208,0x41E8,0x41E8,0x41C7,
  0x41A7,0x4186,0x3965,0x3965,0x3945,0x3145,0x3145,0x3145,0x3145,0x3145,0x3145,0x3965,
  0x51C6,0x59A5,0x61A6,0x59C6,0x5186,0x4965,0x4986,0x59C6,0x69E6,0x4944,0x4164,0x9B4A,
  0xD4AD,0xBCCD,0xAC0A,0x79E5,0x61A7,0x5186,0x4985,0x4165,0x51E7,0x49A6,0x4165,0x4166,
  0x4165,0x4165,0x4165,0x3965,0x3965,0x3965,0x4186,0x4186,0x4186,0x4186,0x41A7,0x41A7,
  0x41C7,0x41C7,0x41C7,0x41C8,0x41C7,0x39A7,0x39C7,0x41E8,0x3986,0x3186,0x3166,0x3146,
  0x0042,0x18E4,0x0882,0x0041,0x0041,0x0021,0x0000,0x0021,0x0841,0x0000,0x0000,0x0841,
  0x0020,0x0020,0x0020,0x0000,0x0000,0x0000,0x0000,0x0000,0x0021,0x0000,0x0000,0x0000,
  0x0000,0x0000,0x0000,0x0000,0x0000,0x0000,0x0000,0x0000,0x0000,0x0000,0x0000,0x1082,
  0x0861,0x0000,0x0861,0x1904,0x0861,0x0861,0x0000,0x1082,0x0000,0x0840,0x20E3,0x2945,
  0x2124,0x39C6,0x2924,0x1082,0x0861,0x1081,0x20E3,0x0000,0x0000,0x0000,0x0000,0x0000,
  0x0000,0x0000,0x0000,0x0000,0x0000,0x0000,0x0000,0x0021,0x0041,0x0021,0x0020,0x0000,
  0x0020,0x0020,0x0021,0x0021,0x0000,0x0021,0x2125,0x2945,0x31A6,0x2124,0x2104,0x2945,
  0x2124,0x39E7,0x5289,0x4228,0x39A6,0x39A6,0x4A28,0x39A6,0x41E7,0x39C6,0x18C2,0x0861,
  0x18E3,0x0820,0x3144,0x3985,0x4A07,0x49E7,0x2923,0x732C,0x7B4C,0x3985,0x31A6,0x5ACB,
  0x39E7,0x3186,0x2145,0x1082,0x0841,0x0841,0x2124,0x18C3,0x1082,0x3165,0x39A6,0x18C2,
  0x39A6,0x5ACA,0x630B,0x52CB,0x52CC,0x4A8A,0x426A,0x08A3,0x0862,0x0041,0x0021,0x0021,
  0x0041,0x0041,0x0041,0x0021,0x0862,0x4208,0x10C3,0x0041,0x0862,0x1082,0x1082,0x0882,
  0x18E3,0x2945,0x2103,0x2103,0x5269,0x6B2C,0x62CA,0x8C0F,0x62AA,0x5227,0x83EF,0x5B0C,
  0x4A8B,0x4A8B,0x4A8B,0x4A8B,0x4A6A,0x4A6A,0x4A8A,0x4A6A,0x426A,0x4269,0x426A,0x4A4A,
  0x4A4A,0x4229,0x4229,0x4229,0x4208,0x39C7,0x39C7,0x4208,0x41E8,0x41E8,0x41E8,0x41E8,
  0x41E7,0x41C7,0x3986,0x3965,0x3945,0x3145,0x3145,0x3145,0x3145,0x3145,0x3145,0x3965,
  0x51A5,0x7A07,0x69C6,0x69E6,0x59A5,0x5185,0x51A5,0x59C6,0x69C7,0x7A27,0x5A26,0xAC6D,
  0x8B0A,0x30C2,0x4144,0x5186,0x5187,0x4987,0x4986,0x49A6,0x3965,0x4966,0x4965,0x4165,
  0x4165,0x4165,0x4165,0x4145,0x4165,0x4186,0x49A6,0x49A6,0x49C7,0x49C7,0x49C7,0x41C7,
  0x41A7,0x41C7,0x41C7,0x41C7,0x39A7,0x39A7,0x3186,0x39A6,0x3186,0x3166,0x3145,0x3146,
  0x0862,0x18E4,0x0882,0x0041,0x0041,0x0020,0x0020,0x0841,0x0041,0x0000,0x0041,0x0041,
  0x0000,0x0020,0x0000,0x0000,0x0000,0x0000,0x0000,0x0000,0x0000,0x0000,0x0000,0x0000,
  0x0000,0x0000,0x0000,0x0000,0x0000,0x0000,0x0000,0x0000,0x0000,0x0000,0x0000,0x1082,
  0x0000,0x0000,0x10A2,0x2104,0x0820,0x0841,0x0020,0x1061,0x0841,0x0841,0x2944,0x2924,
  0x18C3,0x39C7,0x2965,0x0820,0x0820,0x0861,0x20E3,0x0000,0x0000,0x0000,0x0000,0x0000,
  0x0000,0x0000,0x0000,0x0000,0x0000,0x0000,0x0000,0x0020,0x0021,0x0021,0x0020,0x0000,
  0x0000,0x0020,0x0000,0x0000,0x0000,0x0000,0x18C3,0x2945,0x0862,0x18C3,0x20E3,0x2945,
  0x2925,0x2945,0x2945,0x31A6,0x4A28,0x4208,0x4A69,0x2945,0x3185,0x39C6,0x2124,0x0861,
  0x3186,0x1061,0x20E3,0x20C3,0x2904,0x2903,0x4A28,0x41E7,0x5228,0x5268,0x5ACA,0x5AEA,
  0x39C6,0x31A6,0x2104,0x1082,0x0821,0x0861,0x18E3,0x1082,0x1082,0x18C3,0x528A,0x4A27,
  0x2903,0x4A07,0x6B2C,0x4AAB,0x4AAB,0x4AAB,0x424A,0x0882,0x0861,0x0041,0x0020,0x0020,
  0x0040,0x0020,0x0020,0x0020,0x0041,0x0041,0x0841,0x0862,0x0862,0x0861,0x10C3,0x18E3,
  0x10A2,0x0861,0x10A2,0x2945,0x526A,0x8C51,0x8C50,0x734C,0x9C50,0x6AC9,0x736D,0x52AB,
  0x52AB,0x4A8B,0x4A8B,0x4A8B,0x4A8A,0x4A6A,0x4A6A,0x424A,0x4269,0x4269,0x4269,0x4A4A,
  0x4A4A,0x4A4A,0x4229,0x4229,0x4208,0x41E8,0x41E8,0x41E8,0x41E8,0x41E8,0x4208,0x49E8,
  0x4A08,0x41C7,0x4186,0x3965,0x3945,0x3945,0x3945,0x3945,0x3945,0x3945,0x3945,0x3945,
  0x4165,0x5964,0x69C6,0x7A27,0x7226,0x59A4,0x61A5,0x69C6,0x71E7,0x8267,0x51A6,0x3926,
  0x4146,0x4166,0x2104,0x2104,0x2125,0x2904,0x2904,0x3125,0x2924,0x4965,0x4966,0x4985,
  0x4985,0x4965,0x4165,0x4165,0x4986,0x49A6,0x49A6,0x49C7,0x49C7,0x49C7,0x49C7,0x49C7,
  0x41A7,0x41A7,0x41C7,0x41E8,0x39A7,0x3187,0x3186,0x3166,0x3166,0x3166,0x3986,0x3145,
  0x0882,0x10A3,0x0882,0x0041,0x0021,0x0000,0x0000,0x0021,0x0021,0x0000,0x0041,0x0020,
  0x0000,0x0000,0x0000,0x0000,0x0000,0x0000,0x0000,0x0000,0x0000,0x0020,0x0020,0x0000,
  0x0000,0x0020,0x0021,0x0021,0x0021,0x0021,0x0000,0x0000,0x0000,0x0000,0x0000,0x0000,
  0x0000,0x0000,0x0841,0x2125,0x0841,0x0841,0x1061,0x0841,0x0841,0x0861,0x2965,0x20E3,
  0x1081,0x4228,0x3165,0x0000,0x0820,0x0840,0x1081,0x0020,0x0000,0x0000,0x0000,0x0000,
  0x0000,0x0000,0x0000,0x0000,0x0000,0x0000,0x0000,0x0000,0x0020,0x0020,0x0020,0x0000,
  0x0000,0x0000,0x0000,0x0000,0x0000,0x0000,0x0000,0x0000,0x0841,0x1082,0x18A3,0x18E3,
  0x2104,0x18A3,0x20E3,0x2924,0x39C7,0x39C7,0x3165,0x20E3,0x3186,0x2924,0x2104,0x0841,
  0x2945,0x3185,0x0000,0x2924,0x3145,0x3165,0x6B2C,0x5AAA,0x49E7,0x4A07,0x4207,0x5289,
  0x39C7,0x3186,0x18E4,0x10A2,0x0841,0x0862,0x0861,0x0020,0x0861,0x1082,0x39A6,0x5289,
  0x39A5,0x20E3,0x630C,0x5B2D,0x4A8A,0x52CB,0x4A6A,0x0862,0x0061,0x0040,0x0020,0x0020,
  0x0020,0x0020,0x0020,0x0020,0x0000,0x0000,0x0021,0x0882,0x0862,0x0841,0x10A2,0x2104,
  0x0041,0x0021,0x10A2,0x1062,0x18A3,0x5A8A,0x9CB2,0x9C71,0x8BEE,0x62A9,0x5AAA,0x5AEB,
  0x52AB,0x4A8B,0x4A8B,0x4A8B,0x4A8B,0x4A6A,0x4A6A,0x4A6A,0x426A,0x4249,0x4A6A,0x4A4A,
  0x4A4A,0x4A49,0x4208,0x4229,0x4A49,0x4228,0x41E8,0x41E8,0x4A09,0x4A09,0x4A28,0x49E8,
  0x39A6,0x49C7,0x41A6,0x3965,0x3945,0x3945,0x3965,0x3945,0x3945,0x3945,0x3945,0x4145,
  0x4165,0x4964,0x69C6,0x79E6,0x7A06,0x7206,0x71E6,0x79E6,0x7A06,0x7226,0x2924,0x3147,
  0x3125,0x3125,0x2125,0x2145,0x1924,0x1904,0x2104,0x3144,0x3124,0x5186,0x5185,0x51C7,
  0x51A6,0x4965,0x4986,0x49A6,0x51A6,0x51C7,0x51C7,0x49C6,0x49C7,0x51C7,0x49C7,0x49C7,
  0x49C7,0x41C7,0x41C7,0x41A7,0x3986,0x3987,0x3987,0x3966,0x3146,0x3146,0x3986,0x3145,
  0x0862,0x10A3,0x0041,0x0020,0x0020,0x0000,0x0000,0x0021,0x0000,0x0000,0x0020,0x0000,
  0x0000,0x0000,0x0000,0x0000,0x0000,0x0000,0x0000,0x0000,0x0020,0x0021,0x0021,0x0041,
  0x0841,0x0041,0x0841,0x0841,0x0021,0x0041,0x0041,0x0020,0x0020,0x0021,0x0000,0x0000,
  0x0000,0x0000,0x0841,0x2104,0x0020,0x1061,0x1082,0x0000,0x1082,0x10A2,0x3186,0x2944,
  0x20E3,0x2945,0x3185,0x0020,0x0020,0x0020,0x0861,0x0020,0x0000,0x0000,0x0000,0x0000,
  0x0000,0x0020,0x0000,0x0000,0x0000,0x0000,0x0000,0x0000,0x0000,0x0000,0x0000,0x0000,
  0x0000,0x0000,0x0000,0x0000,0x0000,0x0000,0x0021,0x0821,0x0841,0x0862,0x0862,0x0841,
  0x18E4,0x18E3,0x1082,0x0861,0x2125,0x2945,0x18C3,0x2103,0x2945,0x18C3,0x2124,0x0862,
  0x10A3,0x39A6,0x0841,0x18A2,0x3986,0x39A6,0x39A6,0x41E6,0x39A6,0x3144,0x3186,0x39A6,
  0x39C7,0x2966,0x2104,0x1082,0x0841,0x0841,0x0041,0x0882,0x2966,0x1082,0x2924,0x5289,
  0x5289,0x2103,0x41E7,0x636D,0x634D,0x5AEC,0x3A09,0x0862,0x0041,0x0020,0x0020,0x0021,
  0x0021,0x0020,0x0020,0x0020,0x0000,0x0000,0x0020,0x0861,0x0862,0x0861,0x0862,0x0021,
  0x0021,0x0882,0x1082,0x1082,0x1082,0x20E3,0x62EB,0xAD13,0x734B,0x3984,0x39A6,0x6B6D,
  0x52AB,0x4A6A,0x4AAB,0x4AAB,0x4A8B,0x4A8B,0x4A6A,0x4A6A,0x4A6A,0x4A6A,0x4A6A,0x4A4A,
  0x4A49,0x4A49,0x4A49,0x4A49,0x4208,0x41E8,0x39C7,0x39C7,0x41E8,0x5229,0x5229,0x41A6,
  0x3165,0x3965,0x4165,0x3945,0x3945,0x3965,0x3965,0x3945,0x3965,0x3965,0x4165,0x5166,
  0x4965,0x5165,0x69E6,0x7A06,0x7A06,0x8247,0x8227,0x79E6,0x7A06,0x61E6,0x18E4,0x2125,
  0x2986,0x2945,0x2125,0x2145,0x2125,0x2104,0x2104,0x3185,0x3145,0x4965,0x5186,0x51A6,
  0x51A6,0x4986,0x51A6,0x51C6,0x51C7,0x51C7,0x51C7,0x4185,0x51C7,0x51C7,0x51E7,0x49C7,
  0x49C7,0x41C7,0x41A7,0x39A7,0x3987,0x3987,0x39A7,0x3987,0x3145,0x3145,0x3125,0x3145,
  0x0862,0x0862,0x0000,0x0020,0x0020,0x0000,0x0021,0x0021,0x0000,0x0000,0x0000,0x0000,
  0x0000,0x0000,0x0000,0x0000,0x0000,0x0000,0x0000,0x0000,0x0020,0x0021,0x0841,0x0882,
  0x1082,0x1082,0x1082,0x0882,0x1083,0x0862,0x0862,0x0861,0x0882,0x0041,0x0021,0x0000,
  0x0000,0x0000,0x0841,0x0841,0x0000,0x10A2,0x0861,0x0020,0x10A2,0x10A2,0x18C2,0x18C3,
  0x2965,0x2103,0x2945,0x0020,0x0000,0x0020,0x0041,0x0000,0x0000,0x0000,0x0000,0x0000,
  0x0000,0x0020,0x0020,0x0000,0x0000,0x0000,0x0000,0x0000,0x0000,0x0000,0x0000,0x0000,
  0x0000,0x0000,0x0000,0x0000,0x0000,0x0000,0x0021,0x0841,0x0020,0x0000,0x0841,0x1082,
  0x0861,0x1082,0x0841,0x0862,0x18C3,0x18E3,0x18E3,0x2103,0x18E3,0x10A2,0x18E3,0x0862,
  0x0841,0x2945,0x18C3,0x0800,0x18A2,0x528A,0x20E3,0x20C2,0x41C6,0x20E3,0x18C2,0x2924,
  0x3166,0x2105,0x18E4,0x0882,0x0041,0x0041,0x0020,0x10C3,0x31A6,0x2124,0x2945,0x4A49,
  0x528A,0x39E7,0x39C7,0x52AA,0x634D,0x52CC,0x31A7,0x0021,0x0841,0x0021,0x0020,0x0020,
  0x0000,0x0000,0x0000,0x0020,0x0000,0x0020,0x0021,0x0021,0x0041,0x0841,0x0021,0x0021,
  0x0862,0x0862,0x0862,0x1082,0x1082,0x0841,0x41E7,0x734C,0x41C6,0x20C2,0x20E3,0x41C7,
  0x6B2D,0x632D,0x52AB,0x4A8B,0x4A8B,0x4A8B,0x4A6A,0x4A6A,0x4A6A,0x4A8A,0x4A4A,0x4A29,
  0x4A29,0x4A49,0x4A49,0x4208,0x4208,0x41E8,0x41E8,0x41E8,0x41E8,0x49E8,0x41C7,0x3986,
  0x3986,0x41A6,0x4165,0x3945,0x3945,0x3965,0x3965,0x4165,0x3965,0x3965,0x5186,0x61E7,
  0x6A07,0x6A06,0x71E6,0x7A06,0x7A26,0x8A68,0x8247,0x7A06,0x7A27,0x51A5,0x18C3,0x10C3,
  0x2966,0x2966,0x2946,0x2966,0x2946,0x2945,0x2104,0x20E4,0x1905,0x4166,0x51A6,0x5186,
  0x51A6,0x51A6,0x51C6,0x59C6,0x59E6,0x51E6,0x51E7,0x51C6,0x51E7,0x5A07,0x59E7,0x51C7,
  0x49A6,0x41A6,0x4186,0x41A7,0x3987,0x3986,0x3986,0x3987,0x3125,0x3125,0x3145,0x3145,
  0x0041,0x0020,0x0021,0x0020,0x0000,0x0021,0x0041,0x0000,0x0000,0x0000,0x0000,0x0000,
  0x0000,0x0000,0x0020,0x0020,0x0020,0x0020,0x0020,0x0020,0x0020,0x0021,0x0862,0x10A3,
  0x0842,0x10A2,0x2124,0x18E3,0x18C3,0x10A2,0x0862,0x0861,0x10C3,0x0862,0x0021,0x0000,
  0x0000,0x0000,0x0000,0x0841,0x0000,0x10A2,0x0861,0x0861,0x0820,0x0861,0x18C2,0x2944,
  0x2944,0x0840,0x20E3,0x0841,0x0000,0x0000,0x0020,0x0000,0x0000,0x0000,0x0000,0x0000,
  0x0000,0x0000,0x0000,0x0020,0x0020,0x0000,0x0000,0x0000,0x0000,0x0000,0x0000,0x0000,
  0x0000,0x0000,0x0000,0x0000,0x0000,0x0000,0x0000,0x0000,0x0000,0x0000,0x0020,0x0841,
  0x0020,0x0861,0x0861,0x1082,0x1081,0x0861,0x18A2,0x18E3,0x10C3,0x10A2,0x10A2,0x0020,
  0x0000,0x10A2,0x10A2,0x0000,0x0840,0x2965,0x2924,0x0000,0x41E7,0x2103,0x39C7,0x31A6,
  0x18C3,0x2104,0x10C3,0x0861,0x0021,0x0021,0x0841,0x0861,0x18C2,0x3185,0x4207,0x4A69,
  0x4A4A,0x4A49,0x4A69,0x5ACC,0x5B0D,0x52CC,0x424A,0x0862,0x0041,0x0041,0x0021,0x0020,
  0x0000,0x0000,0x0000,0x0021,0x0020,0x0000,0x0000,0x0020,0x0021,0x0020,0x0000,0x0841,
  0x0862,0x0862,0x0882,0x1082,0x1082,0x1061,0x3986,0x3144,0x2944,0x4A07,0x6AEA,0x62AA,
  0x62CB,0x6B4D,0x4A6A,0x4AAB,0x4A8B,0x4A8B,0x4A8A,0x4A6A,0x4A6A,0x4A6A,0x4A49,0x4A49,
  0x4A49,0x4A29,0x4208,0x41E8,0x41E8,0x41E8,0x41E8,0x41E8,0x41C8,0x39A7,0x3986,0x3986,
  0x4186,0x4186,0x4165,0x4165,0x4165,0x3965,0x4165,0x4165,0x4165,0x4164,0x5185,0x69E6,
  0x69E6,0x6A06,0x7206,0x7A27,0x8227,0x8247,0x8226,0x8226,0x8227,0x4144,0x18C4,0x10A3,
  0x2145,0x39E8,0x2946,0x2146,0x2966,0x2966,0x2925,0x2125,0x2124,0x3145,0x59C7,0x51A6,
  0x51A6,0x51C6,0x61E6,0x7A47,0x6A07,0x6207,0x61E7,0x6207,0x59E7,0x59E7,0x59E7,0x51C7,
  0x49A6,0x49A6,0x4186,0x41A7,0x41A7,0x3145,0x3145,0x41A7,0x3166,0x3125,0x3125,0x3125,
  0x0021,0x0000,0x0021,0x0021,0x0041,0x0041,0x0021,0x0000,0x0000,0x0000,0x0000,0x0000,
  0x0000,0x0020,0x0021,0x0021,0x0021,0x0021,0x0020,0x0020,0x0021,0x0021,0x0862,0x1083,
  0x0842,0x0861,0x10A2,0x2125,0x2104,0x10C3,0x18E4,0x10C3,0x0862,0x18E4,0x1083,0x0862,
  0x0021,0x0000,0x0020,0x0020,0x0000,0x0881,0x0861,0x0861,0x0841,0x0841,0x18C2,0x31A5,
  0x20E3,0x0000,0x1082,0x1061,0x0000,0x0000,0x0000,0x0000,0x0000,0x0000,0x0000,0x0000,
  0x0000,0x0000,0x0000,0x0020,0x0020,0x0000,0x0000,0x0000,0x0000,0x0000,0x0000,0x0000,
  0x0000,0x0000,0x0000,0x0000,0x0000,0x0000,0x0000,0x0000,0x0000,0x0000,0x0000,0x0000,
  0x0020,0x0020,0x0020,0x0020,0x0020,0x0020,0x10A2,0x18E3,0x10C2,0x0881,0x0882,0x0000,
  0x0000,0x0000,0x0000,0x0841,0x0841,0x0000,0x18C3,0x20E3,0x1081,0x20E3,0x2924,0x2945,
  0x18C3,0x18C3,0x10A2,0x0061,0x0041,0x0021,0x0021,0x0020,0x0861,0x18E3,0x4207,0x6B4D,
  0x528B,0x52AB,0x5ACB,0x52CB,0x52CB,0x4AAB,0x4AAB,0x18E4,0x0000,0x0021,0x0021,0x0021,
  0x0000,0x0000,0x0000,0x0000,0x0000,0x0000,0x0000,0x0021,0x0020,0x0000,0x0841,0x0862,
  0x0862,0x0882,0x0861,0x10A2,0x10A2,0x10A2,0x18C3,0x2104,0x5269,0x83EF,0x736C,0x9C90,
  0x8C0E,0x6B2C,0x52AA,0x4A8B,0x4A8B,0x4A8B,0x4A8A,0x4A6A,0x4A6A,0x4A4A,0x4A49,0x4A29,
  0x4A49,0x4209,0x39E8,0x39C8,0x39C7,0x39C7,0x41C7,0x39C7,0x39C7,0x41C7,0x39A7,0x3986,
  0x4166,0x4165,0x4165,0x4985,0x4165,0x3965,0x4165,0x4985,0x4985,0x4985,0x59C6,0x61E6,
  0x51E6,0x59E6,0x61E7,0x6A07,0x7A26,0x8226,0x8247,0x8247,0x79E7,0x3104,0x18A3,0x18C4,
  0x2104,0x39C8,0x2966,0x2146,0x2946,0x2946,0x2945,0x2945,0x2125,0x2104,0x51A7,0x59C6,
  0x59A6,0x6207,0x7A47,0x9247,0x7207,0x6A28,0x61E7,0x59E7,0x59E7,0x59C7,0x59C7,0x51C7,
  0x49A7,0x49A7,0x49C7,0x4186,0x4186,0x3966,0x3145,0x3966,0x3145,0x3125,0x3125,0x3145,
  0x0041,0x0041,0x0021,0x0882,0x0883,0x0862,0x0021,0x0000,0x0000,0x0020,0x0020,0x0000,
  0x0000,0x0020,0x0021,0x0021,0x0021,0x0041,0x0041,0x0021,0x0021,0x0021,0x10C3,0x10C3,
  0x0882,0x0862,0x0841,0x18E4,0x10C3,0x10A3,0x3186,0x2104,0x10C3,0x2125,0x2125,0x18C3,
  0x0021,0x0841,0x0021,0x0000,0x0841,0x0861,0x0021,0x0862,0x18C2,0x10A2,0x18C2,0x3185,
  0x10A2,0x0000,0x0841,0x0841,0x0000,0x0000,0x0000,0x0000,0x0000,0x0000,0x0000,0x0000,
  0x0000,0x0000,0x0000,0x0000,0x0020,0x0000,0x0000,0x0000,0x0000,0x0000,0x0000,0x0000,
  0x0000,0x0000,0x0000,0x0000,0x0000,0x0000,0x0000,0x0000,0x0000,0x0000,0x0000,0x0000,
  0x0000,0x0020,0x0841,0x1082,0x0020,0x0020,0x0020,0x1061,0x0881,0x0841,0x2124,0x0862,
  0x0000,0x0000,0x0841,0x41E7,0x2924,0x0020,0x0841,0x2104,0x18A2,0x1882,0x2965,0x18C3,
  0x1082,0x0841,0x0041,0x0041,0x0020,0x0020,0x0841,0x0000,0x1062,0x18A2,0x2945,0x4A49,
  0x5AAB,0x630C,0x62EC,0x52CB,0x52CB,0x4A8B,0x426A,0x2125,0x0000,0x0041,0x0841,0x0021,
  0x0020,0x0000,0x0000,0x0000,0x0000,0x0020,0x0020,0x0000,0x0000,0x0021,0x0841,0x0862,
  0x1082,0x0861,0x0862,0x18E3,0x10A3,0x0841,0x1082,0x18E3,0x1061,0x62EA,0xC5D6,0x7B8C,
  0x83CD,0x5289,0x526A,0x528B,0x4A8B,0x4A8A,0x528A,0x4A6A,0x4A6A,0x4A6A,0x4A49,0x4A49,
  0x4A29,0x4208,0x39C7,0x39C7,0x39C7,0x39C7,0x41C7,0x39A7,0x39A7,0x39A7,0x41A6,0x4186,
  0x4165,0x4165,0x4185,0x4985,0x4165,0x4165,0x4985,0x51A6,0x51A5,0x51A5,0x59C6,0x59E6,
  0x51E6,0x5A07,0x59E7,0x61E6,0x7A06,0x8226,0x8226,0x8247,0x69C6,0x20E3,0x18E4,0x2925,
  0x2104,0x2966,0x31A7,0x20E4,0x2105,0x2125,0x2966,0x2945,0x2125,0x20E4,0x4165,0x61E6,
  0x69C6,0x7A68,0x8247,0x9267,0x7206,0x61E6,0x6207,0x59E7,0x61E7,0x6A07,0x59C7,0x51C7,
  0x49C7,0x49C7,0x49A6,0x4186,0x4186,0x3945,0x3986,0x3966,0x3145,0x3145,0x3145,0x3145,
  0x0882,0x0041,0x0042,0x08A3,0x0883,0x0862,0x0021,0x0021,0x0021,0x0021,0x0021,0x0000,
  0x0000,0x0021,0x0021,0x0021,0x0041,0x0841,0x0021,0x0842,0x1082,0x0862,0x10A3,0x10A3,
  0x10A3,0x18C3,0x1082,0x0841,0x10A3,0x10A3,0x2945,0x2125,0x2966,0x1904,0x31A7,0x2124,
  0x1082,0x1082,0x1082,0x0841,0x1082,0x0821,0x0000,0x0861,0x2945,0x2103,0x3165,0x2944,
  0x0861,0x0000,0x0841,0x0021,0x0000,0x0000,0x0000,0x0000,0x0000,0x0021,0x0021,0x0020,
  0x0020,0x0020,0x0000,0x0000,0x0020,0x0020,0x0020,0x0020,0x0021,0x0000,0x0000,0x0000,
  0x0000,0x0000,0x0000,0x0000,0x0000,0x0000,0x0000,0x0000,0x0841,0x0020,0x0020,0x0000,
  0x0000,0x0000,0x0020,0x0841,0x0861,0x0000,0x1082,0x18C3,0x18C3,0x3186,0x31A6,0x2104,
  0x0841,0x0000,0x20E4,0x3186,0x3145,0x1081,0x0000,0x1082,0x20E3,0x1041,0x4208,0x20E3,
  0x1062,0x0821,0x0021,0x0020,0x0000,0x0841,0x0841,0x0000,0x1082,0x18C3,0x2124,0x2104,
  0x41E8,0x632C,0x62EC,0x5AEB,0x4AAB,0x426A,0x4229,0x1904,0x0000,0x0021,0x0021,0x0841,
  0x0841,0x0021,0x0020,0x0000,0x0000,0x0000,0x0020,0x0000,0x0000,0x0020,0x0000,0x0000,
  0x0841,0x0041,0x0861,0x0841,0x0041,0x10A2,0x18E3,0x18C3,0x0841,0x18C2,0x83CE,0x5A88,
  0x49E7,0x528A,0x5ACB,0x528B,0x4A8B,0x4A8A,0x4A8A,0x4A6A,0x526A,0x4A4A,0x4A4A,0x526A,
  0x41E8,0x39C8,0x39A7,0x39C7,0x39A7,0x39A7,0x41A7,0x3986,0x3986,0x3986,0x3986,0x4186,
  0x41A6,0x49A6,0x4185,0x4985,0x4965,0x4965,0x5186,0x51A6,0x51A6,0x51A6,0x59E6,0x59C6,
  0x59E6,0x59E7,0x61E6,0x71E6,0x7A06,0x8246,0x8227,0x8A47,0x59A5,0x18C3,0x2904,0x5184,
  0x3124,0x2105,0x31A7,0x3166,0x20E4,0x2105,0x2946,0x3167,0x2926,0x2125,0x3144,0x61E7,
  0x71E6,0x7207,0x69E6,0x71C6,0x61E6,0x61E6,0x61E6,0x6A06,0x61C6,0x59C6,0x51A6,0x51A7,
  0x49A6,0x4986,0x49A6,0x4186,0x4186,0x4186,0x3965,0x3965,0x3965,0x3945,0x3966,0x3946,
  0x10A3,0x0021,0x0862,0x0883,0x0862,0x0041,0x0021,0x0021,0x0021,0x0021,0x0021,0x0000,
  0x0000,0x0021,0x0021,0x0021,0x0021,0x0021,0x0841,0x0862,0x1082,0x18E4,0x0862,0x10A3,
  0x10A3,0x10A3,0x10A3,0x10A3,0x2125,0x18E4,0x1904,0x2986,0x2966,0x2966,0x31C7,0x3186,
  0x18E3,0x1082,0x10A2,0x10A2,0x1082,0x0841,0x0020,0x0862,0x2124,0x18A2,0x4207,0x2103,
  0x0820,0x0000,0x0021,0x0000,0x0000,0x0000,0x0000,0x0000,0x0000,0x0000,0x0020,0x0020,
  0x0041,0x0041,0x0020,0x0000,0x0000,0x0020,0x0020,0x0021,0x0021,0x0021,0x0021,0x0020,
  0x0000,0x0000,0x0000,0x0000,0x0000,0x0021,0x0862,0x0841,0x0021,0x0020,0x0000,0x0020,
  0x0841,0x0861,0x18C3,0x2945,0x18E3,0x4228,0x52AA,0x632C,0x39C7,0x39C7,0x2104,0x10A2,
  0x0840,0x0861,0x2924,0x3186,0x3166,0x18C2,0x0000,0x0820,0x1082,0x1061,0x1061,0x1062,
  0x1062,0x0821,0x0000,0x0000,0x0000,0x0041,0x0882,0x0000,0x18C3,0x2104,0x1082,0x18C3,
  0x3186,0x52AA,0x630C,0x52CB,0x52CB,0x52EC,0x31C7,0x0001,0x0021,0x0021,0x0020,0x0021,
  0x0841,0x0841,0x0021,0x0000,0x0000,0x0000,0x0000,0x0000,0x0000,0x0020,0x0000,0x0020,
  0x0020,0x0041,0x0000,0x0020,0x1082,0x18E4,0x2986,0x10C3,0x0841,0x1081,0x5268,0x41E6,
  0x3124,0x4208,0x5ACB,0x528B,0x4A8A,0x4A8A,0x4A6A,0x4A6A,0x4A6A,0x4A6A,0x4A6A,0x4A4A,
  0x41C8,0x39C7,0x39A7,0x39C7,0x39A7,0x39A7,0x39A6,0x5208,0x49A6,0x3986,0x3986,0x4186,
  0x4186,0x49A6,0x4985,0x4985,0x4985,0x5186,0x5186,0x51A6,0x5185,0x5185,0x51A6,0x51C6,
  0x61E7,0x61E7,0x69E7,0x7A06,0x8227,0x8247,0x8A26,0x8247,0x3964,0x18C3,0x3145,0xB46C,
  0x49C5,0x18E4,0x2945,0x39C7,0x3166,0x2104,0x2125,0x2105,0x2105,0x2925,0x2924,0x41A5,
  0x6A07,0x7A07,0x69E7,0x69C6,0x69E6,0x69E6,0x69C6,0x8228,0x7207,0x59C6,0x51A6,0x51C6,
  0x49A6,0x49A6,0x49A6,0x49A6,0x4166,0x4166,0x51E7,0x3965,0x3966,0x3965,0x3966,0x3966,
  0x10A3,0x0021,0x0862,0x0883,0x0862,0x0021,0x0021,0x0021,0x0021,0x0021,0x0021,0x0021,
  0x0021,0x0021,0x0021,0x0021,0x0000,0x0041,0x0841,0x0021,0x10A3,0x18E4,0x0862,0x1082,
  0x2125,0x18C3,0x0882,0x1082,0x2945,0x18C3,0x1904,0x2966,0x2966,0x31C6,0x3A07,0x39E7,
  0x2104,0x18C3,0x2104,0x2124,0x10A3,0x0020,0x0861,0x18E4,0x18C3,0x1082,0x3186,0x1082,
  0x0020,0x0000,0x0000,0x0000,0x0000,0x0000,0x0000,0x0000,0x0000,0x0000,0x0000,0x0020,
  0x0021,0x0041,0x0021,0x0020,0x0000,0x0020,0x0021,0x0021,0x0021,0x0041,0x0861,0x0862,
  0x0841,0x0021,0x0020,0x0000,0x0021,0x0021,0x18C3,0x4A49,0x31A6,0x1082,0x10A2,0x0861,
  0x0841,0x1082,0x10A2,0x2965,0x18E3,0x528A,0x31A6,0x18E3,0x2104,0x18E3,0x18C3,0x0820,
  0x1061,0x41E7,0x20E3,0x2104,0x2925,0x3185,0x1081,0x0020,0x3185,0x4207,0x1882,0x1882,
  0x0841,0x0000,0x0000,0x0000,0x0000,0x0041,0x0841,0x0000,0x18E3,0x3185,0x18C2,0x18C3,
  0x2965,0x39C7,0x5ACB,0x52CB,0x4A6A,0x2986,0x10A3,0x0021,0x0020,0x0020,0x0020,0x0021,
  0x0841,0x0841,0x0021,0x0020,0x0000,0x0000,0x0000,0x0000,0x0000,0x0821,0x0020,0x0000,
  0x0021,0x0020,0x0000,0x0041,0x10A2,0x10C3,0x10C3,0x0882,0x0861,0x18C2,0x41E6,0x2103,
  0x18C3,0x4A49,0x528A,0x528A,0x4AAA,0x4A8A,0x4A8A,0x528A,0x528A,0x4A29,0x4A29,0x4A49,
  0x41C8,0x39C7,0x39A7,0x39C7,0x39A6,0x3186,0x3966,0x49A6,0x4185,0x4186,0x4186,0x4186,
  0x4185,0x4185,0x4985,0x4985,0x4985,0x4985,0x4986,0x51A6,0x4985,0x4985,0x51A5,0x59C6,
  0x71E7,0x61E7,0x7227,0x8247,0x8227,0x7A07,0x8206,0x6A26,0x2924,0x20E4,0x3166,0x6227,
  0x3965,0x2105,0x2945,0x2945,0x3145,0x2104,0x2925,0x2104,0x20E4,0x2104,0x2104,0x20E3,
  0x59C5,0x8207,0x7A27,0x71E6,0x7206,0x71E6,0x7207,0x71E7,0x61C6,0x59A6,0x51A6,0x51C6,
  0x51A6,0x49A6,0x49A6,0x49A6,0x4186,0x4186,0x41A6,0x4165,0x4165,0x4165,0x4166,0x3966,
  0x0862,0x0021,0x0862,0x0882,0x0842,0x0021,0x0021,0x0021,0x0021,0x0021,0x0021,0x0000,
  0x0021,0x0021,0x0021,0x0000,0x0000,0x0020,0x0041,0x0021,0x0021,0x0841,0x0841,0x1082,
  0x0882,0x0862,0x0862,0x0862,0x31A7,0x2125,0x18C3,0x2965,0x2966,0x31A6,0x31C6,0x31C6,
  0x2125,0x18E3,0x4208,0x2965,0x18E4,0x0000,0x18E4,0x3186,0x10A3,0x1062,0x3186,0x0841,
  0x0020,0x0000,0x0000,0x0000,0x0000,0x0000,0x0000,0x0000,0x0000,0x0000,0x0000,0x0000,
  0x0000,0x0041,0x0021,0x0020,0x0020,0x0021,0x0041,0x0021,0x0021,0x0041,0x0862,0x10A2,
  0x18E4,0x10A3,0x1082,0x0882,0x0841,0x0841,0x0861,0x2925,0x4A49,0x2945,0x1082,0x18C3,
  0x0020,0x0841,0x0020,0x0861,0x18C3,0x2945,0x528A,0x630C,0x5ACB,0x4A49,0x39C6,0x20E3,
  0x20E3,0x4A28,0x3165,0x1882,0x18A2,0x3165,0x20E3,0x0861,0x1082,0x18C2,0x18C2,0x1882,
  0x0820,0x0000,0x0000,0x0000,0x0020,0x0841,0x0020,0x0000,0x0861,0x2104,0x2965,0x10A2,
  0x18C3,0x39E7,0x528A,0x5B0C,0x10A3,0x0882,0x0841,0x0001,0x0000,0x0000,0x0020,0x0821,
  0x0841,0x0841,0x0021,0x0020,0x0000,0x0000,0x0000,0x0000,0x0020,0x0841,0x0021,0x0000,
  0x0000,0x0000,0x0020,0x0020,0x0020,0x0862,0x0882,0x0861,0x1062,0x10A2,0x1081,0x0820,
  0x18C3,0x630C,0x528A,0x528A,0x52AA,0x52AB,0x528A,0x528B,0x528A,0x4208,0x4A29,0x4A29,
  0x41E8,0x41C8,0x39A7,0x39A7,0x39A6,0x3186,0x3966,0x3965,0x4985,0x4965,0x4185,0x4986,
  0x4185,0x4985,0x4985,0x4185,0x4985,0x4985,0x4985,0x49A6,0x4985,0x49A5,0x51C6,0x6206,
  0x8248,0x7227,0x7227,0x7A27,0x7A47,0x7A26,0x7207,0x49A6,0x20E4,0x2925,0x2946,0x20C5,
  0x2926,0x2945,0x2104,0x18C3,0x2904,0x2925,0x2924,0x2945,0x2904,0x2924,0x2124,0x2104,
  0x3944,0x7A07,0x79E6,0x7206,0x7206,0x7A07,0x7207,0x61E6,0x59C6,0x59C6,0x51A6,0x51C6,
  0x51C6,0x59A6,0x59A6,0x51A6,0x49A7,0x49A7,0x4186,0x4165,0x4965,0x4165,0x4165,0x4166,
  0x0021,0x0042,0x0883,0x0862,0x0021,0x0021,0x0021,0x0021,0x0021,0x0021,0x0021,0x0000,
  0x0000,0x0001,0x0000,0x0000,0x0000,0x0000,0x0020,0x0021,0x0041,0x0041,0x0841,0x0862,
  0x0862,0x18C3,0x1904,0x18C3,0x3A08,0x2145,0x0862,0x2986,0x2966,0x2124,0x2965,0x31C6,
  0x2965,0x3186,0x4229,0x39C7,0x18C3,0x0841,0x2125,0x2966,0x1082,0x0861,0x2945,0x0841,
  0x0000,0x0000,0x0000,0x0000,0x0000,0x0000,0x0000,0x0000,0x0000,0x0000,0x0000,0x0000,
  0x0000,0x0020,0x0000,0x0000,0x0020,0x0021,0x0861,0x0021,0x0021,0x0841,0x0841,0x1083,
  0x2945,0x2105,0x2125,0x10A3,0x0841,0x0841,0x0841,0x1082,0x4A49,0x31A6,0x1082,0x2104,
  0x18E3,0x0000,0x0020,0x0841,0x0861,0x18C3,0x39C7,0x738E,0x6B4D,0x62EB,0x41E7,0x5248,
  0x20C2,0x39A5,0x5228,0x18C2,0x2944,0x41E7,0x2944,0x10A2,0x0000,0x0840,0x1082,0x1041,
  0x0841,0x0841,0x0000,0x0000,0x10A2,0x2125,0x0882,0x0000,0x0000,0x1082,0x3185,0x18E3,
  0x1082,0x2966,0x52AB,0x31C7,0x0021,0x0862,0x0021,0x0000,0x0000,0x0020,0x0020,0x0020,
  0x0020,0x0841,0x0020,0x0021,0x0020,0x0000,0x0000,0x0000,0x0000,0x0020,0x0000,0x0000,
  0x0000,0x0020,0x0821,0x0020,0x0000,0x0021,0x0841,0x0861,0x0841,0x0020,0x20E3,0x738C,
  0x5288,0x4A49,0x528A,0x528A,0x528A,0x52AA,0x528A,0x528A,0x526A,0x4A28,0x4A29,0x4A49,
  0x4A49,0x41E8,0x41A7,0x39A7,0x3986,0x3986,0x3986,0x3965,0x51C7,0x51C6,0x4986,0x4986,
  0x4985,0x4985,0x4985,0x4185,0x4985,0x4985,0x4985,0x5185,0x51A5,0x59C6,0x59C6,0x7248,
  0x7A47,0x71E6,0x7207,0x7A27,0x7A47,0x7A27,0x69E7,0x2904,0x18C4,0x2945,0x2966,0x2945,
  0x2945,0x18E4,0x18C3,0x2104,0x2104,0x18C3,0x18A2,0x20E3,0x3145,0x3125,0x3945,0x3125,
  0x20E4,0x51C6,0x7A28,0x6206,0x69E6,0x7A07,0x69E6,0x69E6,0x61C6,0x59C6,0x51A6,0x51C6,
  0x51C5,0x61A6,0x69A6,0x59A6,0x4186,0x4166,0x4186,0x4986,0x4986,0x4165,0x4165,0x4165,
  0x0041,0x0021,0x0883,0x0862,0x0021,0x0021,0x0021,0x0021,0x0021,0x0021,0x0021,0x0021,
  0x0000,0x0000,0x0000,0x0000,0x0000,0x0000,0x0000,0x0021,0x0041,0x0841,0x0041,0x0841,
  0x0882,0x10A3,0x18E4,0x18E4,0x39C7,0x2104,0x0841,0x2945,0x2986,0x31A6,0x2985,0x4208,
  0x31A6,0x2966,0x39E8,0x39E8,0x1082,0x18C3,0x39E8,0x2925,0x10A2,0x0821,0x20E4,0x0020,
  0x0000,0x0000,0x0000,0x0000,0x0000,0x0000,0x0020,0x0020,0x0020,0x0020,0x0000,0x0000,
  0x0000,0x0000,0x0000,0x0000,0x0000,0x0021,0x0041,0x0021,0x0841,0x0841,0x0841,0x0862,
  0x10A3,0x2966,0x18C3,0x0862,0x0841,0x0841,0x18E3,0x18C3,0x3186,0x5ACB,0x4208,0x18C3,
  0x2124,0x0861,0x1082,0x10A2,0x10C3,0x2124,0x3186,0x39C7,0x3165,0x39A6,0x5AAA,0x62CA,
  0x3144,0x3144,0x5AAA,0x20C2,0x0841,0x2944,0x18E3,0x0000,0x0000,0x0000,0x0841,0x1061,
  0x0821,0x10A2,0x0020,0x0020,0x18E4,0x3186,0x2945,0x0882,0x0000,0x0861,0x2945,0x2104,
  0x0861,0x2104,0x39C7,0x0020,0x0020,0x0020,0x0000,0x0000,0x0000,0x0020,0x0020,0x0020,
  0x0020,0x0020,0x0020,0x0021,0x0000,0x0000,0x0000,0x0000,0x0000,0x0000,0x0000,0x0000,
  0x0000,0x0841,0x0861,0x0021,0x0000,0x0020,0x0020,0x0021,0x1082,0x1082,0x1882,0x6AE8,
  0xBD51,0x6B0B,0x4A09,0x4A6A,0x528A,0x528A,0x528A,0x528A,0x526A,0x4A29,0x4A29,0x524A,
  0x524A,0x4A08,0x41C7,0x41A7,0x3986,0x3986,0x3966,0x3965,0x3965,0x4985,0x4985,0x4986,
  0x51A6,0x4985,0x4965,0x4985,0x4985,0x5185,0x5185,0x5985,0x61C6,0x6A07,0x7227,0x7A48,
  0x7227,0x7227,0x7A27,0x7A47,0x8267,0x8A87,0x59C6,0x1903,0x2965,0x2966,0x2945,0x18E3,
  0x18E4,0x18E4,0x18C3,0x2925,0x2904,0x20C3,0x20A2,0x2903,0x3124,0x20C3,0x20E3,0x20A3,
  0x30E5,0x3904,0x3944,0x4165,0x71E7,0x79E7,0x7206,0x69E6,0x6A07,0x59E6,0x51A5,0x51A5,
  0x61A6,0x79E7,0x71E7,0x51A5,0x4165,0x3945,0x4165,0x4986,0x4986,0x4965,0x4165,0x4165,
  0x0862,0x0021,0x0882,0x0042,0x0021,0x0021,0x0841,0x0862,0x0021,0x0000,0x0021,0x0021,
  0x0000,0x0000,0x0020,0x0020,0x0020,0x0021,0x0861,0x0021,0x0021,0x0021,0x0041,0x0841,
  0x0041,0x0862,0x0862,0x18C3,0x4A49,0x2124,0x0861,0x18E3,0x1903,0x2124,0x31A6,0x39C7,
  0x39E7,0x39E8,0x39C7,0x2945,0x0862,0x2125,0x3186,0x2104,0x1082,0x0000,0x1082,0x0020,
  0x0000,0x0000,0x0000,0x0000,0x0000,0x0000,0x0000,0x0020,0x0021,0x0041,0x0021,0x0000,
  0x0000,0x0000,0x0000,0x0041,0x0020,0x0000,0x0021,0x0020,0x0041,0x0841,0x0041,0x0841,
  0x0862,0x10A3,0x0862,0x0861,0x0841,0x0861,0x10A3,0x20E4,0x3186,0x52AA,0x630C,0x18E3,
  0x10A2,0x2104,0x18C3,0x2945,0x3186,0x2965,0x2945,0x2945,0x41E7,0x3985,0x62CA,0x5268,
  0x2944,0x20E3,0x20E3,0x2924,0x20E3,0x10A2,0x1903,0x0861,0x0020,0x0020,0x0000,0x1061,
  0x0820,0x0020,0x0020,0x0861,0x10A2,0x2145,0x31A7,0x2145,0x0020,0x0000,0x2104,0x1082,
  0x0820,0x0861,0x0020,0x0020,0x0000,0x0000,0x0000,0x0000,0x0000,0x0000,0x0000,0x0000,
  0x0000,0x0000,0x0020,0x0021,0x0020,0x0000,0x0000,0x0020,0x0020,0x0020,0x0000,0x0000,
  0x0000,0x0021,0x0021,0x0021,0x0020,0x0000,0x0000,0x0020,0x1061,0x18C3,0x3145,0x20A1,
  0x730A,0xA46F,0x734B,0x5ACA,0x528A,0x528A,0x528A,0x4A6A,0x41E8,0x41E8,0x4A49,0x526A,
  0x4A29,0x4A08,0x41C7,0x41A6,0x41A6,0x3986,0x3966,0x3966,0x3965,0x4165,0x4165,0x4985,
  0x4986,0x51A6,0x4985,0x4985,0x4985,0x5185,0x5185,0x59A5,0x61C6,0x6A07,0x7247,0x7247,
  0x7227,0x7A27,0x7A47,0x8267,0x61C6,0x51C6,0x3123,0x20E3,0x2103,0x2924,0x2125,0x20E3,
  0x20E4,0x2104,0x18C3,0x2104,0x2905,0x3125,0x28A3,0x4165,0x51A6,0x20C3,0x20E3,0x1882,
  0x20A4,0x3125,0x3143,0x51C6,0x7207,0x71E7,0x7207,0x69E6,0x61E6,0x59C5,0x51A5,0x51A5,
  0x69C6,0x79E8,0x6186,0x4985,0x4185,0x4965,0x4965,0x4986,0x4985,0x4965,0x4965,0x4165,
  0x0041,0x0021,0x0862,0x0041,0x0021,0x0041,0x0862,0x0021,0x0000,0x0021,0x0021,0x0000,
  0x0020,0x0020,0x0020,0x0041,0x0041,0x0000,0x10C3,0x0841,0x0021,0x0041,0x0841,0x0841,
  0x0862,0x0862,0x0862,0x0862,0x2104,0x18E3,0x1082,0x10A2,0x18E3,0x2945,0x2965,0x2965,
  0x39C7,0x4A6A,0x39A7,0x10A3,0x10A3,0x31A7,0x2124,0x18E4,0x1082,0x0000,0x1082,0x0020,
  0x0000,0x0000,0x0000,0x0000,0x0000,0x0000,0x0000,0x0000,0x0021,0x0041,0x0041,0x0021,
  0x0000,0x0000,0x0041,0x0882,0x0882,0x0041,0x0041,0x0020,0x0021,0x0021,0x0021,0x0021,
  0x0021,0x0000,0x0021,0x0041,0x0021,0x0821,0x0862,0x18C4,0x3186,0x4228,0x4208,0x39C7,
  0x18C3,0x18E3,0x2124,0x31A6,0x39C7,0x2945,0x2104,0x39C6,0x5248,0x41A6,0x7B6D,0x4A28,
  0x2103,0x2924,0x3185,0x39A6,0x18C2,0x10C2,0x4228,0x4A49,0x2104,0x0861,0x0000,0x0820,
  0x0841,0x0841,0x0020,0x0040,0x0882,0x18E3,0x2104,0x2125,0x0021,0x0000,0x0841,0x0020,
  0x0020,0x0020,0x0020,0x0000,0x0000,0x0000,0x0000,0x0000,0x0000,0x0000,0x0000,0x0000,
  0x0000,0x0000,0x0000,0x0000,0x0000,0x0020,0x0020,0x0020,0x0041,0x0021,0x0020,0x0000,
  0x0000,0x0000,0x0000,0x0000,0x0000,0x0000,0x0000,0x0020,0x0820,0x0841,0x39A6,0x3165,
  0x0820,0x49E5,0xD5F4,0x83EE,0x528A,0x528A,0x528A,0x4A49,0x41E8,0x41E8,0x5249,0x524A,
  0x4A29,0x4A08,0x41C7,0x41A6,0x41A6,0x4186,0x3965,0x3965,0x3945,0x3965,0x4165,0x4165,
  0x4985,0x5185,0x51A5,0x51A5,0x51A6,0x51A5,0x5185,0x59C5,0x61C5,0x6A06,0x6A27,0x6A07,
  0x61C5,0x7A47,0x8267,0x8A88,0x59C6,0x49A5,0x3924,0x20C2,0x18A2,0x20E3,0x2924,0x4164,
  0x3124,0x2104,0x20E4,0x2104,0x2904,0x3945,0x3924,0x4965,0x51A6,0x28E3,0x20C3,0x20C2,
  0x20C3,0x61C6,0x8227,0x7226,0x6A26,0x7206,0x71E6,0x69C5,0x5185,0x51A5,0x59A5,0x59A6,
  0x61A6,0x61A6,0x59A6,0x4985,0x4185,0x4165,0x4965,0x4965,0x4985,0x4965,0x4965,0x4165,
  0x0041,0x0021,0x0842,0x0041,0x0021,0x0862,0x0862,0x0021,0x0000,0x0000,0x0021,0x0021,
  0x0021,0x0041,0x0841,0x0041,0x0021,0x0021,0x0841,0x0841,0x0041,0x0041,0x0041,0x0841,
  0x0882,0x0862,0x0861,0x18E4,0x2986,0x10C3,0x18E3,0x1904,0x1904,0x2985,0x2986,0x18E3,
  0x4208,0x5ACB,0x2945,0x1082,0x2104,0x3186,0x18C3,0x18C3,0x1082,0x0020,0x0861,0x0000,
  0x0000,0x0000,0x0000,0x0000,0x0000,0x0000,0x0000,0x0000,0x0020,0x0021,0x0021,0x0021,
  0x0021,0x0021,0x0041,0x0861,0x0882,0x10A2,0x0861,0x0862,0x0862,0x0041,0x0021,0x0000,
  0x0000,0x0000,0x0020,0x0020,0x0021,0x0821,0x0841,0x10A2,0x18C3,0x2104,0x3186,0x39C7,
  0x4A6A,0x4208,0x2965,0x2925,0x2924,0x2103,0x3986,0x4A07,0x5A69,0x18A2,0x2904,0x49E7,
  0x5248,0x3165,0x3165,0x18E3,0x0861,0x10A2,0x39A7,0x73AE,0x3186,0x2104,0x0841,0x0000,
  0x0020,0x0841,0x18C3,0x0021,0x0861,0x0862,0x1082,0x10C3,0x0041,0x0020,0x0000,0x0020,
  0x0021,0x0020,0x0000,0x0000,0x0000,0x0000,0x0000,0x0000,0x0000,0x0000,0x0020,0x0000,
  0x0000,0x0000,0x0000,0x0000,0x0000,0x0000,0x0021,0x0021,0x0041,0x0041,0x0021,0x0021,
  0x0020,0x0020,0x0000,0x0000,0x0000,0x0000,0x0000,0x0020,0x0020,0x0820,0x1082,0x18E3,
  0x2965,0x20E3,0x20E3,0x20E3,0x52AA,0x528A,0x528A,0x5249,0x4208,0x4A08,0x4A29,0x5249,
  0x4A29,0x4A08,0x41C7,0x41A6,0x49C7,0x4186,0x3986,0x3965,0x3965,0x3965,0x4165,0x4165,
  0x4965,0x5185,0x59C6,0x61C6,0x5185,0x59A6,0x59C6,0x61E6,0x61E6,0x6A06,0x6A27,0x6A06,
  0x7A26,0x8267,0x8A87,0x9268,0x8268,0x8A88,0x8269,0x3985,0x2124,0x2924,0x18C3,0x7AC9,
  0x5A26,0x2124,0x2104,0x2904,0x28E4,0x3965,0x41A6,0x4985,0x51C5,0x2903,0x20C3,0x6226,
  0x3102,0x7207,0x8206,0x7A06,0x7226,0x7206,0x71E6,0x7A06,0x59A5,0x51A5,0x61A5,0x69C6,
  0x71E7,0x69A5,0x5185,0x4986,0x4185,0x4165,0x4165,0x5186,0x5186,0x4986,0x4985,0x4165,
  0x0041,0x0021,0x0042,0x0041,0x0041,0x0841,0x0041,0x0021,0x0021,0x0021,0x0021,0x0021,
  0x0021,0x0021,0x0841,0x0041,0x0021,0x0841,0x0862,0x0862,0x0841,0x0841,0x0862,0x0862,
  0x0862,0x0862,0x0021,0x18C3,0x10A3,0x0862,0x10C3,0x1904,0x2124,0x2104,0x2945,0x18E3,
  0x18E3,0x31A6,0x20E4,0x1082,0x2966,0x2104,0x18E4,0x10A3,0x0841,0x0000,0x0000,0x0000,
  0x0000,0x0000,0x0000,0x0000,0x0000,0x0000,0x0000,0x0000,0x0000,0x0021,0x0021,0x0001,
  0x0001,0x0020,0x0020,0x0861,0x1082,0x10A2,0x2104,0x2945,0x0882,0x0862,0x0841,0x10A3,
  0x0021,0x0000,0x0020,0x0020,0x0020,0x0020,0x0841,0x0862,0x1082,0x10A3,0x18C3,0x2966,
  0x39E7,0x4A29,0x3186,0x2924,0x18A2,0x28E3,0x41C6,0x5248,0x39A6,0x1882,0x1861,0x4185,
  0x5A89,0x3165,0x0020,0x1082,0x10A2,0x18A2,0x2945,0x4229,0x2945,0x18E3,0x18C3,0x0020,
  0x0000,0x0020,0x0020,0x0021,0x0041,0x0021,0x0041,0x0841,0x0021,0x0020,0x0000,0x0000,
  0x0000,0x0841,0x0020,0x0000,0x0020,0x0020,0x0000,0x0000,0x0000,0x0000,0x0000,0x0000,
  0x0000,0x0000,0x0020,0x0000,0x0000,0x0000,0x0021,0x0021,0x0041,0x0841,0x0041,0x0041,
  0x0041,0x0021,0x0020,0x0000,0x0000,0x0000,0x0000,0x0000,0x0020,0x0821,0x0821,0x0841,
  0x1082,0x18A2,0x0841,0x3166,0x528A,0x5289,0x528A,0x5249,0x4A29,0x49E8,0x4A08,0x4A29,
  0x5229,0x4A08,0x41C7,0x41A6,0x4186,0x3985,0x3965,0x3965,0x3965,0x3965,0x4165,0x4165,
  0x4165,0x51A6,0x61E6,0x5185,0x5185,0x59A6,0x61E6,0x6A07,0x61E6,0x59C6,0x6206,0x7A47,
  0x9AA8,0xA2C8,0x9AC8,0x8A67,0x7A47,0x7227,0x7A48,0x41A6,0x2924,0x3165,0x18C3,0x5186,
  0x59C6,0x18E3,0x2103,0x2904,0x2104,0x2925,0x20E3,0x20A3,0x20C3,0x2904,0x20C3,0x49A5,
  0x2903,0x69E6,0x8206,0x7A26,0x7226,0x7A06,0x7A06,0x7A06,0x59A5,0x59C6,0x69E6,0x71E6,
  0x7207,0x69C6,0x61C6,0x49A6,0x4185,0x4145,0x4165,0x5186,0x5186,0x5186,0x4985,0x4965,
  0x0021,0x0021,0x0042,0x0862,0x0021,0x0841,0x0041,0x0021,0x0041,0x0041,0x0021,0x0021,
  0x0021,0x0000,0x0020,0x0021,0x0041,0x0862,0x1082,0x1082,0x1082,0x10A3,0x0882,0x10A3,
  0x0882,0x0862,0x0041,0x0841,0x0861,0x0841,0x1082,0x18E3,0x2124,0x10A2,0x4228,0x2924,
  0x10A2,0x2103,0x1082,0x18E3,0x31A7,0x2104,0x18C3,0x18C2,0x0020,0x0000,0x0000,0x0000,
  0x0000,0x0000,0x0000,0x0000,0x0020,0x0020,0x0000,0x0000,0x0000,0x0000,0x0000,0x0000,
  0x0001,0x0000,0x0000,0x0021,0x0861,0x0862,0x18C3,0x2104,0x18E4,0x0882,0x18E4,0x1904,
  0x2125,0x0882,0x0020,0x0020,0x0020,0x0000,0x0021,0x0021,0x0841,0x0841,0x1082,0x18C3,
  0x2124,0x2103,0x20E3,0x18C3,0x1081,0x18A1,0x41C6,0x5248,0x41C6,0x5A89,0x5A69,0x4A07,
  0x3985,0x2103,0x2124,0x20E3,0x18C3,0x2104,0x10C2,0x10A2,0x1082,0x0841,0x10A2,0x0862,
  0x0000,0x0021,0x0020,0x0021,0x0020,0x0020,0x0000,0x0000,0x0000,0x0000,0x0000,0x0000,
  0x0000,0x0000,0x0000,0x0000,0x0000,0x0000,0x0000,0x0000,0x0000,0x0000,0x0000,0x0000,
  0x0000,0x0000,0x0020,0x0000,0x0000,0x0000,0x0000,0x0020,0x0041,0x0841,0x0841,0x0041,
  0x0841,0x0041,0x0021,0x0020,0x0000,0x0000,0x0000,0x0000,0x0020,0x0021,0x0841,0x0861,
  0x0840,0x0841,0x18C3,0x4A29,0x526A,0x526A,0x526A,0x4A29,0x4208,0x41E8,0x49E8,0x5229,
  0x5269,0x5229,0x49E7,0x41A7,0x4186,0x3965,0x3965,0x3965,0x3965,0x4165,0x4165,0x4165,
  0x4165,0x51A6,0x51A5,0x4985,0x4985,0x5185,0x61C6,0x7207,0x6206,0x59C6,0x6A07,0x8A88,
  0xA2E8,0xA2A8,0x9288,0x7226,0x6A26,0x6A47,0x7248,0x49A6,0x3986,0x28E3,0x20E4,0x3946,
  0x3945,0x18C3,0x18C3,0x2104,0x2104,0x2104,0x2105,0x20E4,0x20E4,0x18A3,0x2904,0x2945,
  0x2103,0x69E6,0x8227,0x7A26,0x7A26,0x8226,0x8A47,0x8226,0x61C5,0x69C5,0x71E6,0x71E6,
  0x71E6,0x71E6,0x59C6,0x51A6,0x4985,0x4145,0x4165,0x5186,0x59A6,0x51A6,0x51A6,0x4985,
  0x0021,0x0041,0x0042,0x0862,0x0041,0x0841,0x0021,0x0021,0x0021,0x0021,0x0021,0x0021,
  0x0021,0x0021,0x0020,0x0041,0x0020,0x0020,0x0862,0x10A3,0x1904,0x2945,0x18E4,0x18E4,
  0x10A3,0x0842,0x1082,0x18E3,0x0041,0x0021,0x0841,0x0882,0x3186,0x2965,0x3186,0x3165,
  0x18C2,0x18E3,0x18A2,0x1082,0x3186,0x18C3,0x18E3,0x18E3,0x0020,0x0000,0x0000,0x0000,
  0x0000,0x0000,0x0000,0x0020,0x0021,0x0021,0x0020,0x0000,0x0020,0x0000,0x0000,0x0000,
  0x0000,0x0000,0x0000,0x0020,0x0021,0x0020,0x0841,0x1904,0x2945,0x2125,0x2125,0x10A2,
  0x2124,0x31A6,0x2145,0x0041,0x0020,0x0000,0x0020,0x0000,0x0000,0x0021,0x10A2,0x0861,
  0x1081,0x18A2,0x1882,0x2944,0x18C2,0x0860,0x1081,0x2924,0x3985,0x5228,0x3965,0x41E7,
  0x6B2C,0x5289,0x39C7,0x2124,0x18C3,0x1903,0x10A2,0x10A2,0x18E3,0x0862,0x0861,0x0862,
  0x0021,0x0021,0x0841,0x0020,0x0020,0x0000,0x0000,0x0000,0x0000,0x0000,0x0000,0x0000,
  0x0000,0x0000,0x0000,0x0000,0x0000,0x0000,0x0000,0x0000,0x0000,0x0000,0x0000,0x0000,
  0x0000,0x0000,0x0020,0x0020,0x0000,0x0000,0x0000,0x0020,0x0021,0x0041,0x0041,0x0041,
  0x0041,0x0041,0x0021,0x0021,0x0020,0x0820,0x2124,0x1082,0x0000,0x0041,0x0021,0x10C2,
  0x10A2,0x0841,0x31A6,0x526A,0x4A49,0x526A,0x4A29,0x41E8,0x41E8,0x41C7,0x41C7,0x49E8,
  0x4A08,0x5228,0x5208,0x49C7,0x4186,0x4185,0x3985,0x3985,0x3965,0x4165,0x4165,0x4165,
  0x4165,0x4965,0x4985,0x4985,0x4985,0x5185,0x61E7,0x8289,0x6A06,0x51A5,0x7A48,0x8A88,
  0xAB29,0x92A9,0x8268,0x6A47,0x6A27,0x6A27,0x7268,0x51A6,0x5208,0x3925,0x2104,0x20E4,
  0x18C3,0x18E3,0x18C3,0x2104,0x2904,0x20E3,0x2924,0x20E4,0x2104,0x2924,0x2924,0x2925,
  0x18C3,0x69E7,0x8A27,0x8226,0x8246,0x8A47,0x8206,0x8A06,0x8A26,0x8206,0x7A06,0x7A06,
  0x71E6,0x71C6,0x51A5,0x51A6,0x51A6,0x4986,0x4966,0x59A6,0x59C6,0x51A5,0x5185,0x4985,
  0x0041,0x0862,0x0862,0x0042,0x0041,0x0041,0x0021,0x0021,0x0041,0x0021,0x0021,0x0021,
  0x0021,0x0841,0x0861,0x0020,0x0000,0x0021,0x0041,0x0862,0x10A3,0x18E4,0x18E4,0x1904,
  0x10A3,0x0882,0x18E4,0x18E4,0x1082,0x0020,0x0862,0x0841,0x18E4,0x2104,0x3165,0x41E8,
  0x18A2,0x18A2,0x18C3,0x18C3,0x20E4,0x18C3,0x18E3,0x10A2,0x0000,0x0000,0x0000,0x0000,
  0x0000,0x0000,0x0000,0x0000,0x0021,0x0021,0x0021,0x0020,0x0020,0x0020,0x0020,0x0000,
  0x0000,0x0000,0x0000,0x0020,0x0020,0x0020,0x0041,0x10A2,0x10A3,0x2945,0x31C7,0x18C3,
  0x10C3,0x2144,0x31A7,0x2986,0x10C3,0x0841,0x0020,0x0820,0x0861,0x1082,0x0861,0x0861,
  0x1081,0x18A2,0x20E3,0x2924,0x18C2,0x18A2,0x20E3,0x2904,0x3144,0x3165,0x5A89,0x6B0B,
  0x7BEF,0x630B,0x39C7,0x2945,0x18E3,0x18C3,0x1903,0x2144,0x39E7,0x3186,0x18C3,0x10A3,
  0x1062,0x0021,0x0841,0x0021,0x0000,0x0000,0x0000,0x0000,0x0000,0x0000,0x0000,0x0000,
  0x0000,0x0000,0x0000,0x0000,0x0000,0x0000,0x0000,0x0000,0x0000,0x0000,0x0000,0x0000,
  0x0000,0x0000,0x0000,0x0000,0x0000,0x0000,0x0000,0x0000,0x0020,0x0021,0x0021,0x0021,
  0x0021,0x0020,0x0841,0x0841,0x0841,0x39C7,0x52AA,0x4229,0x18E4,0x0000,0x0841,0x10A2,
  0x1081,0x2945,0x4A69,0x4A49,0x4A69,0x528A,0x4A29,0x41E8,0x41E8,0x41C7,0x41C7,0x41C7,
  0x49E8,0x4A08,0x49E7,0x49C7,0x4186,0x4186,0x4185,0x4185,0x4185,0x4185,0x4165,0x4965,
  0x4985,0x4165,0x4965,0x4985,0x4985,0x51A5,0x6A07,0x8AA9,0x7227,0x5185,0x7A68,0x8247,
  0x9AA7,0x8AC9,0x7267,0x6A46,0x7227,0x7227,0x7A67,0x59E6,0x3145,0x41A7,0x20E3,0x20E4,
  0x2104,0x2945,0x2925,0x2104,0x2925,0x2904,0x2924,0x20E4,0x20C3,0x2904,0x20E4,0x20C3,
  0x18C3,0x59C6,0x9268,0x8A67,0x8226,0x8227,0x8A06,0x8A26,0x9A68,0x8206,0x7A06,0x7A06,
  0x71E6,0x69A5,0x5185,0x5185,0x51A6,0x51A6,0x5186,0x59A6,0x59A5,0x4985,0x4985,0x4965,
  0x0041,0x0042,0x0041,0x0041,0x0041,0x0862,0x0041,0x0041,0x0021,0x0000,0x0021,0x0041,
  0x0841,0x1082,0x0862,0x0041,0x0021,0x0021,0x0000,0x0021,0x0021,0x0841,0x1082,0x18C3,
  0x10C3,0x18E3,0x2965,0x1904,0x10A3,0x0882,0x1904,0x1082,0x0841,0x18C3,0x31A7,0x2104,
  0x18C3,0x18A2,0x18C3,0x2104,0x10A2,0x2104,0x18E3,0x0861,0x0000,0x0000,0x0000,0x0000,
  0x0000,0x0000,0x0000,0x0000,0x0020,0x0000,0x0020,0x0000,0x0000,0x0020,0x0020,0x0021,
  0x0021,0x0041,0x0000,0x0000,0x0000,0x0021,0x0021,0x0021,0x1082,0x18C3,0x2945,0x18E4,
  0x18E4,0x18E3,0x2145,0x39E7,0x31A6,0x18C3,0x1082,0x1061,0x0840,0x0000,0x0820,0x1061,
  0x0861,0x0841,0x1082,0x0820,0x18A2,0x2103,0x2103,0x2104,0x20C3,0x3185,0x6B2C,0x736D,
  0x7BCF,0x528A,0x3166,0x2124,0x18C3,0x18C3,0x18C3,0x18C3,0x632C,0x4A8A,0x2124,0x1904,
  0x18C3,0x0841,0x0021,0x0021,0x0000,0x0000,0x0000,0x0000,0x0000,0x0000,0x0000,0x0000,
  0x0000,0x0000,0x0000,0x0000,0x0000,0x0000,0x0000,0x0000,0x0000,0x0000,0x0000,0x0000,
  0x0000,0x0020,0x0000,0x0000,0x0000,0x0000,0x0000,0x0000,0x0000,0x0000,0x0000,0x0020,
  0x0020,0x0840,0x1082,0x1082,0x20E4,0x4A49,0x4A69,0x4A49,0x528A,0x3186,0x1082,0x18E3,
  0x3186,0x5289,0x4A49,0x4A69,0x4A49,0x528A,0x5A8A,0x4A29,0x41E8,0x41E8,0x41E7,0x41C7,
  0x49C7,0x49E8,0x49C7,0x49A7,0x41A6,0x4186,0x4185,0x4165,0x4165,0x49A5,0x59C6,0x5185,
  0x4985,0x4985,0x4985,0x4985,0x51A6,0x59A6,0x6A07,0x8268,0x8267,0x8AC8,0x82A8,0x8267,
  0x92A8,0x8287,0x7247,0x7227,0x7247,0x7247,0x8268,0x59E6,0x2904,0x41A6,0x3145,0x2104,
  0x2104,0x2104,0x2104,0x20C3,0x20E4,0x18A3,0x20E3,0x18C2,0x3104,0x4145,0x3904,0x3905,
  0x2104,0x4144,0x6A06,0x7226,0x61A5,0x79E6,0x8A06,0x9267,0x8A06,0x8205,0x8A47,0x79E6,
  0x71C6,0x69A6,0x59A5,0x51A5,0x5185,0x5186,0x59A6,0x59A6,0x5185,0x4985,0x4185,0x4165,
  0x0041,0x0041,0x0041,0x0862,0x0862,0x0041,0x0041,0x0841,0x0841,0x0841,0x0862,0x0021,
  0x0841,0x0862,0x0041,0x0862,0x0862,0x0841,0x0041,0x0841,0x0862,0x0841,0x0841,0x10A2,
  0x10A2,0x2104,0x18E3,0x1082,0x1082,0x10A3,0x0861,0x2125,0x18E4,0x3186,0x18A3,0x18C3,
  0x18E3,0x18C3,0x10A2,0x2104,0x18C3,0x2124,0x10A2,0x0020,0x0000,0x0000,0x0000,0x0000,
  0x0000,0x0000,0x0000,0x0000,0x0000,0x0000,0x0020,0x0000,0x0000,0x0020,0x0020,0x0021,
  0x0841,0x1082,0x0882,0x0041,0x0000,0x0020,0x0021,0x0021,0x0841,0x0862,0x10A2,0x18E4,
  0x2945,0x2145,0x18E4,0x2966,0x18E4,0x1082,0x0821,0x0000,0x0000,0x10A2,0x3186,0x1061,
  0x0861,0x0840,0x0820,0x1082,0x18C3,0x20E3,0x18A2,0x20E4,0x2104,0x39A6,0x39C7,0x4228,
  0x5ACB,0x39E7,0x3186,0x2945,0x18E3,0x10A2,0x18E3,0x10C3,0x4A49,0x5ACB,0x2945,0x2104,
  0x18E4,0x18A3,0x0020,0x0021,0x0000,0x0000,0x0000,0x0000,0x0000,0x0000,0x0000,0x0000,
  0x0000,0x0000,0x0000,0x0000,0x0000,0x0000,0x0000,0x0000,0x0000,0x0000,0x0000,0x0000,
  0x0020,0x0000,0x0000,0x0000,0x0000,0x0000,0x0000,0x0000,0x0000,0x0000,0x0000,0x0000,
  0x0000,0x0020,0x1082,0x20C3,0x3986,0x526A,0x4A6A,0x4A6A,0x4A6A,0x52AA,0x4208,0x4228,
  0x52AA,0x4A69,0x4A49,0x4A49,0x5269,0x5269,0x528A,0x526A,0x4A08,0x49E8,0x49E7,0x49E7,
  0x49C7,0x49C7,0x49A7,0x49A6,0x4986,0x4186,0x4185,0x4165,0x4985,0x61E6,0x7248,0x6A27,
  0x5185,0x4985,0x4985,0x4985,0x51A6,0x59C6,0x7247,0x8A88,0x8A88,0x7226,0x82A8,0x8AA8,
  0x8AA8,0x8A88,0x8268,0x8247,0x8268,0x7A68,0x8AA8,0x6A27,0x3165,0x3965,0x20E3,0x1882,
  0x1082,0x1082,0x18C3,0x2104,0x2924,0x28E3,0x20C3,0x20A2,0x4125,0x20C2,0x2082,0x28E4,
  0x3105,0x3124,0x3923,0x3143,0x3903,0x7A07,0x9268,0x8A26,0x81E5,0x7A05,0x7A05,0x79E6,
  0x69A5,0x6985,0x61A5,0x59A6,0x5186,0x61C6,0x61C6,0x59A5,0x5185,0x4965,0x4185,0x4165,
  0x0041,0x0042,0x0862,0x0862,0x0041,0x0021,0x0021,0x0841,0x0021,0x0041,0x0841,0x1082,
  0x0021,0x0021,0x0882,0x1082,0x0862,0x0862,0x1082,0x1082,0x0041,0x0020,0x0020,0x0041,
  0x0841,0x10A3,0x0882,0x0861,0x1082,0x10C3,0x10C3,0x2104,0x2104,0x2945,0x2124,0x2104,
  0x18C3,0x18C3,0x0861,0x0882,0x18C3,0x2145,0x0861,0x0000,0x0000,0x0000,0x0000,0x0000,
  0x0000,0x0000,0x0000,0x0000,0x0000,0x0000,0x0020,0x0020,0x0000,0x0000,0x0000,0x0020,
  0x0841,0x0862,0x10A3,0x10C3,0x0862,0x0000,0x0000,0x0000,0x0021,0x0020,0x0861,0x10C3,
  0x1904,0x18C3,0x10A3,0x18A3,0x0841,0x0021,0x0821,0x0841,0x1061,0x0841,0x4207,0x1082,
  0x1061,0x1081,0x1082,0x1082,0x0841,0x0841,0x18C3,0x3186,0x31C7,0x39C7,0x4228,0x39E7,
  0x39C7,0x1903,0x2124,0x2945,0x18E3,0x1082,0x3186,0x39C7,0x39C7,0x3A08,0x39C7,0x2124,
  0x2104,0x18E4,0x0841,0x0000,0x0020,0x0000,0x0000,0x0000,0x0000,0x0000,0x0000,0x0000,
  0x0000,0x0000,0x0000,0x0000,0x0000,0x0000,0x0000,0x0000,0x0000,0x0020,0x0000,0x0000,
  0x0020,0x0000,0x0000,0x0000,0x0000,0x0000,0x0000,0x0000,0x0000,0x0000,0x0020,0x0861,
  0x0861,0x10A2,0x18A3,0x1061,0x1082,0x4A49,0x4A69,0x4A69,0x4A69,0x4A6A,0x4A8A,0x4A8A,
  0x4A69,0x4A69,0x4A49,0x5249,0x5269,0x5269,0x5249,0x5249,0x5228,0x4A08,0x49E7,0x49E7,
  0x49E7,0x51E7,0x49C7,0x49C7,0x4986,0x4165,0x4185,0x4185,0x49A5,0x51A6,0x61E7,0x6A07,
  0x59C6,0x5185,0x4985,0x4985,0x51C6,0x6A06,0x8267,0x8268,0x8AA9,0x49A4,0x6206,0x8AC9,
  0x8288,0x8288,0x8288,0x8268,0x8268,0x59E6,0x6227,0x4165,0x2904,0x20E3,0x2904,0x18A3,
  0x18A3,0x18A3,0x18A3,0x18C4,0x3165,0x28E3,0x20C2,0x28E3,0x3944,0x3124,0x3924,0x3103,
  0x18A2,0x30E3,0x51A5,0x4984,0x4963,0x8A26,0x9247,0x8206,0x8206,0x7A06,0x69E5,0x69C5,
  0x69E6,0x69C6,0x61A5,0x59A6,0x6185,0x71E6,0x7205,0x61C6,0x5185,0x49A6,0x4165,0x4165,
  0x0862,0x0842,0x0041,0x0041,0x0021,0x0021,0x0021,0x0021,0x0041,0x0021,0x0021,0x0862,
  0x0841,0x0041,0x0862,0x0841,0x0041,0x0021,0x10A3,0x0841,0x0861,0x0020,0x0020,0x10A2,
  0x0882,0x0020,0x0021,0x0862,0x0861,0x0862,0x0841,0x0882,0x10A2,0x10A2,0x2965,0x18E4,
  0x18A3,0x18A2,0x0881,0x0882,0x10C3,0x2124,0x0020,0x0000,0x0000,0x0000,0x0000,0x0000,
  0x0000,0x0000,0x0000,0x0000,0x0000,0x0000,0x0021,0x0021,0x0000,0x0000,0x0000,0x0020,
  0x0021,0x0021,0x0862,0x10A3,0x18E4,0x10A2,0x0021,0x0000,0x0021,0x0041,0x0881,0x0861,
  0x0020,0x0000,0x0821,0x0841,0x0841,0x20E3,0x1062,0x0821,0x0861,0x0020,0x0820,0x1081,
  0x1081,0x1061,0x1041,0x0820,0x0020,0x0862,0x18C3,0x2125,0x2165,0x39E7,0x31A6,0x4208,
  0x31C7,0x1903,0x10C3,0x2986,0x2965,0x0861,0x18C3,0x2124,0x39E8,0x4A49,0x3A08,0x2945,
  0x2124,0x18C3,0x1082,0x0000,0x0000,0x0000,0x0000,0x0000,0x0000,0x0000,0x0000,0x0000,
  0x0000,0x0000,0x0000,0x0000,0x0000,0x0000,0x0000,0x0000,0x0000,0x0020,0x0841,0x0000,
  0x0000,0x0000,0x0000,0x0000,0x0000,0x0000,0x0000,0x0000,0x0000,0x0020,0x0020,0x0840,
  0x0840,0x0820,0x0000,0x39C7,0x2924,0x2965,0x4A69,0x4A69,0x4A69,0x4A8A,0x4A6A,0x4A6A,
  0x4A6A,0x528A,0x526A,0x526A,0x526A,0x5249,0x4A29,0x4A08,0x4A08,0x5228,0x4A08,0x4A08,
  0x5208,0x5A28,0x5207,0x49C7,0x4166,0x4165,0x4185,0x4985,0x49A5,0x4985,0x49A6,0x51A6,
  0x59C6,0x59C6,0x5185,0x49A6,0x59C6,0x7A67,0x8AA8,0x8247,0x8268,0x5A26,0x7268,0x7A68,
  0x82C9,0x82A8,0x8288,0x8288,0x7247,0x3123,0x3122,0x2124,0x18E3,0x20C3,0x3165,0x20C4,
  0x20E4,0x20E4,0x18C3,0x18E4,0x3145,0x28E3,0x28E2,0x30E2,0x3124,0x3924,0x3904,0x4124,
  0x20C1,0x3924,0x30E3,0x28E3,0x3144,0x4943,0x5143,0x5185,0x59A6,0x5185,0x4965,0x6A07,
  0x69E6,0x6A06,0x61C6,0x61C5,0x81E6,0x8A05,0x71E4,0x59A5,0x4985,0x4986,0x4165,0x4165,
  0x0862,0x0041,0x0041,0x0021,0x0021,0x0021,0x0021,0x0021,0x0021,0x0021,0x0021,0x0041,
  0x0862,0x0841,0x0021,0x0020,0x0021,0x10A3,0x1082,0x0041,0x18E3,0x1082,0x0861,0x0882,
  0x18C3,0x0841,0x0000,0x0861,0x0841,0x0861,0x0841,0x18C3,0x18E4,0x18C3,0x2124,0x18C3,
  0x10A3,0x18C3,0x1082,0x1082,0x2104,0x18C3,0x0020,0x0000,0x0000,0x0000,0x0000,0x0000,
  0x0000,0x0000,0x0000,0x0020,0x0000,0x0000,0x0021,0x0021,0x0000,0x0000,0x0020,0x0020,
  0x0021,0x0021,0x0021,0x0021,0x10A3,0x18E4,0x10A3,0x1082,0x0841,0x0841,0x0020,0x0000,
  0x0000,0x0000,0x0841,0x1082,0x1062,0x2945,0x18A3,0x0841,0x0841,0x0861,0x1061,0x1061,
  0x0841,0x0000,0x0000,0x0000,0x0841,0x0041,0x18C3,0x2125,0x18E4,0x2144,0x2125,0x2104,
  0x2945,0x18E3,0x18C3,0x2124,0x10A2,0x0862,0x2104,0x2986,0x18E3,0x31A7,0x4A49,0x4208,
  0x2104,0x2104,0x18C3,0x0000,0x0000,0x0000,0x0000,0x0000,0x0000,0x0000,0x0000,0x0000,
  0x0000,0x0000,0x0000,0x0000,0x0000,0x0000,0x0000,0x0000,0x0000,0x0000,0x0000,0x0021,
  0x0000,0x0000,0x0000,0x0000,0x0000,0x0000,0x0000,0x0020,0x0020,0x0020,0x0020,0x0020,
  0x1082,0x0000,0x20E4,0x5269,0x3186,0x2945,0x52AA,0x4A69,0x4A6A,0x4A8A,0x4A8A,0x4A8A,
  0x526A,0x528A,0x528A,0x528A,0x526A,0x5249,0x4A28,0x41C7,0x49C7,0x4A07,0x5208,0x5208,
  0x5208,0x5A28,0x51E7,0x49A6,0x49A6,0x4985,0x4985,0x49A5,0x49A5,0x49A5,0x49A6,0x51C6,
  0x59C6,0x59C6,0x51A6,0x51C5,0x59E6,0x82A8,0x82A8,0x7A67,0x82A9,0x5206,0x6A48,0x5A06,
  0x51E5,0x7207,0x8289,0x8288,0x82A9,0x7247,0x6A05,0x49A4,0x20C2,0x20E3,0x20E4,0x2904,
  0x3166,0x3166,0x18C3,0x18E4,0x3145,0x3103,0x3923,0x4144,0x3904,0x4944,0x28E3,0x3923,
  0x3944,0x4944,0x8248,0x7A27,0x5165,0x18A1,0x28E3,0x18E3,0x18E2,0x3924,0x5166,0x7A28,
  0x69E6,0x69C6,0x69C6,0x61C5,0x8A26,0x8A26,0x69E5,0x5185,0x4165,0x4165,0x4165,0x4165,
  0x0042,0x0041,0x0041,0x0041,0x0020,0x0020,0x0021,0x0021,0x0021,0x0021,0x0841,0x0041,
  0x0841,0x0841,0x0841,0x0841,0x0862,0x10A3,0x10C3,0x2124,0x1904,0x0882,0x0841,0x18C3,
  0x10C3,0x0862,0x0000,0x0841,0x1082,0x18C3,0x10A3,0x2104,0x3186,0x18A3,0x18E3,0x18E3,
  0x1082,0x18C3,0x1082,0x2104,0x18C3,0x0841,0x0020,0x0000,0x0000,0x0000,0x0000,0x0000,
  0x0000,0x0000,0x0000,0x0000,0x0000,0x0000,0x0001,0x0001,0x0021,0x0020,0x0021,0x0021,
  0x0000,0x0021,0x0021,0x0862,0x0882,0x0862,0x0862,0x0821,0x0000,0x0000,0x0000,0x0020,
  0x0000,0x0000,0x0021,0x0841,0x0020,0x0000,0x1061,0x18A3,0x18C3,0x10A2,0x0840,0x0000,
  0x0000,0x0000,0x0000,0x0000,0x0021,0x0021,0x0882,0x10C3,0x10A2,0x10A3,0x10C3,0x0841,
  0x1082,0x0882,0x0861,0x18C3,0x0861,0x18C3,0x2125,0x39C7,0x10A2,0x2945,0x5AAB,0x2945,
  0x18E3,0x18C3,0x18C3,0x0000,0x0000,0x0000,0x0000,0x0000,0x0000,0x0000,0x0000,0x0000,
  0x0000,0x0000,0x0000,0x0000,0x0020,0x0020,0x0000,0x0000,0x0000,0x0000,0x0000,0x0000,
  0x0020,0x0000,0x0000,0x0000,0x0000,0x0000,0x0000,0x0020,0x0020,0x0020,0x0020,0x0020,
  0x0000,0x10A2,0x4A69,0x52AA,0x526A,0x2945,0x4208,0x528A,0x4A6A,0x528A,0x528A,0x528A,
  0x528A,0x528A,0x5A8A,0x5A8A,0x5A8A,0x5A6A,0x4A08,0x49E8,0x49E7,0x49E7,0x49E7,0x5208,
  0x5208,0x5A08,0x51E8,0x49A6,0x49A6,0x51A6,0x49A5,0x49A5,0x49A6,0x49A6,0x51A6,0x51A5,
  0x59C6,0x61E7,0x61E7,0x59C5,0x6A26,0x82C9,0x7A88,0x7248,0x6A07,0x3984,0x49A6,0x5206,
  0x3983,0x8289,0x8289,0x8289,0x8289,0x8AA9,0x82A8,0x5A27,0x20C2,0x3186,0x3186,0x2925,
  0x2945,0x2104,0x20E4,0x18C4,0x3125,0x3103,0x51C5,0x51A5,0x40E3,0x6185,0x3924,0x4164,
  0x51A5,0x4944,0x8A48,0x8228,0x6A07,0x28E2,0x4945,0x3104,0x3945,0x61C7,0x4944,0x6A06,
  0x61C6,0x61A5,0x61C5,0x61A5,0x8A47,0x8A27,0x61A5,0x5185,0x4165,0x4165,0x4165,0x3945,
  0x0041,0x0021,0x0021,0x0020,0x0020,0x0020,0x0021,0x0021,0x0862,0x0862,0x0041,0x0021,
  0x0862,0x0862,0x0041,0x0862,0x0882,0x10C3,0x18E3,0x18E3,0x0862,0x0882,0x0861,0x10A2,
  0x18C3,0x18E3,0x0821,0x0000,0x0020,0x1082,0x0841,0x18C3,0x18C3,0x0841,0x18C3,0x18C3,
  0x1082,0x1082,0x10A3,0x18E3,0x1082,0x0020,0x0000,0x0000,0x0000,0x0000,0x0000,0x0000,
  0x0000,0x0000,0x0000,0x0000,0x0000,0x0000,0x0021,0x0001,0x0020,0x0020,0x0021,0x0041,
  0x0841,0x0862,0x0841,0x0041,0x0021,0x0021,0x0021,0x0021,0x0021,0x0841,0x0861,0x0020,
  0x0020,0x0020,0x0821,0x0020,0x0020,0x0841,0x10A2,0x18C2,0x1061,0x0820,0x0000,0x0041,
  0x0861,0x0041,0x0000,0x0000,0x0020,0x0021,0x0041,0x1082,0x0862,0x0862,0x18E3,0x18C3,
  0x18C3,0x1082,0x18E4,0x18C3,0x1082,0x0841,0x18E4,0x39C7,0x18C3,0x2124,0x2944,0x2124,
  0x18E3,0x1082,0x1082,0x0020,0x0000,0x0000,0x0000,0x0000,0x0000,0x0000,0x0000,0x0000,
  0x0000,0x0000,0x0000,0x0000,0x0000,0x0841,0x0000,0x0000,0x0000,0x0000,0x0000,0x0000,
  0x0000,0x0000,0x0020,0x0021,0x0020,0x0000,0x0000,0x0000,0x0000,0x0841,0x0020,0x0000,
  0x18C3,0x4A69,0x52AA,0x4A8A,0x52AB,0x4A49,0x31A7,0x52AB,0x4A6A,0x528A,0x528A,0x528A,
  0x528A,0x5A8A,0x5AAA,0x5A8A,0x5A8A,0x5269,0x4A28,0x4A08,0x49E7,0x49C7,0x49C7,0x49C7,
  0x5207,0x5A08,0x59E7,0x51C6,0x51C6,0x51A6,0x49A5,0x49A5,0x49A6,0x49A6,0x51A6,0x51A6,
  0x59C6,0x6207,0x6A27,0x6A06,0x7A88,0x82A9,0x59A5,0x4165,0x51E7,0x49C7,0x51A6,0x4124,
  0x3963,0x7A89,0x8289,0x8289,0x82A8,0x8288,0x8288,0x7A69,0x2903,0x2924,0x3145,0x3966,
  0x3146,0x2104,0x2104,0x18E4,0x3125,0x3924,0x4944,0x4944,0x5184,0x7227,0x4144,0x3123,
  0x4984,0x4144,0x8268,0x7A07,0x7A27,0x3144,0x20A3,0x28C3,0x4144,0x69C6,0x5985,0x61E6,
  0x61A5,0x61A5,0x61A5,0x61C6,0x7A27,0x71C6,0x5985,0x5185,0x4965,0x4165,0x4165,0x3965,
  0x0021,0x0021,0x0020,0x0020,0x0020,0x0021,0x0021,0x0021,0x0841,0x0841,0x0021,0x0041,
  0x10A3,0x0862,0x0041,0x1082,0x0881,0x0861,0x0861,0x0882,0x1082,0x0862,0x0041,0x0041,
  0x0000,0x2125,0x20E4,0x0021,0x0020,0x0000,0x0000,0x1082,0x2104,0x10A2,0x0862,0x10A2,
  0x0861,0x10A2,0x2104,0x10A2,0x0841,0x0000,0x0000,0x0000,0x0000,0x0000,0x0000,0x0000,
  0x0000,0x0000,0x0000,0x0000,0x0000,0x0000,0x0020,0x0020,0x0020,0x0020,0x0041,0x0841,
  0x0021,0x0021,0x0001,0x0000,0x0020,0x0021,0x10A3,0x0862,0x0041,0x0841,0x0861,0x0020,
  0x0020,0x0020,0x0841,0x0841,0x0021,0x0020,0x1061,0x2104,0x2944,0x31A6,0x18C3,0x0881,
  0x08A2,0x10A2,0x0861,0x0020,0x0020,0x0020,0x0041,0x0862,0x18C3,0x18E4,0x2145,0x2965,
  0x52AA,0x4A8A,0x52CB,0x2945,0x2104,0x18C3,0x1082,0x39C7,0x2966,0x2965,0x2964,0x2103,
  0x10A2,0x0861,0x1082,0x0020,0x0000,0x0000,0x0000,0x0000,0x0000,0x0000,0x0000,0x0000,
  0x0000,0x0000,0x0000,0x0000,0x0000,0x0020,0x0841,0x0020,0x0000,0x0000,0x0000,0x0000,
  0x0000,0x0000,0x0021,0x0021,0x0021,0x0020,0x0000,0x0020,0x0841,0x0841,0x10A2,0x10A2,
  0x3986,0x5ACB,0x4A8A,0x4A8A,0x528B,0x4A6A,0x18C3,0x4A49,0x52AA,0x528A,0x528A,0x528A,
  0x5A8A,0x5A8A,0x5AAA,0x5A8A,0x5A8A,0x5A69,0x4A28,0x49E8,0x41C7,0x41C6,0x41C6,0x49C6,
  0x5A27,0x51C7,0x51C7,0x51C6,0x59E7,0x51C6,0x49A5,0x49A5,0x49A6,0x51A6,0x51A5,0x59A5,
  0x59E6,0x61E6,0x7227,0x7A68,0x8AC9,0x82A9,0x7A88,0x61E8,0x4986,0x3125,0x28E4,0x3104,
  0x4985,0x6207,0x82A9,0x8288,0x8AA8,0x8287,0x8A67,0x7A48,0x2904,0x2925,0x3166,0x3186,
  0x2945,0x2104,0x1904,0x18C4,0x3125,0x3924,0x3904,0x3944,0x4985,0x5185,0x4144,0x3103,
  0x4144,0x4965,0x8267,0x7A06,0x7227,0x2903,0x20A3,0x20A3,0x3903,0x7206,0x71E6,0x69E6,
  0x61C6,0x59A6,0x59A6,0x59A6,0x69E6,0x61C6,0x59A6,0x59A6,0x4985,0x4165,0x4185,0x4165,
  0x0021,0x0021,0x0021,0x0020,0x0020,0x0000,0x0021,0x0021,0x0021,0x0021,0x0041,0x0041,
  0x0000,0x0021,0x0862,0x1082,0x0040,0x1082,0x10A2,0x0862,0x0882,0x0862,0x0861,0x0841,
  0x0862,0x0021,0x18C3,0x18C3,0x0841,0x0000,0x0000,0x0021,0x10A2,0x18E3,0x1082,0x0861,
  0x1062,0x20E4,0x18C3,0x0862,0x0021,0x0000,0x0000,0x0000,0x0000,0x0000,0x0000,0x0000,
  0x0000,0x0000,0x0000,0x0020,0x0020,0x0021,0x0020,0x0021,0x0020,0x0000,0x0000,0x0000,
  0x0001,0x0000,0x0000,0x0000,0x0000,0x0021,0x0841,0x0841,0x0841,0x0041,0x0041,0x0041,
  0x0841,0x0841,0x0021,0x0020,0x0000,0x0020,0x18E3,0x2965,0x4248,0x4208,0x2104,0x0882,
  0x0882,0x18E3,0x2124,0x2124,0x18C3,0x0861,0x0862,0x0882,0x10A2,0x18E4,0x2145,0x2966,
  0x4A49,0x52AB,0x528A,0x39E8,0x2124,0x2104,0x10A3,0x3186,0x31A6,0x5ACB,0x2944,0x10A2,
  0x18C2,0x10A2,0x0861,0x0841,0x0000,0x0000,0x0000,0x0000,0x0000,0x0000,0x0000,0x0000,
  0x0000,0x0000,0x0000,0x0000,0x0000,0x0000,0x0841,0x0841,0x0000,0x0000,0x0000,0x0000,
  0x0000,0x0000,0x0000,0x0000,0x0000,0x0020,0x0841,0x0841,0x18E3,0x0861,0x2124,0x18E3,
  0x3145,0x52AA,0x4A8A,0x528A,0x528A,0x52AB,0x31A7,0x4A69,0x52AB,0x528A,0x528A,0x5A8A,
  0x5A8A,0x5A8A,0x5A8A,0x5A8A,0x5A8A,0x5A69,0x4A28,0x49E7,0x41C7,0x41C6,0x41C6,0x49C6,
  0x5A07,0x6A28,0x6207,0x59E7,0x59C6,0x51A6,0x51A6,0x51A5,0x51A6,0x51A6,0x59C6,0x6A27,
  0x6206,0x61E7,0x6A06,0x7A67,0x82A9,0x82A9,0x82A9,0x61C7,0x28E3,0x3125,0x3104,0x3104,
  0x61E7,0x4965,0x8289,0x8A88,0x8AA8,0x8287,0x8A87,0x8248,0x2924,0x2945,0x2966,0x2945,
  0x2145,0x2104,0x18E4,0x18C3,0x2904,0x28E3,0x20E3,0x2903,0x3124,0x3924,0x3924,0x3923,
  0x4144,0x4965,0x8247,0x7247,0x5185,0x20A2,0x28C4,0x28A3,0x38E3,0x69E6,0x69E6,0x69E6,
  0x69E6,0x61A6,0x59A6,0x5185,0x59A5,0x59A6,0x51A6,0x5185,0x51A6,0x49A6,0x4185,0x4165,
  0x0841,0x0021,0x0001,0x0021,0x0000,0x0000,0x0841,0x0862,0x0000,0x0021,0x0021,0x0000,
  0x0841,0x0862,0x0020,0x0041,0x1082,0x10C3,0x18E3,0x18E3,0x2104,0x2125,0x1082,0x0861,
  0x0841,0x0021,0x18C3,0x2945,0x0862,0x0000,0x0021,0x0020,0x1082,0x18E4,0x10A3,0x0841,
  0x10A3,0x2125,0x0861,0x0841,0x0020,0x0000,0x0000,0x0000,0x0000,0x0000,0x0000,0x0000,
  0x0000,0x0000,0x0000,0x0000,0x0000,0x0000,0x0000,0x0000,0x0000,0x0020,0x0020,0x0001,
  0x0001,0x0001,0x0000,0x0000,0x0000,0x0000,0x0001,0x0021,0x0841,0x0862,0x0861,0x0841,
  0x0841,0x0020,0x0000,0x0000,0x0000,0x0000,0x10A2,0x18C3,0x18E3,0x18C3,0x18E4,0x10A2,
  0x0882,0x18E3,0x2104,0x2966,0x2945,0x2145,0x18E3,0x10A2,0x10A3,0x2124,0x2986,0x39C7,
  0x4A8A,0x4A6A,0x2986,0x31A7,0x2945,0x2125,0x1082,0x18C3,0x2965,0x4A69,0x4A69,0x3185,
  0x3186,0x2124,0x0841,0x0841,0x0000,0x0000,0x0000,0x0000,0x0000,0x0000,0x0000,0x0000,
  0x0000,0x0000,0x0000,0x0000,0x0000,0x0000,0x0000,0x0020,0x0841,0x0020,0x0000,0x0000,
  0x0000,0x0000,0x0000,0x0000,0x0000,0x0000,0x0020,0x0020,0x0841,0x0020,0x18C3,0x2945,
  0x4208,0x4A6A,0x4A8A,0x4A8A,0x4A8A,0x52AB,0x4229,0x4229,0x5AAB,0x528A,0x5A8A,0x5A8A,
  0x5A8A,0x5A8A,0x62AB,0x5A8A,0x5A8A,0x5A49,0x5249,0x4A08,0x41C7,0x49C7,0x49C7,0x49C7,
  0x51E7,0x6228,0x6207,0x59E7,0x51A6,0x51A6,0x51A6,0x51A6,0x51A6,0x59C6,0x61E6,0x8288,
  0x6A07,0x6207,0x7247,0x7A68,0x82A8,0x7A88,0x8288,0x6207,0x3103,0x3925,0x3104,0x3104,
  0x7249,0x3144,0x7A68,0x92A9,0x8AA8,0x8AA8,0x8A87,0x8248,0x3145,0x2966,0x2945,0x2966,
  0x2945,0x2104,0x18E3,0x18C3,0x20E3,0x18C3,0x18A3,0x18C3,0x20E3,0x28E4,0x30E3,0x3944,
  0x3103,0x4144,0x8267,0x5A05,0x3964,0x3124,0x28A2,0x28A2,0x30E3,0x69E6,0x69E6,0x69E6,
  0x61A6,0x59C6,0x49A5,0x6A27,0x69C5,0x4944,0x4145,0x59C6,0x51A6,0x4985,0x4165,0x4165,
  0x0841,0x0021,0x0000,0x0001,0x0001,0x0021,0x0021,0x0841,0x0021,0x0021,0x0021,0x0000,
  0x0041,0x0841,0x0021,0x0882,0x10C3,0x0041,0x1082,0x1904,0x2986,0x2965,0x18C3,0x1082,
  0x0021,0x0841,0x10A3,0x2945,0x18C3,0x0021,0x0020,0x0020,0x0861,0x0841,0x2104,0x0841,
  0x10A3,0x18E4,0x0021,0x0841,0x0000,0x0000,0x0000,0x0000,0x0000,0x0000,0x0000,0x0000,
  0x0000,0x0000,0x0000,0x0000,0x0000,0x0000,0x0000,0x0000,0x0020,0x0021,0x0000,0x0001,
  0x0001,0x0001,0x0000,0x0000,0x0020,0x0020,0x0021,0x0021,0x0841,0x0841,0x0841,0x0861,
  0x1082,0x1082,0x0862,0x0041,0x0000,0x0000,0x0021,0x0861,0x0862,0x10A2,0x10A2,0x0041,
  0x0020,0x1082,0x18C3,0x2125,0x0882,0x18E3,0x2145,0x18E4,0x10A3,0x2945,0x2945,0x4A8A,
  0x4A69,0x4229,0x4228,0x39C7,0x2945,0x2104,0x1082,0x2104,0x4228,0x528A,0x5ACB,0x4208,
  0x31A6,0x2945,0x18C3,0x0021,0x0000,0x0000,0x0000,0x0000,0x0000,0x0000,0x0000,0x0000,
  0x0000,0x0000,0x0000,0x0000,0x0000,0x0000,0x0000,0x0000,0x0821,0x0841,0x0000,0x0000,
  0x0000,0x0000,0x0000,0x0000,0x0000,0x0000,0x0021,0x0861,0x0841,0x0861,0x2124,0x4A69,
  0x528A,0x4A6A,0x4A6A,0x4A6A,0x4A8A,0x4A6A,0x4A8A,0x528A,0x528A,0x5A8A,0x5A8A,0x5A8A,
  0x5A8A,0x5AAA,0x5A8A,0x5A8A,0x5A8A,0x5A69,0x5249,0x5208,0x49C7,0x49C7,0x49C7,0x51E7,
  0x51E7,0x51C7,0x51C7,0x59C6,0x59C6,0x59C6,0x59C6,0x59C6,0x59E6,0x59C6,0x61E6,0x7226,
  0x6A06,0x6A07,0x7268,0x8288,0x82A9,0x7A88,0x82A8,0x6227,0x30E4,0x3905,0x3925,0x3104,
  0x7248,0x39A5,0x51C5,0x8AA8,0x8A88,0x8AA8,0x8A67,0x8267,0x3965,0x3166,0x2945,0x2966,
  0x2966,0x18C3,0x18C3,0x18C3,0x20E4,0x20E3,0x20C3,0x20E3,0x20E4,0x2904,0x2904,0x3124,
  0x28E3,0x3904,0x6225,0x4964,0x59E7,0x3944,0x30E3,0x28A2,0x30C2,0x59E6,0x61E6,0x61C6,
  0x51A5,0x4164,0x3943,0x71E7,0x71E7,0x4144,0x4185,0x59A6,0x51A6,0x4985,0x4985,0x4185,
  0x0021,0x0000,0x0000,0x0001,0x0021,0x0021,0x0021,0x0000,0x0021,0x0021,0x0041,0x0021,
  0x0021,0x0021,0x0841,0x0841,0x0021,0x0882,0x10A2,0x18C3,0x2145,0x2945,0x2104,0x2104,
  0x0841,0x0021,0x0861,0x2104,0x2104,0x1082,0x1082,0x0862,0x0861,0x0000,0x10A2,0x18E4,
  0x18C3,0x0861,0x0020,0x0000,0x0000,0x0000,0x0000,0x0000,0x0000,0x0000,0x0000,0x0000,
  0x0000,0x0000,0x0000,0x0000,0x0000,0x0000,0x0000,0x0000,0x0020,0x0020,0x0021,0x0021,
  0x0021,0x0021,0x0021,0x0021,0x0021,0x0020,0x0020,0x0000,0x0000,0x0020,0x0041,0x10C3,
  0x18E4,0x2124,0x2965,0x2125,0x0862,0x0000,0x0000,0x0000,0x0020,0x0841,0x0020,0x0020,
  0x0041,0x0861,0x10A3,0x1904,0x10A2,0x10C3,0x2104,0x18C3,0x1082,0x18E4,0x18E3,0x2965,
  0x3A08,0x2986,0x31C7,0x31A6,0x2945,0x18C3,0x1082,0x18C3,0x2124,0x39E7,0x39E7,0x39E7,
  0x3186,0x2104,0x2125,0x0862,0x0000,0x0000,0x0000,0x0000,0x0000,0x0000,0x0000,0x0000,
  0x0000,0x0000,0x0000,0x0000,0x0000,0x0000,0x0000,0x0000,0x0000,0x0021,0x0000,0x0000,
  0x0000,0x0000,0x0000,0x0000,0x0020,0x0020,0x0861,0x1082,0x0020,0x10A2,0x3186,0x528A,
  0x4A69,0x4A6A,0x4A6A,0x4A8A,0x4A8A,0x4A6A,0x4A8A,0x526A,0x526A,0x528A,0x5A8A,0x5AAA,
  0x62AA,0x5AAA,0x5A8A,0x5A8A,0x5A89,0x5A89,0x5A48,0x5A28,0x51E7,0x49C6,0x49C6,0x51E7,
  0x59E7,0x59E7,0x59C6,0x59C6,0x59C5,0x59C6,0x61E6,0x6A07,0x69E6,0x61E6,0x61E6,0x6206,
  0x6A26,0x6A26,0x8288,0x8AA8,0x8288,0x8288,0x92C8,0x7267,0x30E4,0x3905,0x3925,0x3104,
  0x7A68,0x6A47,0x20E4,0x5A07,0x8A87,0x8A67,0x8A47,0x8AA8,0x51C7,0x39A7,0x2966,0x3186,
  0x2966,0x18E4,0x18E4,0x18E4,0x2104,0x20E4,0x18C3,0x18C3,0x18C3,0x2904,0x2904,0x2904,
  0x2103,0x2103,0x3124,0x5185,0x6A27,0x3125,0x3924,0x3104,0x28C2,0x51C6,0x59C6,0x59A6,
  0x5185,0x4144,0x3944,0x4144,0x5165,0x4985,0x49A6,0x59A6,0x5185,0x4985,0x4185,0x4185,
  0x0021,0x0000,0x0000,0x0021,0x0021,0x0021,0x0000,0x0000,0x0000,0x0000,0x0041,0x0021,
  0x0021,0x0021,0x0862,0x0021,0x0041,0x0882,0x0882,0x18C3,0x2125,0x1904,0x18E3,0x2104,
  0x1082,0x0841,0x0021,0x1082,0x31A7,0x1082,0x0841,0x1082,0x0861,0x0861,0x0841,0x18C3,
  0x10A3,0x0041,0x0020,0x0000,0x0000,0x0000,0x0000,0x0000,0x0000,0x0000,0x0000,0x0000,
  0x0000,0x0000,0x0000,0x0000,0x0000,0x0000,0x0000,0x0000,0x0021,0x0841,0x0021,0x0021,
  0x0821,0x0821,0x0021,0x0021,0x0000,0x0000,0x0000,0x0000,0x0020,0x0041,0x0041,0x0882,
  0x10A2,0x2104,0x2966,0x2124,0x2965,0x10A3,0x0000,0x0000,0x0000,0x0020,0x0020,0x0020,
  0x0021,0x0862,0x18C3,0x10A3,0x18C3,0x1082,0x1082,0x0862,0x10A2,0x10A2,0x18C3,0x18E4,
  0x2965,0x2965,0x1903,0x18E3,0x18E4,0x10A3,0x0861,0x10A2,0x10A2,0x2103,0x3186,0x31C7,
  0x2945,0x1903,0x18E3,0x18C3,0x0020,0x0000,0x0000,0x0000,0x0000,0x0000,0x0000,0x0000,
  0x0000,0x0000,0x0000,0x0000,0x0000,0x0000,0x0000,0x0000,0x0000,0x0000,0x0000,0x0021,
  0x0000,0x0000,0x0000,0x0000,0x0020,0x0841,0x0841,0x1082,0x1082,0x18C3,0x2965,0x528A,
  0x4A49,0x4A6A,0x4A6A,0x4A8A,0x4A8A,0x528A,0x528A,0x4A49,0x4A49,0x5A8A,0x5A8A,0x5AAA,
  0x62CA,0x62AA,0x628A,0x628A,0x5A89,0x5AA9,0x5A69,0x6228,0x59E7,0x51E7,0x49C6,0x51E7,
  0x5A07,0x6207,0x59C6,0x61E6,0x59E6,0x59C6,0x59C6,0x6A07,0x6A27,0x69E6,0x61E6,0x6A27,
  0x7227,0x7A47,0x9AE9,0xB34A,0x9AC8,0x92A7,0xA308,0x82A8,0x3104,0x4965,0x4985,0x3103,
  0x7247,0x6A27,0x20E4,0x49A6,0x79E5,0x8247,0x9288,0x8287,0x4985,0x3167,0x3186,0x2966,
  0x2925,0x3166,0x3146,0x20E4,0x20E4,0x18E4,0x18C3,0x18C3,0x18A2,0x20E3,0x20E3,0x2103,
  0x2104,0x18C2,0x3165,0x6248,0x61C6,0x28E4,0x30E4,0x30E3,0x28C3,0x51A6,0x51A5,0x51A6,
  0x5186,0x4144,0x3944,0x4144,0x51A6,0x4144,0x4985,0x59A6,0x51A6,0x4985,0x4165,0x4165,
  0x0021,0x0021,0x0000,0x0000,0x0021,0x0000,0x0000,0x0000,0x0000,0x0000,0x0000,0x0020,
  0x0021,0x0841,0x0862,0x0021,0x0021,0x0862,0x0862,0x1082,0x10A3,0x18E4,0x2945,0x18E4,
  0x18C3,0x10A2,0x0841,0x0821,0x2104,0x18E4,0x0861,0x0841,0x0862,0x0861,0x0841,0x10A2,
  0x10A2,0x0861,0x0000,0x0000,0x0000,0x0000,0x0000,0x0000,0x0000,0x0000,0x0000,0x0000,
  0x0000,0x0000,0x0000,0x0000,0x0000,0x0000,0x0000,0x0020,0x0021,0x0841,0x0841,0x0021,
  0x0000,0x0000,0x0000,0x0000,0x0000,0x0000,0x0000,0x0000,0x0020,0x0021,0x0041,0x0041,
  0x0841,0x0882,0x10C3,0x2125,0x3186,0x3186,0x18C3,0x0041,0x0000,0x0020,0x0020,0x0020,
  0x0000,0x0861,0x10C3,0x0841,0x10A2,0x1082,0x0862,0x1082,0x1082,0x1082,0x1082,0x1082,
  0x18E3,0x20E3,0x18A2,0x2904,0x51C7,0x61E7,0x61C6,0x7248,0x61E7,0x59A6,0x3125,0x39C7,
  0x2904,0x10A2,0x10C3,0x18C3,0x0021,0x0000,0x0000,0x0000,0x0000,0x0000,0x0000,0x0000,
  0x0000,0x0000,0x0000,0x0000,0x0000,0x0000,0x0000,0x0000,0x0000,0x0000,0x0000,0x0000,
  0x0020,0x0021,0x0021,0x0020,0x0020,0x0841,0x18C3,0x2124,0x0841,0x10A2,0x39C7,0x528A,
  0x4A49,0x4A69,0x4A8A,0x4A8A,0x528A,0x528A,0x528A,0x528A,0x5A8A,0x5A8A,0x5AAA,0x5AAA,
  0x62AA,0x5AAA,0x628A,0x628A,0x62AA,0x62A9,0x6289,0x6228,0x51E6,0x51E7,0x51E7,0x59E7,
  0x59E7,0x59C6,0x61E6,0x6207,0x6207,0x59C6,0x59C6,0x59C6,0x6207,0x6207,0x6A06,0x7226,
  0x7A47,0x8AA8,0x9AA7,0xAB29,0xAB29,0x9AC8,0x9AC8,0x8288,0x3924,0x59C6,0x51A5,0x3103,
  0x7247,0x6A28,0x28E4,0x3103,0x8247,0x61C5,0x7206,0x8AC8,0x51E7,0x3166,0x3186,0x2105,
  0x20E4,0x20E4,0x2925,0x20E4,0x18E4,0x18C3,0x18C3,0x18C3,0x20E4,0x18E3,0x18C3,0x20E3,
  0x20E3,0x20E3,0x2924,0x5A07,0x51A6,0x3904,0x4125,0x28C2,0x28A2,0x51A6,0x59C6,0x59A6,
  0x5185,0x4965,0x3945,0x4144,0x4965,0x4164,0x4965,0x59A6,0x51A6,0x4985,0x4165,0x4165,
  0x10C3,0x10A3,0x1904,0x10A3,0x0021,0x0000,0x0000,0x0000,0x0000,0x0000,0x0000,0x0020,
  0x0020,0x0021,0x0021,0x0041,0x0041,0x18E4,0x10A3,0x0862,0x10A3,0x18C3,0x2945,0x2945,
  0x2965,0x10A3,0x1082,0x1082,0x0841,0x10A3,0x0841,0x0841,0x0862,0x1082,0x1062,0x10A2,
  0x0041,0x0861,0x0020,0x0000,0x0000,0x0000,0x0000,0x0000,0x0000,0x0000,0x0000,0x0000,
  0x0000,0x0000,0x0000,0x0000,0x0000,0x0000,0x0000,0x0000,0x0000,0x0000,0x0000,0x0000,
  0x0000,0x0000,0x0000,0x0000,0x0020,0x0020,0x0020,0x0020,0x0020,0x0000,0x0000,0x0020,
  0x0020,0x0861,0x18E3,0x10A3,0x18E3,0x39C7,0x2965,0x1082,0x0020,0x0021,0x0020,0x0020,
  0x0020,0x0041,0x1082,0x0861,0x0841,0x0861,0x1062,0x0841,0x0821,0x0841,0x1062,0x20A3,
  0x28E4,0x3924,0x4986,0x61E7,0x6A48,0x49C6,0x30E3,0x28C3,0x28A2,0x38E4,0x4105,0x49C7,
  0x49E7,0x49A7,0x2904,0x10A2,0x0861,0x0000,0x0000,0x0000,0x0000,0x0000,0x0000,0x0000,
  0x0000,0x0000,0x0000,0x0000,0x0000,0x0000,0x0000,0x0000,0x0000,0x0000,0x0000,0x0000,
  0x0020,0x0021,0x0841,0x0861,0x0841,0x0841,0x1082,0x1082,0x2945,0x2104,0x10A2,0x528A,
  0x4A69,0x4A49,0x4A8A,0x4A8A,0x528A,0x528A,0x528A,0x528A,0x5A8A,0x5AAA,0x5AAA,0x5AAA,
  0x5AAA,0x62AA,0x628A,0x628A,0x6289,0x6289,0x6AA9,0x6248,0x51E6,0x51C6,0x59E7,0x61E7,
  0x61E7,0x61E6,0x6207,0x6A27,0x6A07,0x61E6,0x61C6,0x6A27,0x6A06,0x6A06,0x7227,0x7226,
  0x8268,0x8AA8,0x8246,0x92C8,0x92A8,0x92A8,0x9AC8,0x8288,0x3924,0x3904,0x4104,0x28C3,
  0x7247,0x7228,0x3105,0x20C3,0x6A06,0x7247,0x69E6,0x51A6,0x39A6,0x3987,0x41C8,0x20C4,
  0x18A3,0x1883,0x18A3,0x18C3,0x20E4,0x18E4,0x18C3,0x18E3,0x20E4,0x18E4,0x18C3,0x4145,
  0x3124,0x20E3,0x20E3,0x3124,0x4165,0x4144,0x51A7,0x28C2,0x28A2,0x5186,0x59C6,0x59A6,
  0x59C7,0x4965,0x4165,0x4165,0x4164,0x4164,0x4985,0x6A28,0x5186,0x3944,0x4165,0x3945,
  0x10A3,0x0041,0x0882,0x1904,0x2125,0x0041,0x0000,0x0000,0x0000,0x0020,0x0020,0x0000,
  0x0000,0x0001,0x0021,0x0021,0x0021,0x0862,0x0041,0x0841,0x0862,0x0862,0x2945,0x39C7,
  0x2125,0x18C3,0x2104,0x10A2,0x0861,0x0862,0x0861,0x0841,0x0821,0x1082,0x1082,0x0841,
  0x0841,0x0841,0x0021,0x0021,0x0020,0x0000,0x0000,0x0000,0x0000,0x0000,0x0000,0x0000,
  0x0000,0x0000,0x0000,0x0020,0x0021,0x0821,0x0841,0x0020,0x0021,0x0821,0x1041,0x1041,
  0x0821,0x0821,0x0820,0x0841,0x0841,0x0021,0x0021,0x0020,0x0000,0x0000,0x0000,0x0000,
  0x0000,0x0041,0x0041,0x1082,0x0882,0x2945,0x2986,0x2124,0x0882,0x0041,0x0000,0x0020,
  0x0020,0x0021,0x0041,0x10A3,0x10A2,0x0841,0x18A3,0x1062,0x1041,0x2082,0x30E4,0x4986,
  0x4966,0x28A2,0x1841,0x1841,0x2904,0x1061,0x1061,0x18A2,0x18C3,0x1061,0x0000,0x0000,
  0x0000,0x28E3,0x51C7,0x3905,0x0821,0x0000,0x0000,0x0000,0x0000,0x0000,0x0000,0x0000,
  0x0000,0x0000,0x0000,0x0000,0x0000,0x0000,0x0000,0x0000,0x0000,0x0000,0x0000,0x0000,
  0x0000,0x0000,0x0000,0x0020,0x0020,0x0020,0x0820,0x18E3,0x5269,0x4228,0x2104,0x1082,
  0x4A49,0x526A,0x4A6A,0x528A,0x528A,0x528A,0x526A,0x5A8A,0x5A8A,0x5AAA,0x5AAA,0x5AAA,
  0x62AA,0x62AA,0x62AA,0x6AAA,0x6AA9,0x6AA9,0x6AA9,0x6A69,0x6248,0x5A07,0x6207,0x69E7,
  0x61E7,0x61E6,0x6206,0x6206,0x69E6,0x69E6,0x6A06,0x7A88,0x7226,0x7226,0x7A47,0x8247,
  0x8A88,0x92C9,0x8A88,0x92C8,0x92C8,0x92C8,0x9AE8,0x8AA8,0x3945,0x30E4,0x30E4,0x20A3,
  0x7247,0x7248,0x20C3,0x28E3,0x59C5,0x8247,0x930B,0x2905,0x20E4,0x20C4,0x1883,0x1883,
  0x18A3,0x18A3,0x18A3,0x18A3,0x2104,0x2104,0x18A3,0x18E3,0x18C3,0x2104,0x20E4,0x2103,
  0x2104,0x20C3,0x20E4,0x20E4,0x49A7,0x4165,0x51C7,0x28C3,0x28A2,0x5185,0x61E6,0x6A07,
  0x59C7,0x4985,0x4985,0x4965,0x4965,0x4965,0x59C6,0x59A6,0x4965,0x3944,0x4165,0x3965,
  0x0862,0x0862,0x0041,0x0041,0x0882,0x2145,0x1082,0x0000,0x0021,0x0021,0x0020,0x0000,
  0x0000,0x0000,0x0021,0x0000,0x0001,0x0021,0x0041,0x0861,0x0862,0x1082,0x2104,0x2966,
  0x2966,0x18E3,0x10A3,0x1082,0x18C3,0x0862,0x1082,0x0021,0x1082,0x2104,0x0021,0x0020,
  0x0021,0x0020,0x0020,0x0020,0x0020,0x0000,0x0000,0x0000,0x0000,0x0000,0x0000,0x0000,
  0x0000,0x0000,0x0020,0x0020,0x0021,0x0841,0x0021,0x0021,0x0841,0x0821,0x0821,0x0821,
  0x1062,0x1062,0x0821,0x1061,0x1082,0x0821,0x1862,0x1883,0x1042,0x1882,0x0841,0x0841,
  0x0020,0x0000,0x0000,0x0061,0x0882,0x1082,0x10C3,0x18E4,0x18E4,0x10A2,0x0020,0x0000,
  0x0000,0x0020,0x0020,0x0841,0x1082,0x1041,0x1062,0x2904,0x3986,0x3965,0x3104,0x2082,
  0x1881,0x1061,0x20C3,0x1882,0x1882,0x3965,0x3985,0x3123,0x3103,0x41A5,0x2103,0x1882,
  0x20E3,0x1061,0x1020,0x38E4,0x28A3,0x0000,0x0000,0x0000,0x0000,0x0000,0x0000,0x0000,
  0x0000,0x0000,0x0000,0x0000,0x0000,0x0000,0x0000,0x0020,0x0020,0x0000,0x0000,0x0000,
  0x0000,0x0000,0x0020,0x0020,0x0021,0x0861,0x10C2,0x4208,0x528A,0x4A49,0x52AB,0x3186,
  0x2104,0x528A,0x5ACB,0x52AA,0x528A,0x526A,0x526A,0x5A8A,0x5AAA,0x5AAA,0x5AAA,0x62AA,
  0x62AA,0x6ACA,0x6ACA,0x6ACA,0x6AAA,0x72AA,0x6AA9,0x6A89,0x6248,0x6A48,0x6A27,0x6A07,
  0x61E6,0x61E6,0x6206,0x6A06,0x6A06,0x69E6,0x7227,0x7206,0x7227,0x7227,0x7A47,0x8288,
  0x8AC8,0x8AA8,0x92A8,0x9AE8,0xA309,0xA309,0x9AE8,0x8AA8,0x4166,0x3904,0x30E4,0x3945,
  0x7247,0x6206,0x20E4,0x28C3,0x4145,0x6A06,0x8288,0x2104,0x20C3,0x18A3,0x1883,0x1883,
  0x18A3,0x18A2,0x18C3,0x18C3,0x2925,0x2104,0x18C3,0x2104,0x2104,0x2945,0x2104,0x20E3,
  0x20E3,0x20E3,0x20E3,0x2904,0x3965,0x3125,0x4986,0x30C3,0x20A1,0x5185,0x7228,0x61C6,
  0x4104,0x4185,0x51A6,0x5185,0x51A6,0x59C6,0x59E6,0x51A5,0x4965,0x4145,0x4145,0x4986,
  0x0041,0x0021,0x0041,0x0061,0x0041,0x0862,0x3186,0x18C3,0x0000,0x0000,0x0021,0x0021,
  0x0862,0x0841,0x0021,0x0862,0x10A3,0x0841,0x0841,0x0841,0x0040,0x0861,0x1082,0x2966,
  0x39C7,0x10A2,0x1082,0x10A3,0x2125,0x1082,0x10A2,0x1082,0x18C3,0x10A3,0x0021,0x0020,
  0x0020,0x0000,0x0000,0x0000,0x0000,0x0000,0x0000,0x0000,0x0000,0x0000,0x0000,0x0000,
  0x0000,0x0000,0x0000,0x0000,0x0000,0x0000,0x0000,0x0000,0x0000,0x0000,0x0000,0x0000,
  0x0841,0x18A2,0x1882,0x0800,0x0800,0x0821,0x0821,0x0821,0x0841,0x20C3,0x3145,0x30E4,
  0x30E4,0x3105,0x20A2,0x28E4,0x18A2,0x0862,0x0862,0x18C3,0x18E3,0x1903,0x10A2,0x0841,
  0x0000,0x0000,0x0020,0x0000,0x1062,0x3125,0x28E4,0x2904,0x2904,0x2924,0x1040,0x0820,
  0x1881,0x20E2,0x2903,0x3165,0x1881,0x4A28,0x7B6C,0x3144,0x20C2,0x20A2,0x20C2,0x1020,
  0x3124,0x3904,0x20A2,0x0800,0x18A2,0x10A2,0x0000,0x0000,0x0000,0x0000,0x0000,0x0000,
  0x0000,0x0000,0x0000,0x0000,0x0000,0x0000,0x0000,0x0020,0x0021,0x0000,0x0020,0x0020,
  0x0020,0x0000,0x0020,0x0841,0x18C3,0x10A2,0x2124,0x4A69,0x4A69,0x4A49,0x4A69,0x5ACB,
  0x18E4,0x20E4,0x39E7,0x39E7,0x528A,0x526A,0x526A,0x5A8A,0x5A8A,0x5AAA,0x62AA,0x62AA,
  0x62AA,0x6AAA,0x6ACA,0x72CA,0x72A9,0x72CA,0x72A9,0x6A69,0x6248,0x6227,0x6A07,0x6A07,
  0x6207,0x61E6,0x6A06,0x6A06,0x6A06,0x7227,0x7206,0x7206,0x7227,0x7A47,0x8267,0x8A87,
  0x8AA8,0x92A8,0x92C8,0x9AE8,0x9AE8,0xA329,0x9B08,0x8AC8,0x4145,0x3925,0x4987,0x4144,
  0x7226,0x6248,0x3145,0x4186,0x2904,0x4144,0x51A5,0x20E4,0x20C3,0x20A3,0x18A3,0x1883,
  0x18A3,0x18A2,0x18C3,0x18E4,0x3165,0x2924,0x20E4,0x2104,0x20E4,0x20E4,0x20E4,0x2104,
  0x20E4,0x20E3,0x20E3,0x20E3,0x20C3,0x3104,0x51A6,0x3904,0x28E2,0x59A6,0x69E7,0x4144,
  0x3944,0x4165,0x6207,0x61C6,0x61E7,0x59C6,0x59A6,0x59A6,0x4985,0x4165,0x4165,0x71E6,
  0x0020,0x0041,0x0862,0x0041,0x0841,0x0882,0x0841,0x31A7,0x18E4,0x10A2,0x0041,0x0882,
  0x10A3,0x2966,0x0862,0x0882,0x18E3,0x1082,0x18A3,0x2904,0x18C2,0x10A2,0x0861,0x18C3,
  0x2104,0x18C3,0x2124,0x10A3,0x2124,0x18C3,0x1082,0x10A3,0x1082,0x0021,0x0020,0x0021,
  0x0020,0x0020,0x0020,0x0020,0x0020,0x0020,0x0000,0x0000,0x0000,0x0000,0x0000,0x0000,
  0x0000,0x0000,0x0000,0x0000,0x0000,0x0000,0x0000,0x0821,0x0021,0x0000,0x0000,0x0821,
  0x0800,0x1042,0x20A3,0x20C3,0x1041,0x1062,0x1082,0x1082,0x1082,0x1062,0x1062,0x1882,
  0x1862,0x3105,0x3925,0x30A3,0x30E4,0x28A3,0x2062,0x20E4,0x18C3,0x4207,0x4208,0x39E7,
  0x18E3,0x0000,0x0020,0x0020,0x0000,0x3125,0x4986,0x1040,0x0820,0x20E3,0x20E3,0x18A2,
  0x2903,0x3164,0x2103,0x4A28,0x3145,0x20C2,0x3985,0x41C6,0x3965,0x0820,0x18C2,0x3965,
  0x3145,0x3124,0x28E3,0x20A2,0x0800,0x18A2,0x0821,0x0000,0x0000,0x0000,0x0000,0x0000,
  0x0020,0x0020,0x0001,0x0000,0x0000,0x0000,0x0000,0x0000,0x0000,0x0020,0x0020,0x0021,
  0x0861,0x0841,0x0821,0x0841,0x0861,0x18C3,0x4A69,0x528A,0x4A69,0x4A6A,0x4A6A,0x52AB,
  0x41E8,0x3186,0x3186,0x1061,0x3166,0x5A8B,0x526A,0x5A8A,0x5A8A,0x5A8A,0x62AA,0x62AA,
  0x6289,0x6AAA,0x6AA9,0x72CA,0x72CA,0x72A9,0x7AA9,0x7289,0x6A68,0x6A48,0x6A07,0x61E7,
  0x6A07,0x6A07,0x6A06,0x6A06,0x7206,0x7206,0x69E6,0x6A06,0x7227,0x7A47,0x8267,0x8A87,
  0x8A87,0x92A8,0x92C8,0x9AC8,0x9AC8,0x9AE8,0xA309,0x92E8,0x4145,0x3925,0x4166,0x28C3,
  0x6A47,0x59E6,0x2905,0x4165,0x2924,0x5A06,0x3945,0x20E4,0x20A3,0x20A3,0x20A3,0x20C3,
  0x20C3,0x20A3,0x20C3,0x18E4,0x2945,0x3145,0x2904,0x18C3,0x20C3,0x20E4,0x20E4,0x2104,
  0x20E4,0x20E4,0x2104,0x20C3,0x20C3,0x28E4,0x51A6,0x4145,0x28C2,0x4144,0x4965,0x4164,
  0x3944,0x4145,0x6207,0x7226,0x71E6,0x8268,0x61A5,0x51C5,0x4986,0x4186,0x4986,0x69E5,
  0x0000,0x0861,0x18C3,0x0841,0x0021,0x1904,0x0841,0x10C3,0x2966,0x2125,0x0861,0x0041,
  0x0862,0x18C3,0x0882,0x0021,0x0021,0x0862,0x0041,0x3104,0x2924,0x1904,0x3186,0x2945,
  0x10A2,0x18C3,0x2104,0x10A3,0x18E4,0x18C3,0x10A2,0x2125,0x1082,0x0000,0x0000,0x0000,
  0x0000,0x0021,0x0041,0x0020,0x0000,0x0000,0x0000,0x0000,0x0000,0x0000,0x0000,0x0000,
  0x0000,0x0000,0x0000,0x0000,0x0821,0x0821,0x0821,0x0841,0x0841,0x0821,0x0020,0x0821,
  0x0821,0x0821,0x0800,0x20A3,0x1862,0x0800,0x0821,0x0821,0x0821,0x0821,0x0000,0x0841,
  0x0841,0x0861,0x2103,0x1061,0x1021,0x0800,0x1082,0x39C7,0x4A49,0x31A6,0x5289,0x4A49,
  0x1062,0x0820,0x0000,0x0000,0x0000,0x1862,0x28C3,0x0820,0x10A2,0x18C3,0x2104,0x18C3,
  0x3145,0x41E6,0x5248,0x20C2,0x1881,0x20E3,0x1040,0x3185,0x20C2,0x6B2B,0x736C,0x49E7,
  0x3144,0x5248,0x3965,0x3144,0x1881,0x0820,0x0841,0x0000,0x0000,0x0000,0x0000,0x0000,
  0x0021,0x0021,0x0021,0x0021,0x0000,0x0000,0x0000,0x0000,0x0020,0x0020,0x0020,0x0020,
  0x0841,0x0841,0x0000,0x1082,0x2945,0x39C7,0x52AB,0x528A,0x4A6A,0x4A6A,0x528A,0x528B,
  0x52AB,0x5AAB,0x5ACB,0x528A,0x3165,0x41C7,0x5AAA,0x5A8A,0x5A8A,0x5A8A,0x628A,0x62AA,
  0x62AA,0x6AA9,0x6ACA,0x72EA,0x72EA,0x7AEA,0x82CA,0x7289,0x6A48,0x6A27,0x59C6,0x6207,
  0x6A07,0x6A27,0x7227,0x7206,0x7A27,0x7A47,0x51A4,0x4983,0x7227,0x7A47,0x8267,0x92A8,
  0x9288,0x9288,0x92A8,0x92A8,0x9AE8,0x9AC8,0x9AE8,0x92E9,0x4144,0x3904,0x3925,0x28C3,
  0x61E6,0x4964,0x20E4,0x4166,0x3145,0x4185,0x3965,0x28E4,0x20A3,0x20A3,0x28E4,0x2904,
  0x20A3,0x18A2,0x20C3,0x20E4,0x2924,0x3145,0x2925,0x20C3,0x18C3,0x20E4,0x20E4,0x2104,
  0x2104,0x2904,0x2925,0x20E3,0x18C3,0x20E3,0x4165,0x4966,0x28C3,0x3924,0x4965,0x4144,
  0x3944,0x3944,0x61E6,0x92E8,0xCC6E,0xA32A,0x69E6,0x51A5,0x49A5,0x4165,0x4986,0x7206,
  0x0041,0x0841,0x0862,0x0841,0x0021,0x1082,0x18E4,0x0061,0x10C3,0x10C3,0x10A3,0x0041,
  0x0882,0x0041,0x0841,0x0841,0x0862,0x10C3,0x10C3,0x18A3,0x10C3,0x31A6,0x18E4,0x3186,
  0x4208,0x31A6,0x18C3,0x18C3,0x10A2,0x1082,0x10A3,0x2124,0x1904,0x0841,0x0020,0x0000,
  0x0000,0x0021,0x0041,0x0021,0x0000,0x0000,0x0000,0x0000,0x0000,0x0000,0x0000,0x0000,
  0x0000,0x0000,0x0000,0x0000,0x0000,0x0000,0x0000,0x0000,0x0000,0x0021,0x0000,0x0000,
  0x0000,0x0821,0x0800,0x0800,0x1882,0x1061,0x0020,0x0000,0x0000,0x0000,0x0000,0x0000,
  0x0000,0x0000,0x0000,0x0882,0x0861,0x0041,0x0020,0x2145,0x52CB,0x2986,0x3186,0x3945,
  0x30C3,0x1020,0x0800,0x0000,0x0000,0x0820,0x0841,0x1041,0x1882,0x18A2,0x1882,0x1061,
  0x2944,0x18A2,0x2944,0x3165,0x1881,0x2923,0x18C2,0x1061,0x736D,0x83CE,0x4A27,0x6B0B,
  0x4207,0x39A5,0x3185,0x2903,0x20E3,0x0820,0x1061,0x0000,0x0000,0x0000,0x0000,0x0000,
  0x0001,0x0021,0x0021,0x0021,0x0000,0x0000,0x0000,0x0000,0x0020,0x0021,0x0021,0x0021,
  0x0841,0x0821,0x2124,0x528A,0x4A69,0x4208,0x52AA,0x4A6A,0x4A6A,0x4A6A,0x528A,0x528A,
  0x528A,0x528A,0x528A,0x528A,0x5A8A,0x4A28,0x5289,0x5A89,0x5A8A,0x5A8A,0x628A,0x6289,
  0x62A9,0x62A9,0x6AAA,0x6AA9,0x72A9,0x7ACA,0x82AA,0x7268,0x6A27,0x6A27,0x6A06,0x6A07,
  0x6A07,0x7206,0x7227,0x7207,0x7227,0x7227,0x6A06,0x69E5,0x7206,0x7206,0x8A67,0x92A8,
  0x92A8,0x9267,0x8A87,0x9AC8,0x9AE9,0x9AE8,0x9AC8,0x8288,0x3924,0x3104,0x3905,0x20A2,
  0x59C5,0x4985,0x20E3,0x4985,0x3925,0x18C4,0x2125,0x3105,0x28A3,0x28A3,0x30E4,0x28E4,
  0x18A2,0x18A2,0x18A3,0x20E4,0x20C3,0x20E3,0x20E4,0x18E3,0x18E3,0x2104,0x2104,0x2924,
  0x2924,0x2925,0x2945,0x20E4,0x20E3,0x20E3,0x3124,0x3945,0x28C2,0x30E3,0x4965,0x4165,
  0x4164,0x3944,0x69A5,0xCC4D,0xCC0D,0x8247,0x59E6,0x51A6,0x4985,0x4165,0x59E6,0x61E6,
  0x0041,0x0841,0x0862,0x1082,0x0021,0x0021,0x08A3,0x1904,0x10C3,0x10A3,0x10A3,0x0882,
  0x0020,0x0021,0x0841,0x0862,0x0882,0x1082,0x0882,0x18C3,0x18C3,0x2945,0x3186,0x2966,
  0x52AA,0x4208,0x4A29,0x31A6,0x0020,0x1082,0x1082,0x1082,0x18E3,0x10C3,0x0841,0x0000,
  0x0000,0x0021,0x0020,0x0000,0x0000,0x0000,0x0000,0x0000,0x0000,0x0000,0x0000,0x0000,
  0x0000,0x0000,0x0000,0x0000,0x0000,0x0000,0x0000,0x0000,0x0000,0x0841,0x0000,0x0000,
  0x0000,0x0000,0x0000,0x0000,0x0000,0x0841,0x0041,0x0020,0x0020,0x0020,0x0841,0x0020,
  0x0020,0x0000,0x0000,0x0000,0x0000,0x0020,0x0000,0x0020,0x0861,0x18C3,0x18A2,0x20C3,
  0x0820,0x0820,0x0820,0x0000,0x0000,0x0841,0x0820,0x0841,0x1062,0x1061,0x1062,0x1041,
  0x39C7,0x39C7,0x1882,0x3165,0x20C2,0x0861,0x0020,0x62EA,0x7BAE,0x5268,0x9C90,0x8C0E,
  0x5AA9,0x5268,0x5289,0x20E3,0x18C2,0x1061,0x1061,0x10A2,0x0000,0x0000,0x0000,0x0000,
  0x0000,0x0021,0x0021,0x0021,0x0021,0x0021,0x0021,0x0021,0x1082,0x0841,0x0841,0x0841,
  0x0861,0x10A3,0x39E8,0x4A69,0x4A89,0x528A,0x528A,0x528A,0x4A6A,0x4A6A,0x528A,0x528A,
  0x528A,0x528A,0x528A,0x528A,0x5A8A,0x5AAA,0x5A89,0x5A89,0x5A8A,0x5A8A,0x5A89,0x6289,
  0x62A9,0x62AA,0x6AA9,0x6ACA,0x6AA9,0x7289,0x7268,0x6A27,0x6227,0x6A27,0x61E6,0x59C5,
  0x6206,0x7206,0x7206,0x7206,0x7206,0x7206,0x7226,0x7227,0x7A47,0x7A26,0x92A8,0x9287,
  0x92A7,0x7A47,0x6206,0x8AC8,0x9AE8,0xA309,0x92C8,0x7A47,0x3924,0x3104,0x30E4,0x20A3,
  0x59C6,0x59A6,0x4185,0x3964,0x7289,0x3104,0x2104,0x3104,0x28C3,0x28C3,0x28C3,0x28C4,
  0x20C3,0x18A3,0x18A3,0x18C3,0x20C3,0x18C3,0x18C3,0x2104,0x18E3,0x2104,0x2924,0x2924,
  0x2904,0x2104,0x3145,0x3145,0x20E4,0x20E3,0x2904,0x2904,0x3904,0x4144,0x4965,0x49A6,
  0x4985,0x3124,0x7226,0xBBCB,0x71E5,0x6207,0x59C6,0x51A5,0x4985,0x49A5,0x51A6,0x51A6,
  0x0000,0x0021,0x0841,0x0841,0x0041,0x0841,0x1904,0x18E4,0x10C3,0x2125,0x10C3,0x10C3,
  0x10A3,0x0862,0x0041,0x0862,0x1082,0x0862,0x1082,0x10A3,0x0882,0x3186,0x18C3,0x2965,
  0x630C,0x5269,0x5269,0x5289,0x3186,0x0841,0x0861,0x10A2,0x10C3,0x18E3,0x1082,0x0000,
  0x0000,0x0020,0x0020,0x0000,0x0000,0x0000,0x0000,0x0000,0x0000,0x0000,0x0000,0x0000,
  0x0000,0x0000,0x0000,0x0000,0x0000,0x0000,0x0000,0x0000,0x0000,0x0841,0x0861,0x0020,
  0x0000,0x0000,0x0021,0x0020,0x0020,0x0020,0x0040,0x0041,0x0841,0x0841,0x0021,0x0821,
  0x0021,0x0000,0x0000,0x0000,0x0000,0x0000,0x0020,0x0041,0x1061,0x0861,0x1081,0x18A2,
  0x0841,0x0000,0x0000,0x0000,0x0020,0x0841,0x20E3,0x18A2,0x1062,0x1062,0x18A2,0x18C3,
  0x20C3,0x41C7,0x18A2,0x1881,0x18C2,0x0840,0x2124,0x736C,0x4A28,0xB554,0x9CB0,0x7B8C,
  0x6B2B,0x2944,0x3185,0x39A5,0x18C2,0x1061,0x1061,0x3986,0x0841,0x0000,0x0001,0x0000,
  0x0000,0x0021,0x0021,0x0020,0x0021,0x0021,0x0041,0x0841,0x1082,0x0861,0x0821,0x0862,
  0x2124,0x39E8,0x4229,0x4A69,0x4A8A,0x4A6A,0x528A,0x528A,0x4A6A,0x526A,0x528A,0x528A,
  0x526A,0x528A,0x5A8A,0x5A8A,0x5A8A,0x5AAA,0x5A8A,0x5A8A,0x5A89,0x628A,0x6289,0x6289,
  0x62A9,0x6AA9,0x6AA9,0x6A89,0x6A88,0x6A68,0x6A47,0x6227,0x6A27,0x6A27,0x61E6,0x51C5,
  0x61E6,0x7207,0x7206,0x7226,0x7226,0x7226,0x7226,0x7206,0x7A46,0x8A87,0x92A8,0x9287,
  0x9AA8,0x8268,0x6A47,0x8AA8,0xA2E8,0xA309,0x8AA8,0x8268,0x4144,0x30E3,0x30C3,0x28A3,
  0x51A6,0x59A6,0x59C7,0x3964,0x6228,0x3144,0x2104,0x28E4,0x30A3,0x5165,0x4904,0x28C3,
  0x28E3,0x20C3,0x18A3,0x20C3,0x20E4,0x20E4,0x18A3,0x2104,0x2104,0x20E3,0x3185,0x3144,
  0x2924,0x2924,0x2924,0x2904,0x2904,0x20E3,0x3145,0x2924,0x4985,0x59C6,0x5185,0x49A5,
  0x4985,0x3944,0x6A05,0xB36A,0x7A47,0x6207,0x59C6,0x59A6,0x3944,0x4985,0x51A6,0x51A5,
  0x0021,0x0001,0x0021,0x0021,0x0041,0x0020,0x1904,0x2125,0x10A3,0x2125,0x1904,0x10A3,
  0x10A3,0x10A3,0x18E4,0x10A3,0x0862,0x0882,0x10A3,0x10A3,0x10A3,0x2124,0x18E3,0x18E3,
  0x5269,0x4208,0x7BEE,0x736D,0x4A48,0x5289,0x0841,0x2925,0x1082,0x2125,0x1082,0x0000,
  0x0000,0x0020,0x0021,0x0000,0x0000,0x0000,0x0000,0x0000,0x0000,0x0000,0x0000,0x0000,
  0x0000,0x0000,0x0000,0x0000,0x0000,0x0000,0x0000,0x0000,0x0000,0x0000,0x0000,0x0020,
  0x0000,0x0001,0x0000,0x0000,0x0000,0x0020,0x0020,0x0020,0x0000,0x0000,0x0021,0x0020,
  0x0000,0x0000,0x0000,0x0000,0x0000,0x0000,0x0020,0x0820,0x1081,0x18A2,0x0841,0x1082,
  0x0861,0x0841,0x0820,0x0000,0x0020,0x0000,0x2925,0x2925,0x1062,0x1882,0x1062,0x1082,
  0x1061,0x2104,0x1082,0x1061,0x1082,0x0820,0x4A28,0x4207,0x5ACA,0x9CB1,0xBD94,0x6B0B,
  0x4A48,0x41E6,0x20E2,0x20E3,0x3985,0x2924,0x0820,0x18C3,0x0861,0x0000,0x0001,0x0000,
  0x0020,0x0021,0x0020,0x0020,0x0020,0x0020,0x0021,0x0841,0x0841,0x0821,0x2125,0x2124,
  0x31A7,0x4A49,0x4A69,0x4A69,0x4A69,0x4A6A,0x4A6A,0x528A,0x528A,0x528A,0x528A,0x528A,
  0x526A,0x526A,0x5AAA,0x5AAA,0x5A8A,0x5A8A,0x5A8A,0x5A8A,0x5A89,0x5A89,0x62AA,0x62AA,
  0x62A9,0x6A89,0x6A89,0x6A68,0x6A68,0x6A48,0x6227,0x6A27,0x7227,0x7227,0x7227,0x7227,
  0x7207,0x7A27,0x7A27,0x7A27,0x7A26,0x7226,0x7226,0x7A26,0x7A46,0x8A67,0x92A8,0x9288,
  0x9AA8,0x92C8,0x8AC8,0x9AE8,0xAB09,0x9AE8,0x8A88,0x82A9,0x4144,0x28C3,0x38E3,0x28A3,
  0x4986,0x4985,0x59E7,0x6208,0x4145,0x2124,0x2104,0x28E4,0x3083,0x71A7,0x6165,0x20A2,
  0x2904,0x20A2,0x18A3,0x20C3,0x20E4,0x20E4,0x18A3,0x2104,0x2924,0x2924,0x3144,0x3145,
  0x3145,0x3145,0x3125,0x2904,0x2904,0x2904,0x3125,0x2904,0x4165,0x59A6,0x51A6,0x51A5,
  0x5185,0x4164,0x8266,0xA2A7,0x9AC8,0x7A27,0x61C6,0x59C6,0x4164,0x49A6,0x5186,0x5185,
  0x0021,0x0021,0x0021,0x0041,0x0041,0x0021,0x10A3,0x2966,0x18E4,0x10A3,0x0882,0x0041,
  0x0861,0x10A3,0x0841,0x18E4,0x2986,0x0862,0x0862,0x10A3,0x1082,0x1082,0x3145,0x2924,
  0x4A08,0x4A28,0x4A27,0x83CE,0x6B4C,0x4228,0x4A69,0x18C3,0x18C3,0x2945,0x10A3,0x0841,
  0x0021,0x0020,0x0021,0x0000,0x0000,0x0000,0x0000,0x0000,0x0000,0x0000,0x0000,0x0000,
  0x0000,0x0000,0x10A2,0x0841,0x0000,0x0000,0x0000,0x0000,0x0000,0x0021,0x0882,0x0882,
  0x10A3,0x10A3,0x18A3,0x10A3,0x10C3,0x0000,0x0020,0x0020,0x0000,0x0000,0x0000,0x0000,
  0x0000,0x0020,0x0000,0x0000,0x0000,0x0000,0x0000,0x0821,0x0020,0x0841,0x0000,0x0020,
  0x0821,0x0020,0x0020,0x0020,0x0020,0x1062,0x1062,0x1061,0x1081,0x18A2,0x1081,0x1041,
  0x0841,0x1061,0x0840,0x2924,0x1081,0x20E3,0x4A48,0x2944,0x840F,0x9491,0x62EA,0x5248,
  0xA4F2,0xB574,0x3985,0x39A6,0x3165,0x3145,0x1082,0x1082,0x0841,0x0000,0x0001,0x0000,
  0x0020,0x0020,0x0020,0x0020,0x0020,0x0020,0x0021,0x0861,0x0861,0x18C3,0x4A49,0x4208,
  0x4A49,0x4229,0x4A69,0x4A69,0x4A6A,0x4A6A,0x4A6A,0x526A,0x528A,0x528A,0x528A,0x528A,
  0x526A,0x526A,0x5A8A,0x5AAA,0x5AAA,0x62CA,0x5A89,0x5A69,0x5A69,0x6289,0x6289,0x62AA,
  0x62AA,0x6269,0x6228,0x6228,0x6247,0x6227,0x6227,0x6A27,0x7227,0x7227,0x7A48,0x7A27,
  0x7A27,0x7A47,0x7A47,0x7A27,0x7A26,0x7226,0x7A26,0x8226,0x8246,0x7A05,0x8A87,0x9AA8,
  0x9AC8,0x9AC8,0x9AE8,0xAB29,0xBB6A,0xA2E9,0x9288,0x8AC9,0x4164,0x28E2,0x4104,0x4965,
  0x4165,0x4985,0x4985,0x6248,0x3945,0x2124,0x2904,0x2904,0x30A3,0x5145,0x6985,0x5124,
  0x28C3,0x20A3,0x1882,0x20A3,0x20E3,0x2104,0x20E4,0x20E4,0x2904,0x3145,0x2904,0x3144,
  0x3965,0x3145,0x3125,0x3124,0x3124,0x3965,0x3145,0x28E3,0x3103,0x5185,0x59C5,0x59C5,
  0x61E6,0x61E6,0xAB08,0xCBA9,0xA2E8,0x7206,0x61C6,0x59E7,0x4144,0x4165,0x5186,0x5186,
  0x0841,0x0000,0x0862,0x0882,0x0041,0x0041,0x0042,0x1905,0x1905,0x0882,0x0021,0x0041,
  0x0862,0x31C7,0x10A3,0x0000,0x18C3,0x39C7,0x0882,0x0841,0x0882,0x1062,0x20C3,0x3125,
  0x41E7,0x4A48,0x4A48,0x83EF,0xA4D2,0x39C6,0x39A6,0x2965,0x18E3,0x2104,0x18C3,0x0841,
  0x0041,0x0000,0x0021,0x0041,0x0021,0x0021,0x0000,0x0000,0x0000,0x0000,0x0000,0x0000,
  0x0020,0x0020,0x0061,0x0861,0x0000,0x0021,0x0021,0x0021,0x0041,0x0882,0x0861,0x0861,
  0x0862,0x1083,0x18E4,0x2125,0x10C3,0x0021,0x0041,0x0041,0x0021,0x0021,0x0020,0x0000,
  0x0020,0x0021,0x0020,0x0000,0x0000,0x0000,0x0821,0x2945,0x2104,0x18E3,0x18E3,0x3186,
  0x0861,0x0000,0x0000,0x0020,0x0020,0x0861,0x18A3,0x20C3,0x1081,0x1081,0x0820,0x0820,
  0x1081,0x18C2,0x20E3,0x2103,0x0840,0x39A6,0x41E7,0x3985,0x5AAA,0x4A28,0x3985,0x736C,
  0xD657,0xAD33,0x5268,0x41E7,0x2924,0x2944,0x20E3,0x0841,0x1082,0x0000,0x0020,0x0020,
  0x0020,0x0021,0x0020,0x0020,0x0020,0x0021,0x0841,0x10A2,0x2945,0x3165,0x39C7,0x4A69,
  0x4A49,0x4A49,0x4A69,0x4A69,0x4A6A,0x4A6A,0x4A6A,0x526A,0x528A,0x528A,0x5289,0x526A,
  0x526A,0x528A,0x5A8A,0x5A89,0x5A89,0x5AAA,0x5A89,0x5A68,0x5A69,0x5A89,0x6289,0x62AA,
  0x62AA,0x5A48,0x5A08,0x6207,0x6207,0x6227,0x6227,0x7207,0x7227,0x7A48,0x7A67,0x7A27,
  0x8247,0x8247,0x8247,0x8247,0x7A26,0x7A26,0x8247,0x8A66,0x9287,0x92C8,0x9288,0x92A8,
  0x9AE9,0x9AC8,0xA2E8,0xAB4A,0xA329,0x8246,0x8A88,0x82A8,0x49A4,0x59E7,0x4986,0x6A48,
  0x4986,0x4985,0x4144,0x49E7,0x3144,0x2924,0x3145,0x3124,0x28C3,0x30A3,0x6144,0x6965,
  0x2882,0x20A2,0x1882,0x2924,0x3165,0x20E3,0x18C3,0x20C3,0x20E3,0x2924,0x3145,0x3124,
  0x3124,0x3145,0x3124,0x3145,0x3124,0x3124,0x3124,0x2904,0x28E3,0x4965,0x7226,0x7A27,
  0x7A27,0x71E7,0xAAE7,0xCBE9,0x8226,0x69C5,0x69E6,0x59C7,0x3104,0x3104,0x3144,0x3145,
  0x0021,0x0041,0x0861,0x0862,0x0041,0x0862,0x0021,0x10A3,0x2145,0x0882,0x1082,0x2145,
  0x08A3,0x39E8,0x2946,0x1083,0x0021,0x18C3,0x528A,0x18E4,0x0882,0x10A3,0x2945,0x31A6,
  0x39E7,0x2965,0x0840,0x62CB,0xA513,0x5289,0x4A69,0x2945,0x10A3,0x2104,0x18C3,0x0861,
  0x0000,0x0021,0x0862,0x0041,0x0021,0x0001,0x0021,0x0000,0x0000,0x0000,0x0000,0x0000,
  0x0020,0x0020,0x0041,0x0041,0x0020,0x0020,0x0021,0x0841,0x0862,0x0861,0x0882,0x0862,
  0x0041,0x0842,0x0842,0x10A3,0x0000,0x0861,0x0861,0x0862,0x1082,0x1082,0x1082,0x10A2,
  0x18C3,0x18E4,0x18C3,0x0862,0x0861,0x0841,0x0862,0x0862,0x1082,0x1082,0x1082,0x4A28,
  0x20E3,0x0000,0x0020,0x0000,0x0000,0x0841,0x0841,0x1061,0x1082,0x3185,0x41E7,0x1082,
  0x18A2,0x20E3,0x1081,0x0000,0x0000,0x39C7,0x2103,0x41E7,0x4A48,0x18C3,0x3986,0x7BCD,
  0x62C9,0xAD33,0x736C,0x3185,0x39A6,0x2904,0x2924,0x1082,0x0841,0x0000,0x0020,0x0020,
  0x0021,0x0021,0x0041,0x0041,0x0021,0x0882,0x18E3,0x2103,0x2924,0x3185,0x2924,0x4228,
  0x4A49,0x4A69,0x4A69,0x4A49,0x4A4A,0x4A6A,0x4A6A,0x4A6A,0x4A6A,0x528A,0x528A,0x5269,
  0x526A,0x5A8A,0x5A89,0x5269,0x5269,0x5A69,0x5A69,0x5A69,0x5A69,0x5A69,0x6289,0x6289,
  0x6289,0x6248,0x6228,0x6208,0x6208,0x6227,0x6A27,0x7228,0x7A48,0x6A06,0x7A47,0x7A27,
  0x8247,0x8227,0x8247,0x8247,0x8247,0x8246,0x8A67,0x9A87,0x9287,0x92C8,0x9288,0x92A8,
  0x9AC8,0xA2E9,0xAB09,0xB34A,0x9AE8,0x7A67,0x82A7,0x7A88,0x51C5,0x61E7,0x49A6,0x51E6,
  0x49A6,0x4165,0x49A6,0x41A6,0x2924,0x2924,0x3145,0x3104,0x28A3,0x30C3,0x5964,0x6965,
  0x30C3,0x20A2,0x18A2,0x2904,0x3124,0x3124,0x20E4,0x18C3,0x20E3,0x2924,0x3965,0x3965,
  0x2904,0x3124,0x3124,0x3124,0x3124,0x3944,0x3124,0x2904,0x28E3,0x3944,0x7227,0x8227,
  0x92E9,0x6A26,0xAB27,0xDC8B,0x7A05,0x71E6,0x69E6,0x51A6,0x2904,0x2924,0x3145,0x2925,
  0x0041,0x0862,0x0021,0x0020,0x0041,0x0021,0x0000,0x0021,0x1083,0x10A3,0x10A3,0x1904,
  0x08A3,0x29A7,0x31C7,0x2125,0x18E4,0x0000,0x2104,0x18E4,0x18E4,0x1082,0x2145,0x2124,
  0x39E7,0x4248,0x39E7,0x18C2,0x2924,0x20E3,0x39E7,0x39E7,0x18C3,0x18C3,0x18C3,0x1082,
  0x0000,0x0021,0x0862,0x0041,0x0021,0x0841,0x0021,0x0000,0x0000,0x0000,0x0000,0x0000,
  0x0000,0x0841,0x0041,0x0020,0x0000,0x0020,0x0021,0x0021,0x0841,0x0041,0x10C3,0x0862,
  0x0841,0x0021,0x0882,0x10A3,0x0000,0x0861,0x1082,0x10A2,0x1082,0x0861,0x0841,0x0841,
  0x0841,0x0841,0x0841,0x0021,0x0821,0x0821,0x0841,0x0021,0x0000,0x0000,0x0000,0x0861,
  0x2945,0x2965,0x18E3,0x2104,0x20E3,0x18C3,0x0861,0x0000,0x0000,0x10A2,0x3165,0x39C7,
  0x1061,0x2924,0x2104,0x0820,0x18A2,0x39A6,0x2924,0x4A48,0x41E7,0x0820,0x3165,0x736C,
  0x3184,0x3164,0x5268,0x3165,0x39A6,0x5AAA,0x2945,0x18C3,0x0020,0x0021,0x0041,0x0041,
  0x0041,0x0841,0x0861,0x0861,0x0841,0x0841,0x2124,0x18A2,0x18A2,0x3165,0x3145,0x41E7,
  0x4A28,0x4A69,0x4A6A,0x4A6A,0x4A6A,0x4A6A,0x4A6A,0x4A6A,0x4A6A,0x526A,0x526A,0x5269,
  0x5269,0x5A8A,0x5A89,0x5269,0x5A69,0x5A89,0x5A69,0x5A69,0x5A69,0x5A69,0x6269,0x6289,
  0x6A89,0x6248,0x6228,0x6228,0x6A07,0x7206,0x7227,0x59C6,0x6A47,0x51C5,0x8247,0x7A26,
  0x8247,0x8247,0x8A47,0x8A47,0x9288,0x9267,0x9267,0x9AA7,0x9AA8,0x92A8,0x9287,0x9AE9,
  0x9AE8,0x8247,0x9B0A,0xBB4B,0x92C8,0x82A7,0x82A7,0x7AA8,0x59E6,0x49A6,0x51C6,0x51C6,
  0x49A6,0x3944,0x5207,0x4186,0x2904,0x3144,0x3965,0x3104,0x28A3,0x38E4,0x4103,0x5944,
  0x30C3,0x28A2,0x18C2,0x18C3,0x30E4,0x59C6,0x4944,0x2904,0x2924,0x20E3,0x4145,0x3104,
  0x2904,0x3104,0x41A6,0x3124,0x3104,0x3945,0x3945,0x3945,0x3104,0x3103,0x51C5,0x92A8,
  0xA389,0x41A4,0xCCAE,0xD44B,0x71E5,0x7A06,0x71E6,0x51A6,0x2924,0x2924,0x3124,0x3945,
  0x0841,0x0021,0x0841,0x0021,0x0021,0x0862,0x0862,0x0021,0x0000,0x0841,0x0842,0x0862,
  0x0883,0x2146,0x31A7,0x2145,0x4249,0x31A7,0x0841,0x2125,0x4A8A,0x39C7,0x0882,0x18E3,
  0x1904,0x2104,0x73AE,0x2124,0x5289,0xA514,0x738E,0x4207,0x18C3,0x1061,0x10A3,0x18C3,
  0x0000,0x0041,0x10A3,0x0041,0x0041,0x0021,0x0000,0x0000,0x0000,0x0000,0x0020,0x0021,
  0x0020,0x10A2,0x1904,0x0020,0x0000,0x0020,0x0021,0x0041,0x0021,0x0021,0x1082,0x18C3,
  0x0862,0x0862,0x0882,0x10A2,0x0020,0x0882,0x0882,0x1082,0x1082,0x0862,0x1082,0x0841,
  0x0862,0x0882,0x0862,0x0021,0x0020,0x0020,0x0000,0x0021,0x0000,0x0000,0x0000,0x0820,
  0x20E4,0x3186,0x18A2,0x0861,0x1082,0x1082,0x0841,0x0000,0x0020,0x0861,0x0000,0x20E3,
  0x2945,0x3165,0x3165,0x0820,0x2924,0x2945,0x18C3,0x39A6,0x2944,0x0820,0x2104,0x6B2B,
  0x9490,0x2924,0x2103,0x3165,0x20E3,0x62EB,0x3165,0x18C2,0x0000,0x0020,0x0882,0x0882,
  0x0841,0x0841,0x0841,0x0841,0x0041,0x0841,0x2944,0x18A2,0x0820,0x2904,0x39A6,0x4207,
  0x4A49,0x4229,0x4A49,0x526A,0x526A,0x4A6A,0x4A6A,0x4A6A,0x4A69,0x526A,0x526A,0x5A8A,
  0x5269,0x5A8A,0x5A89,0x5269,0x5A69,0x5A69,0x5248,0x5A28,0x6269,0x5A69,0x6269,0x6269,
  0x6A89,0x6A68,0x6227,0x6227,0x6A06,0x8247,0x8228,0x4164,0x3163,0x5185,0x8A47,0x7206,
  0x8247,0x8A67,0x8267,0x8A67,0x8226,0x9287,0x9AC8,0x9AA7,0x9AA8,0x92A7,0x92A7,0x8A87,
  0x92C8,0x6226,0x7267,0xA32A,0x82A7,0x8AC8,0x8AC8,0x6A26,0x49A5,0x51C6,0x51C6,0x51C6,
  0x51C6,0x3965,0x4165,0x3945,0x3124,0x3965,0x3125,0x3124,0x28C3,0x28C2,0x30C2,0x40E3,
  0x28C2,0x28A2,0x20C3,0x20E3,0x30E4,0x6A06,0x7A47,0x3124,0x2103,0x18C2,0x3945,0x4186,
  0x20C2,0x2904,0x3145,0x2903,0x3104,0x3124,0x3944,0x4166,0x4145,0x3925,0x4123,0x9B49,
  0xA389,0x1861,0x82C8,0xB3A9,0x71C5,0x7A06,0x7206,0x4185,0x2924,0x2904,0x2904,0x3125,
  0x0041,0x0841,0x0841,0x0021,0x0041,0x18C3,0x18E4,0x1082,0x0841,0x0021,0x0000,0x18E4,
  0x1904,0x1083,0x2987,0x2966,0x18E3,0x1904,0x10A2,0x1082,0x4249,0x4248,0x10A2,0x18E3,
  0x18E4,0x2144,0x632C,0x6B4D,0xA4F3,0xC617,0xA4D2,0x4A28,0x20C2,0x1081,0x0861,0x18C3,
  0x0000,0x0841,0x0862,0x0041,0x0041,0x0841,0x0020,0x0000,0x0020,0x0020,0x0020,0x0020,
  0x0020,0x0041,0x0862,0x0020,0x0020,0x0020,0x0041,0x0841,0x0021,0x0021,0x0861,0x1904,
  0x10C3,0x0862,0x18E4,0x0882,0x0841,0x1082,0x1082,0x0862,0x18E3,0x2104,0x2965,0x39E8,
  0x0882,0x0882,0x0882,0x0862,0x10A2,0x0020,0x0021,0x0000,0x0000,0x0020,0x0000,0x0861,
  0x2103,0x1081,0x2944,0x1081,0x0820,0x0841,0x0000,0x0000,0x0841,0x0840,0x0840,0x1081,
  0x18A1,0x1061,0x18C3,0x0820,0x2104,0x2945,0x1903,0x2124,0x1061,0x1061,0x2103,0x39C6,
  0x738D,0x736D,0x5AA9,0x20E2,0x2923,0x83EE,0x3185,0x1082,0x0820,0x0000,0x0041,0x1082,
  0x0841,0x0000,0x0000,0x0841,0x0020,0x0841,0x2924,0x2944,0x1881,0x18A2,0x2924,0x3185,
  0x4207,0x528A,0x4A69,0x526A,0x4A6A,0x4A6A,0x4A69,0x4A69,0x4A6A,0x5269,0x5269,0x5269,
  0x5269,0x5A8A,0x5269,0x5269,0x5A69,0x5A89,0x49E7,0x51E7,0x628A,0x5A69,0x6269,0x6269,
  0x6268,0x6A68,0x6248,0x6A27,0x7207,0x7A48,0x7A27,0x51C4,0x18A2,0x51A5,0x8A66,0x7206,
  0x8267,0x9287,0x7A47,0x51A5,0x69E5,0x9AC7,0xAB08,0x9AA7,0x9AA7,0x92A7,0x92A7,0x92A7,
  0x9AE8,0x7227,0x61A4,0x92C8,0x8AA8,0x92C8,0x8AC8,0x51A5,0x49A5,0x51C6,0x51E7,0x51E7,
  0x51C6,0x3965,0x4165,0x3945,0x3145,0x3965,0x3945,0x3945,0x28C3,0x28A3,0x28A2,0x3104,
  0x28C3,0x28A3,0x20C3,0x20E3,0x2904,0x28E3,0x4186,0x2904,0x2103,0x20E3,0x20E3,0x49A6,
  0x3124,0x2924,0x3144,0x3124,0x28E3,0x3124,0x28E3,0x3104,0x3924,0x3945,0x4124,0x6247,
  0x9B6B,0x7226,0xA36A,0xA2E7,0x8226,0x8226,0x6A06,0x4185,0x3965,0x2904,0x28E4,0x28E4,
  0x0841,0x0862,0x0882,0x0041,0x0041,0x0882,0x0862,0x0882,0x0841,0x0021,0x0021,0x0862,
  0x0882,0x0041,0x10A3,0x10C3,0x0041,0x0882,0x0861,0x0000,0x0841,0x1082,0x0882,0x10C3,
  0x18C3,0x2965,0x31A6,0x52AA,0x4A28,0x736C,0x9491,0x3985,0x1040,0x1061,0x1082,0x10A3,
  0x0000,0x0882,0x0862,0x0841,0x0021,0x0041,0x0021,0x0000,0x0020,0x0020,0x0020,0x0020,
  0x0020,0x0020,0x0021,0x0020,0x0020,0x0021,0x0021,0x0021,0x0020,0x0021,0x0020,0x0021,
  0x0021,0x0000,0x10C3,0x0862,0x0862,0x10A3,0x10A2,0x0862,0x18C3,0x1082,0x2124,0x52AB,
  0x1904,0x0041,0x0882,0x0862,0x0862,0x0861,0x0841,0x31A6,0x2986,0x0841,0x0861,0x18C3,
  0x2124,0x18C3,0x1081,0x5AAA,0x2965,0x0000,0x0000,0x0820,0x0861,0x2103,0x3185,0x20E2,
  0x18C2,0x1081,0x1061,0x0000,0x20E3,0x18E3,0x2103,0x1081,0x0840,0x0820,0x0840,0x0000,
  0x0000,0x0861,0x738D,0x41E6,0x4A07,0x8C2F,0x5268,0x18C2,0x18C3,0x0000,0x0000,0x0861,
  0x0020,0x0000,0x0000,0x0821,0x0020,0x0020,0x2124,0x3185,0x2903,0x3145,0x2944,0x2103,
  0x41E7,0x4208,0x4A28,0x4A49,0x4A6A,0x4A49,0x4A49,0x4A6A,0x526A,0x5249,0x5269,0x5269,
  0x5269,0x5249,0x5249,0x5249,0x5249,0x5A69,0x49E7,0x5A49,0x6ACB,0x5A69,0x6249,0x6248,
  0x6248,0x6268,0x6A48,0x6A27,0x7227,0x7227,0x7206,0x7A27,0x3925,0x6247,0x8A87,0x7A46,
  0x8A67,0x9287,0x6A07,0x28E3,0x92C6,0xB348,0x9AC8,0x9AA7,0x9AA7,0x92A8,0x9AC9,0x9AE8,
  0x9AE8,0x8268,0x8288,0x8AA8,0x8AA8,0x92C8,0x8AA8,0x59C6,0x51C6,0x51E6,0x59E7,0x59E6,
  0x51C6,0x4985,0x4165,0x3124,0x3945,0x3945,0x3985,0x3945,0x28A3,0x28A2,0x28A3,0x28C3,
  0x28C3,0x28C3,0x20C3,0x20E3,0x2904,0x2924,0x3104,0x3145,0x2904,0x2103,0x20E3,0x3924,
  0x49A6,0x3924,0x4185,0x4164,0x3124,0x3104,0x3124,0x3965,0x3924,0x3945,0x4145,0x3924,
  0x8A47,0xBB28,0x92C7,0x8246,0x8226,0x8A47,0x59C6,0x3965,0x3965,0x2904,0x28E4,0x2904,
  0x0041,0x0021,0x0021,0x0841,0x0041,0x0021,0x0862,0x0862,0x0021,0x0021,0x0021,0x0021,
  0x0841,0x0842,0x18C3,0x2104,0x0041,0x0841,0x1082,0x0041,0x10A2,0x0882,0x0861,0x0882,
  0x10A2,0x1903,0x18E3,0x2945,0x2965,0x2944,0x5289,0x39A6,0x20E3,0x18A2,0x0841,0x0841,
  0x0020,0x0882,0x0862,0x0021,0x0821,0x0021,0x0000,0x0000,0x0000,0x0000,0x0000,0x0020,
  0x0021,0x0021,0x0021,0x0001,0x0021,0x0841,0x0041,0x0041,0x0862,0x0841,0x0041,0x0841,
  0x0021,0x0041,0x2124,0x0841,0x10A3,0x1904,0x10C3,0x0861,0x0841,0x0841,0x0841,0x0882,
  0x1082,0x1082,0x10A3,0x0882,0x0041,0x0841,0x0841,0x39E7,0x39C7,0x2944,0x2945,0x0020,
  0x18C3,0x2965,0x10A2,0x1082,0x4228,0x1082,0x0000,0x0841,0x1082,0x1082,0x41E7,0x2924,
  0x18A2,0x18A2,0x1061,0x1061,0x39C7,0x2945,0x2965,0x0861,0x0020,0x2924,0x18C3,0x0000,
  0x0861,0x0020,0x0000,0x18A2,0x2903,0x3165,0x2924,0x20E3,0x2124,0x0020,0x0000,0x0000,
  0x0000,0x0000,0x0021,0x0841,0x0021,0x0000,0x10A2,0x3185,0x39C6,0x3165,0x4A48,0x39C6,
  0x4A28,0x4A28,0x4228,0x4A29,0x4A49,0x4A49,0x4A49,0x526A,0x528A,0x5249,0x4A49,0x4A49,
  0x5249,0x5249,0x5249,0x5249,0x5249,0x5249,0x5248,0x5228,0x5A49,0x5A69,0x6268,0x6268,
  0x6268,0x6268,0x6A48,0x7248,0x7A68,0x7227,0x7A26,0x6A06,0x28E4,0x4185,0x59E6,0x7228,
  0x8AA9,0x92C7,0x8A87,0x51A5,0xA2E8,0xB36A,0xA308,0x9AC7,0x9AA8,0x8267,0x92C9,0xA2E8,
  0x9AE8,0x7A67,0x82A9,0x92C8,0x92C8,0x92C8,0x8AC9,0x6207,0x59E6,0x59E6,0x5A07,0x59E6,
  0x59E7,0x51E7,0x3945,0x3944,0x3965,0x4165,0x4185,0x4186,0x28A2,0x28A2,0x28A3,0x28A3,
  0x28A3,0x28C3,0x20C3,0x28E4,0x2924,0x2904,0x3925,0x3124,0x3144,0x2904,0x20E3,0x3123,
  0x5166,0x3903,0x51E6,0x4985,0x3944,0x3104,0x3124,0x3965,0x4185,0x4185,0x3964,0x3965,
  0x69A6,0x9A67,0x8226,0x8247,0x8A67,0x8A46,0x4944,0x3944,0x3924,0x3104,0x2903,0x3125,
  0x0021,0x0021,0x0021,0x0021,0x0021,0x0021,0x0862,0x0862,0x0021,0x0021,0x0021,0x0021,
  0x0021,0x0041,0x0842,0x0841,0x0021,0x0841,0x1082,0x0882,0x0841,0x0861,0x0862,0x0862,
  0x0882,0x1904,0x2104,0x18E3,0x3186,0x5ACA,0x8C50,0x4A48,0x2104,0x18A2,0x0841,0x0020,
  0x0041,0x0862,0x0841,0x1083,0x0021,0x0021,0x0000,0x0000,0x0000,0x0000,0x0020,0x0020,
  0x0021,0x0842,0x0021,0x0021,0x0041,0x0861,0x0841,0x0841,0x0882,0x0861,0x0841,0x0841,
  0x0021,0x0041,0x10C3,0x0861,0x2124,0x2966,0x2104,0x18C3,0x1082,0x0841,0x0841,0x1082,
  0x2104,0x2124,0x10A3,0x0882,0x0021,0x0000,0x0000,0x0000,0x0841,0x18C3,0x18C3,0x0821,
  0x0020,0x0841,0x2104,0x1061,0x0861,0x10A2,0x0000,0x0841,0x0841,0x0000,0x0020,0x2944,
  0x18A2,0x20E3,0x0820,0x0820,0x2945,0x5AAA,0x5ACB,0x1061,0x0820,0x4A49,0x41E7,0x0020,
  0x0861,0x0840,0x0000,0x20E3,0x5AAA,0x0000,0x1082,0x31A6,0x2124,0x0020,0x0000,0x0000,
  0x0000,0x0000,0x0021,0x0862,0x0021,0x0020,0x0840,0x20E3,0x39C6,0x41E7,0x4207,0x4207,
  0x4207,0x4A08,0x4A69,0x4A49,0x4A49,0x4A49,0x4A49,0x4A49,0x5A8A,0x526A,0x4A49,0x4A49,
  0x4A49,0x4A49,0x5249,0x5249,0x5249,0x5249,0x5248,0x5228,0x5A48,0x5A48,0x5A48,0x6248,
  0x6248,0x6248,0x6A48,0x7A68,0x82A9,0x7A47,0x7A46,0x7247,0x20E3,0x2104,0x18E4,0x2125,
  0x3166,0x5165,0x51A6,0x5185,0xA2C8,0xA2C8,0xA2E8,0x9AC7,0xA2C8,0x69E6,0x7A67,0x9AA7,
  0xA309,0x7A68,0x7206,0x92E9,0x92C8,0x9B09,0x7A67,0x6A07,0x6227,0x59E6,0x59E6,0x59E6,
  0x61E7,0x4985,0x3944,0x3944,0x4165,0x4185,0x4985,0x4986,0x28A2,0x28A2,0x28A2,0x28A3,
  0x28A3,0x28C3,0x20C3,0x2904,0x3145,0x2904,0x3905,0x3104,0x3124,0x2904,0x20E3,0x3144,
  0x61E8,0x4144,0x4144,0x4145,0x49A6,0x3945,0x3124,0x3945,0x4165,0x51C6,0x59E7,0x4165,
  0x4144,0x8246,0xAAC7,0xA286,0xA286,0xA2A7,0x5185,0x3944,0x4165,0x3965,0x20E3,0x28E3,
  0x0041,0x0841,0x0021,0x0021,0x0021,0x0021,0x0021,0x0021,0x0041,0x0041,0x0021,0x0021,
  0x0021,0x0021,0x0841,0x0021,0x0021,0x0041,0x0861,0x0041,0x0021,0x0841,0x1082,0x18C3,
  0x1082,0x18E3,0x2945,0x18C3,0x2124,0x5269,0x9491,0x5ACA,0x3165,0x18C3,0x0841,0x0820,
  0x0841,0x0862,0x0841,0x0021,0x0020,0x0020,0x0020,0x0020,0x0000,0x0020,0x0020,0x0020,
  0x0020,0x0021,0x0021,0x0021,0x0041,0x0021,0x0021,0x0041,0x0841,0x0841,0x0041,0x0841,
  0x0021,0x0041,0x0861,0x0000,0x0861,0x1082,0x18C3,0x2966,0x2124,0x1082,0x0862,0x18E4,
  0x2986,0x31A7,0x2124,0x18C3,0x0041,0x0000,0x0021,0x0000,0x0821,0x18C3,0x1082,0x0841,
  0x0841,0x1062,0x0841,0x0020,0x1082,0x0000,0x0000,0x0041,0x0841,0x0841,0x18A2,0x2104,
  0x18C3,0x18A2,0x0820,0x0000,0x1082,0x0861,0x2944,0x0861,0x0000,0x3185,0x738D,0x18A2,
  0x0820,0x0820,0x0020,0x20E3,0x9C92,0x0841,0x39A6,0x2965,0x10A2,0x0020,0x0000,0x0000,
  0x0000,0x0000,0x0000,0x0841,0x0861,0x1082,0x0841,0x0820,0x2924,0x4A28,0x4A28,0x4A49,
  0x39E7,0x31A6,0x4A49,0x4A49,0x4A49,0x4A49,0x4A29,0x4A29,0x526A,0x5269,0x4A49,0x4A49,
  0x4A49,0x5249,0x5229,0x5249,0x5228,0x5248,0x5248,0x5228,0x5A48,0x5A48,0x5A48,0x6248,
  0x6268,0x6A68,0x6A68,0x7A68,0x8288,0x8267,0x9287,0x69E6,0x10A3,0x1924,0x10C3,0x10C3,
  0x10A3,0x1083,0x18C4,0x28E3,0x9AC8,0xA2C8,0xA2C8,0xB36A,0xA2C8,0x71E5,0x7A67,0x9B08,
  0x8AA7,0x61C5,0x61E6,0x92E9,0x9AC8,0x9B0A,0x6A26,0x59C6,0x6206,0x6206,0x61E6,0x6A07,
  0x6A48,0x4985,0x3924,0x4965,0x49A5,0x49A5,0x4185,0x4144,0x28A2,0x28A3,0x28A3,0x28A3,
  0x28A3,0x28A3,0x20C3,0x3124,0x3965,0x28E3,0x3925,0x2904,0x2904,0x3104,0x3965,0x2903,
  0x38E3,0x3944,0x59C6,0x82A7,0x3944,0x3944,0x3944,0x3924,0x4144,0x51A6,0x59C7,0x4965,
  0x4164,0x61E4,0xE50E,0xD409,0xBAE7,0xBB08,0x7227,0x3924,0x4986,0x3965,0x2903,0x3104,
  0x0041,0x0862,0x0021,0x0021,0x0021,0x0021,0x0021,0x0041,0x0021,0x0021,0x0041,0x0862,
  0x0041,0x0021,0x0842,0x0862,0x0862,0x0841,0x0021,0x0021,0x10A3,0x0841,0x18E3,0x18A3,
  0x18C3,0x2124,0x2945,0x528A,0x41E8,0x18C3,0x4A69,0x39C7,0x3165,0x18C3,0x1061,0x1062,
  0x1062,0x0862,0x0841,0x0021,0x0020,0x0020,0x0020,0x0000,0x0000,0x0020,0x0000,0x0020,
  0x0020,0x0020,0x0000,0x0000,0x0000,0x0000,0x0000,0x0021,0x0882,0x0021,0x0021,0x0041,
  0x0021,0x0862,0x1082,0x0020,0x1082,0x0861,0x0862,0x1082,0x18E4,0x18E4,0x10A2,0x18C3,
  0x18E3,0x2125,0x2124,0x10A3,0x0041,0x0021,0x0021,0x0000,0x0000,0x10A2,0x1082,0x0861,
  0x0841,0x0862,0x0841,0x0820,0x1082,0x0841,0x0020,0x0020,0x0020,0x0841,0x2104,0x2104,
  0x18C3,0x1061,0x0820,0x0020,0x18C2,0x1061,0x18A2,0x0020,0x0040,0x0841,0x7BAE,0x7B8D,
  0x4A08,0x2924,0x1061,0x39A6,0x62EB,0x2903,0x41E7,0x18C2,0x18C3,0x0840,0x0000,0x0000,
  0x0000,0x0000,0x0000,0x0841,0x1082,0x18A2,0x18A2,0x1040,0x20E3,0x41C6,0x4A49,0x528A,
  0x4A69,0x4228,0x4228,0x4228,0x4228,0x4229,0x4A29,0x4A29,0x4A49,0x5249,0x4A49,0x4A49,
  0x5249,0x5249,0x5229,0x5249,0x5248,0x5248,0x5A48,0x5A48,0x5A48,0x6248,0x6248,0x6248,
  0x6A68,0x6A68,0x7268,0x7268,0x7A88,0x8AA8,0xA2C7,0x59E6,0x0083,0x2125,0x1905,0x10A3,
  0x18E4,0x1905,0x1925,0x10E3,0x7AA7,0xA2C8,0x9A87,0xAB08,0xA308,0x8A88,0x92C8,0xA328,
  0x8AA8,0x5A07,0x59C5,0x8287,0xAB2A,0x8AA8,0x59C5,0x59E6,0x69E6,0x6A06,0x69E6,0x6A07,
  0x59E6,0x4185,0x4985,0x59A6,0x59A5,0x51A5,0x4985,0x4144,0x28A2,0x28A3,0x28C3,0x28C3,
  0x28A3,0x3104,0x3124,0x3104,0x4186,0x3124,0x3924,0x2903,0x2903,0x2904,0x3104,0x28E3,
  0x28E3,0x3104,0x5A07,0x7A66,0x3943,0x4165,0x49A6,0x4144,0x4965,0x51A5,0x4985,0x4985,
  0x4964,0x5184,0xBC0B,0xE449,0xDBE9,0xDBE9,0x8226,0x4144,0x4965,0x3104,0x3124,0x4965,
  0x0042,0x0882,0x0041,0x0021,0x0021,0x0021,0x0021,0x0841,0x0021,0x0000,0x0021,0x0862,
  0x1082,0x0861,0x1082,0x2104,0x0841,0x0021,0x0000,0x10C3,0x1082,0x0862,0x0861,0x0841,
  0x18A3,0x10C2,0x1903,0x39E7,0x3186,0x0841,0x18E3,0x3165,0x2945,0x1081,0x1061,0x18A2,
  0x1082,0x0000,0x0020,0x0000,0x0000,0x0000,0x0000,0x0000,0x0000,0x0000,0x0000,0x0000,
  0x0000,0x0000,0x0000,0x0000,0x0000,0x0000,0x0000,0x0020,0x0020,0x0020,0x0000,0x0021,
  0x0020,0x0861,0x0841,0x0000,0x0020,0x0821,0x0021,0x0020,0x0821,0x18C3,0x1082,0x1082,
  0x10C3,0x18C3,0x10A2,0x1082,0x0841,0x0021,0x0000,0x0021,0x0000,0x0000,0x0821,0x0021,
  0x0821,0x1082,0x20E3,0x1082,0x0820,0x0020,0x0000,0x0000,0x0841,0x0820,0x0820,0x1082,
  0x18C2,0x1081,0x0820,0x0000,0x18A2,0x1082,0x10A2,0x0020,0x0020,0x0841,0x1061,0x4A28,
  0x734D,0x8C10,0x41E7,0x2924,0x0820,0x2103,0x736D,0x3185,0x1082,0x0820,0x0000,0x0000,
  0x0020,0x0000,0x0000,0x0020,0x0841,0x0841,0x18A2,0x18A2,0x20E3,0x4A07,0x4207,0x4A49,
  0x526A,0x4A69,0x4A49,0x4229,0x4A49,0x4A49,0x4A49,0x4A49,0x4A49,0x5249,0x5249,0x5249,
  0x5249,0x5249,0x5249,0x5249,0x5228,0x5A48,0x5A28,0x5A28,0x5A28,0x6268,0x6A68,0x6A68,
  0x6A68,0x7268,0x7288,0x7288,0x7288,0x7A87,0x8AA7,0x41C6,0x0062,0x1905,0x2966,0x18C4,
  0x10C4,0x18E4,0x2987,0x1104,0x51E4,0x9AC9,0x9247,0xA2C8,0xA2C8,0x92C9,0xA309,0xA329,
  0x7A67,0x4965,0x51A5,0x7A47,0xA32A,0x7226,0x59E5,0x61E6,0x61E6,0x7207,0x7A48,0x6A27,
  0x59C6,0x49A5,0x4984,0x61C6,0x6A07,0x61E6,0x59C6,0x4165,0x28A2,0x28A3,0x30C3,0x30E3,
  0x28A3,0x3104,0x3945,0x3124,0x3944,0x3124,0x4144,0x3104,0x30E3,0x2903,0x2903,0x30E3,
  0x30E3,0x3103,0x2903,0x3944,0x4964,0x49A5,0x51C6,0x51A6,0x5185,0x51C6,0x51A5,0x51A5,
  0x4985,0x5185,0x71E5,0xD44B,0xF630,0xF630,0x8AC7,0x5165,0x5185,0x3904,0x3124,0x3104,
  0x0042,0x0862,0x0041,0x0021,0x0021,0x0021,0x0021,0x0041,0x0021,0x0021,0x0021,0x0000,
  0x0021,0x0021,0x0020,0x0861,0x0000,0x0020,0x10A3,0x1082,0x0861,0x0861,0x0882,0x1061,
  0x1082,0x10C3,0x2104,0x2104,0x10A2,0x18E3,0x2945,0x39A6,0x2924,0x0841,0x0841,0x0821,
  0x18C3,0x0821,0x0020,0x0020,0x0000,0x0000,0x0000,0x0000,0x0000,0x0000,0x0000,0x0000,
  0x0000,0x0000,0x0000,0x0000,0x0000,0x0000,0x0000,0x0000,0x0000,0x0000,0x0000,0x0000,
  0x0000,0x0000,0x0841,0x0841,0x0000,0x0000,0x0000,0x0000,0x0000,0x0000,0x0000,0x0021,
  0x0021,0x0000,0x0000,0x0021,0x0020,0x0000,0x0000,0x10A3,0x18C3,0x0841,0x0841,0x0841,
  0x0841,0x2124,0x2103,0x18C2,0x1061,0x0821,0x0000,0x0020,0x0841,0x18C3,0x18E3,0x1081,
  0x1081,0x1082,0x0020,0x0000,0x18C3,0x1061,0x1061,0x0000,0x0020,0x0020,0x0820,0x0821,
  0x0820,0x18C2,0x39A6,0x18A2,0x0000,0x18A2,0x41E7,0x20E3,0x18C3,0x0020,0x0000,0x0020,
  0x0021,0x0020,0x0000,0x0000,0x1082,0x0841,0x0841,0x18A2,0x2924,0x3185,0x4228,0x4A49,
  0x4A49,0x4A49,0x4A49,0x4A49,0x4A49,0x4A49,0x4A49,0x4A49,0x5249,0x5249,0x5249,0x5269,
  0x5269,0x5248,0x5249,0x5249,0x5A48,0x5A48,0x5A48,0x5A48,0x6248,0x6248,0x6A48,0x6A68,
  0x7268,0x7A88,0x7A88,0x7A68,0x7A88,0x7A87,0x7A89,0x2945,0x0882,0x10C4,0x2966,0x18C3,
  0x18E4,0x18E4,0x2104,0x18E4,0x3144,0x8A67,0xA2C8,0xC3EB,0x9A87,0x92C9,0xA308,0xA349,
  0x69E7,0x4145,0x51A5,0x69E6,0x92E9,0x7226,0x69E6,0x69E6,0x69E6,0x7227,0x8A89,0x59E6,
  0x4944,0x5185,0x4964,0x61C6,0x7A68,0x61A6,0x5185,0x4164,0x30E3,0x30E3,0x30E4,0x3925,
  0x3104,0x3924,0x3944,0x3924,0x4165,0x3944,0x4964,0x3924,0x3924,0x3124,0x3124,0x3104,
  0x3104,0x3103,0x3104,0x4964,0x7288,0x4985,0x51A6,0x51A6,0x51A6,0x51C6,0x59A6,0x59A6,
  0x59A6,0x59A6,0x5964,0xDD71,0xAC4B,0xBCAC,0x9329,0x5185,0x51A6,0x4144,0x4145,0x3944,
  0x0862,0x10C4,0x0042,0x0021,0x0021,0x0041,0x0021,0x0041,0x0000,0x0021,0x0862,0x0021,
  0x0841,0x0000,0x0000,0x0000,0x0000,0x0841,0x0861,0x0862,0x0841,0x0841,0x0861,0x10A2,
  0x10A2,0x1082,0x1082,0x1082,0x2124,0x2945,0x528A,0x5AAB,0x18C3,0x0000,0x0020,0x1082,
  0x20E4,0x0821,0x0020,0x0000,0x0000,0x0000,0x0000,0x0000,0x0000,0x0000,0x0000,0x0000,
  0x0000,0x0000,0x0000,0x0000,0x0000,0x0000,0x0000,0x0020,0x0000,0x0000,0x0000,0x0000,
  0x0000,0x0841,0x18E4,0x10A2,0x0000,0x0000,0x0000,0x0000,0x0000,0x0000,0x0000,0x0841,
  0x0841,0x0841,0x0021,0x0000,0x0000,0x10A3,0x0841,0x0841,0x0841,0x0020,0x0021,0x0020,
  0x0840,0x1081,0x1061,0x0841,0x0841,0x0841,0x0000,0x0000,0x0861,0x10A2,0x10A2,0x1061,
  0x18C2,0x2104,0x0820,0x0000,0x18E3,0x1061,0x0861,0x0000,0x0020,0x0000,0x0020,0x0020,
  0x0000,0x0841,0x39A6,0x5AAA,0x39C7,0x4A49,0x0020,0x1061,0x18A2,0x0020,0x0000,0x0020,
  0x0041,0x0021,0x0000,0x0000,0x0821,0x0820,0x0000,0x0841,0x2924,0x2123,0x5ACA,0x5ACB,
  0x4A49,0x4A49,0x4A29,0x4A49,0x4A49,0x4A49,0x4A49,0x4A49,0x5249,0x5249,0x5249,0x5249,
  0x5A69,0x5248,0x5249,0x5A49,0x5A49,0x5A49,0x5A48,0x5A28,0x6248,0x6248,0x6A68,0x7268,
  0x7A88,0x7AA8,0x82A8,0x8288,0x7A88,0x8288,0x7A89,0x2104,0x08A3,0x10A3,0x1905,0x18E4,
  0x1904,0x2105,0x2125,0x2105,0x20C2,0x92E8,0xED6F,0xBB88,0x9266,0x92A8,0x9AC7,0xA329,
  0x6A07,0x4165,0x4985,0x61C5,0x8246,0x92A8,0x8267,0x6A06,0x6A06,0x7206,0x7A48,0x49C5,
  0x3102,0x4964,0x59E6,0x5985,0x61C6,0x61A6,0x5185,0x4164,0x3924,0x3904,0x3924,0x4986,
  0x4165,0x3945,0x3944,0x3924,0x41A5,0x4185,0x4123,0x3924,0x4165,0x3944,0x4165,0x3124,
  0x3104,0x3124,0x3104,0x4124,0x4944,0x3923,0x4144,0x5185,0x5985,0x51A5,0x51A5,0x51A5,
  0x59A5,0x59C6,0x5984,0x92E8,0x6A25,0x82A7,0x9B08,0x61A5,0x51A5,0x51A5,0x4165,0x4145,
  0x0862,0x0882,0x0041,0x0021,0x0020,0x0020,0x0020,0x0041,0x0021,0x0021,0x0862,0x0861,
  0x0841,0x0020,0x0000,0x0021,0x0020,0x0020,0x0020,0x0021,0x0841,0x0861,0x0882,0x1082,
  0x18E3,0x18C3,0x10A2,0x18C3,0x18C3,0x2945,0x52AA,0x39E7,0x2124,0x0841,0x0000,0x0000,
  0x1062,0x1062,0x0000,0x0000,0x0000,0x0000,0x0000,0x0000,0x0000,0x0000,0x0000,0x0000,
  0x0000,0x0000,0x0000,0x0000,0x0000,0x0000,0x0000,0x0841,0x0021,0x0000,0x0020,0x0000,
  0x0000,0x0861,0x18C3,0x0841,0x0020,0x0020,0x0020,0x0020,0x0000,0x0000,0x0000,0x0000,
  0x0000,0x0020,0x0841,0x0861,0x0841,0x0861,0x18C3,0x10A2,0x1082,0x0020,0x0000,0x18E3,
  0x2144,0x0000,0x0000,0x0000,0x0000,0x0841,0x1082,0x0020,0x0020,0x0020,0x0000,0x0000,
  0x1061,0x10A2,0x0841,0x0000,0x10A2,0x0840,0x18C3,0x1082,0x0841,0x0881,0x0000,0x0000,
  0x0000,0x0840,0x18C3,0x2965,0x31A6,0x2965,0x1081,0x0861,0x0861,0x0000,0x0000,0x0000,
  0x0041,0x0021,0x0000,0x0000,0x0000,0x0020,0x0020,0x0020,0x1081,0x2924,0x5AAA,0x5A8A,
  0x4A49,0x4A49,0x4A28,0x4A49,0x4A49,0x4A49,0x5249,0x5249,0x5249,0x5249,0x5249,0x5248,
  0x5248,0x5A69,0x5248,0x5A48,0x5A69,0x6269,0x6248,0x6248,0x6268,0x6A68,0x6A68,0x7268,
  0x7A88,0x7AA8,0x82A8,0x82A8,0x82A8,0x8AA8,0x7248,0x18E4,0x10C3,0x10C3,0x1904,0x31A7,
  0x2146,0x2146,0x422A,0x3A09,0x18E4,0x834A,0xED90,0xA306,0x8A87,0x92A7,0x9AE8,0x9AE9,
  0x59C5,0x49A5,0x4985,0x59C5,0x8287,0x92A8,0x8288,0x7226,0x7206,0x7A47,0x7A68,0x51E6,
  0x3943,0x4964,0x6A07,0x61C6,0x59A5,0x51A5,0x5185,0x4965,0x4144,0x4144,0x4165,0x51C6,
  0x49A5,0x49A5,0x4144,0x6A28,0x49A5,0x3944,0x4144,0x3103,0x4165,0x49A6,0x3964,0x3924,
  0x3944,0x3944,0x4144,0x3924,0x4124,0x4144,0x4965,0x5165,0x71C5,0x61C5,0x4985,0x5985,
  0x59A5,0x59A5,0x59C5,0x6206,0x4165,0x61A5,0x9A88,0x69A4,0x5984,0x51A5,0x51A5,0x5185,
  0x0021,0x0021,0x0041,0x0021,0x0020,0x0020,0x0040,0x0021,0x0021,0x0021,0x0041,0x0041,
  0x0000,0x0000,0x0020,0x0041,0x0041,0x0020,0x0021,0x0041,0x0041,0x0861,0x0861,0x0841,
  0x18C3,0x18C3,0x10A2,0x0020,0x0841,0x2124,0x2945,0x2104,0x2945,0x18E3,0x0841,0x0000,
  0x0821,0x1082,0x0020,0x0000,0x0000,0x0000,0x0000,0x0000,0x0000,0x0000,0x0020,0x0000,
  0x0000,0x0000,0x0000,0x0000,0x0000,0x0000,0x0020,0x0021,0x0000,0x0000,0x0000,0x0000,
  0x0000,0x0841,0x18C3,0x0841,0x0000,0x0021,0x0841,0x0841,0x0021,0x0020,0x0021,0x0020,
  0x0000,0x0000,0x0000,0x0821,0x0841,0x0841,0x2945,0x1082,0x2104,0x2944,0x2124,0x4228,
  0x2965,0x1061,0x18A2,0x0820,0x0000,0x0000,0x0000,0x0000,0x0020,0x0841,0x0841,0x0820,
  0x18C3,0x0841,0x0000,0x0000,0x1061,0x20E3,0x2104,0x10C2,0x0040,0x2124,0x0020,0x0000,
  0x0020,0x0020,0x0020,0x18C3,0x18E3,0x0861,0x10A2,0x1082,0x1061,0x0000,0x0000,0x0000,
  0x0041,0x0841,0x0020,0x0000,0x0020,0x0841,0x0861,0x0820,0x0861,0x20E3,0x3986,0x4A08,
  0x5249,0x4A49,0x4A69,0x4A69,0x5249,0x5249,0x5249,0x5249,0x5249,0x5249,0x5249,0x5248,
  0x5268,0x5A69,0x5A68,0x5A49,0x5A69,0x5A48,0x5A48,0x6268,0x6A68,0x6A68,0x6A48,0x7268,
  0x7267,0x7A88,0x82A8,0x8AC8,0x8AC8,0x92C8,0x61E7,0x10C3,0x10C3,0x10C3,0x10C3,0x2166,
  0x2146,0x2146,0x2988,0x52CC,0x3A08,0x4186,0x69C5,0x92E8,0x92C8,0x9AE8,0xB3AB,0x9268,
  0x59C4,0x51C5,0x51A5,0x51A4,0x8AA8,0x7225,0x8226,0x92A8,0x8226,0x7A06,0x6206,0x59C5,
  0x5984,0x61C6,0x7A69,0x61A6,0x59C6,0x5185,0x59C6,0x51A6,0x4985,0x49A6,0x4965,0x4985,
  0x4985,0x4164,0x4144,0x59A6,0x5185,0x3903,0x4985,0x3944,0x4165,0x49A6,0x49C6,0x4144,
  0x3944,0x4144,0x49A6,0x4965,0x4924,0x61E7,0x6A28,0x5164,0x7A26,0x71E5,0x4963,0x6185,
  0x61A5,0x61E6,0x61E6,0x59C6,0x4145,0x59A5,0x8AA8,0xA2EA,0x71A5,0x69A5,0x61A5,0x6184,
  0x0021,0x0021,0x0021,0x0041,0x0021,0x0041,0x0041,0x0020,0x0020,0x0021,0x0021,0x0020,
  0x0020,0x0020,0x0000,0x0841,0x18C3,0x0021,0x0021,0x0041,0x0021,0x0841,0x0841,0x1082,
  0x18A3,0x18C3,0x2124,0x2945,0x18E3,0x2945,0x2965,0x2104,0x2124,0x18C3,0x1061,0x0820,
  0x0000,0x0021,0x0000,0x0000,0x0000,0x0000,0x0000,0x0000,0x0020,0x0020,0x0020,0x0000,
  0x0000,0x0000,0x0000,0x0000,0x0000,0x0020,0x0041,0x0021,0x0020,0x0020,0x0020,0x0000,
  0x0021,0x0861,0x18C3,0x18C3,0x0000,0x0000,0x0000,0x0021,0x0021,0x0020,0x0841,0x0861,
  0x0841,0x0841,0x0020,0x0000,0x0020,0x0000,0x1082,0x2104,0x18A3,0x18C3,0x18E3,0x2104,
  0x18A2,0x1081,0x18C2,0x2944,0x1061,0x0000,0x0000,0x0000,0x0000,0x0000,0x0861,0x0841,
  0x0841,0x0841,0x0841,0x0000,0x0841,0x18C3,0x1082,0x1082,0x0040,0x10A2,0x0841,0x0000,
  0x0000,0x0841,0x1082,0x18C3,0x31A6,0x2965,0x0861,0x0861,0x0861,0x0000,0x0000,0x0000,
  0x0841,0x0841,0x0841,0x0020,0x0000,0x0841,0x18C2,0x0861,0x0820,0x18C2,0x3185,0x4A07,
  0x5AAA,0x52AA,0x5269,0x5269,0x5269,0x5249,0x5249,0x5249,0x5249,0x5249,0x5269,0x5269,
  0x5268,0x5A69,0x5A69,0x5A69,0x5A68,0x6269,0x6A89,0x6248,0x6A68,0x6A68,0x7288,0x7268,
  0x7A88,0x82A8,0x8AC8,0x92C9,0x92E9,0x92C9,0x4185,0x10A3,0x10C3,0x10C3,0x10A3,0x2145,
  0x31A7,0x18E5,0x2125,0x39E8,0x2987,0x2966,0x4186,0x4964,0x59A5,0x7248,0x7268,0x6A07,
  0x6227,0x6227,0x59E6,0x69E6,0x9A89,0x7206,0xA2C7,0xB307,0x9A46,0x7A05,0x59C5,0x59C5,
  0x8A47,0x69C6,0x2924,0x4164,0x6206,0x6206,0x6A06,0x69E5,0x4945,0x4985,0x4165,0x4985,
  0x51A6,0x4965,0x4164,0x4124,0x3944,0x3124,0x4986,0x51C5,0x5985,0x5165,0x51A5,0x4144,
  0x4964,0x51A6,0x4144,0x4964,0x4944,0x5965,0x61A6,0x61A5,0x8A87,0x8A66,0x6184,0x71E6,
  0x69A5,0x69E6,0x6A07,0x4964,0x3924,0x4123,0x5164,0x71C5,0xA2A8,0x9246,0xA30A,0x79C5,
  0x0862,0x0841,0x0841,0x0041,0x0000,0x0020,0x0000,0x0000,0x0020,0x0841,0x0041,0x0021,
  0x0021,0x0041,0x0021,0x0020,0x2104,0x0861,0x0020,0x0021,0x0021,0x0020,0x0841,0x1082,
  0x18A3,0x18C3,0x2124,0x4228,0x2945,0x2104,0x4A49,0x2124,0x2104,0x2124,0x10A2,0x0841,
  0x0000,0x0020,0x0020,0x0021,0x0021,0x0000,0x0000,0x0000,0x0020,0x0000,0x0000,0x0000,
  0x0000,0x0020,0x0021,0x0000,0x0020,0x0841,0x0841,0x0021,0x0021,0x0021,0x0041,0x0841,
  0x0841,0x0841,0x0862,0x0841,0x0000,0x0000,0x0000,0x0000,0x0000,0x0000,0x0000,0x0000,
  0x0000,0x0021,0x0021,0x0020,0x0821,0x0841,0x0000,0x0821,0x1062,0x1082,0x2124,0x4208,
  0x18A2,0x18A2,0x2903,0x2924,0x1061,0x0000,0x0000,0x0000,0x0000,0x0000,0x0020,0x18A2,
  0x0841,0x18A2,0x18C3,0x0000,0x0000,0x10A2,0x0861,0x1082,0x0861,0x0020,0x0020,0x0841,
  0x0841,0x0020,0x0861,0x0020,0x0861,0x3186,0x18C3,0x0000,0x0000,0x0000,0x0000,0x0000,
  0x0020,0x0841,0x0841,0x0861,0x0000,0x0820,0x20E3,0x18C3,0x1061,0x18A2,0x2924,0x41E7,
  0x5A89,0x5AAA,0x5289,0x526A,0x526A,0x5249,0x5249,0x5269,0x5269,0x5269,0x5A69,0x5A69,
  0x5A69,0x5A69,0x5A69,0x5A69,0x6269,0x6269,0x6289,0x5A27,0x6227,0x7288,0x7268,0x7268,
  0x82A8,0x8AC8,0x8AC8,0x92E9,0x92E9,0x92E9,0x2924,0x0882,0x10C3,0x10C3,0x10C3,0x1904,
  0x2966,0x2125,0x1905,0x2966,0x2126,0x1905,0x3986,0x4165,0x4144,0x30E4,0x28E4,0x3146,
  0x3987,0x39A7,0x5207,0x6207,0x69E7,0x5985,0xABCA,0xDC8B,0xAAC7,0x8225,0x8A45,0x7A26,
  0x9AA9,0x69A6,0x20A2,0x51A6,0x6A06,0x7247,0x7206,0x7205,0x5164,0x71E5,0x4965,0x59E7,
  0x51C6,0x4985,0x51A6,0x4144,0x4144,0x3924,0x61C5,0x61E5,0x61C6,0x61E6,0x51A5,0x51A5,
  0x5185,0x4965,0x4964,0x5165,0x5185,0x59A5,0x61E6,0x61E6,0x61E6,0x9AA7,0x71C3,0x8205,
  0x69C6,0x61A6,0x69E7,0x4985,0x4165,0x4165,0x5165,0x6164,0xC42B,0xA306,0x8A26,0x79C5,
  0x0882,0x0862,0x0021,0x0021,0x0000,0x0000,0x0021,0x0020,0x0000,0x1082,0x0841,0x0020,
  0x0041,0x0041,0x0021,0x0020,0x1082,0x1082,0x0020,0x0021,0x0841,0x18C3,0x1062,0x0841,
  0x10A2,0x10A3,0x1062,0x18C3,0x2945,0x2945,0x18C3,0x3165,0x3165,0x3185,0x10A2,0x0861,
  0x0021,0x0000,0x0021,0x0862,0x0020,0x0000,0x0020,0x0020,0x0000,0x0000,0x0000,0x0020,
  0x0020,0x0000,0x0041,0x0041,0x0861,0x0841,0x0041,0x0842,0x0041,0x0041,0x0841,0x10A2,
  0x0861,0x0020,0x0021,0x0000,0x0000,0x0821,0x0821,0x0021,0x0000,0x0000,0x0000,0x0000,
  0x0000,0x0000,0x0000,0x0000,0x0000,0x0020,0x0841,0x0821,0x0821,0x1062,0x1082,0x1082,
  0x1082,0x0820,0x18A2,0x3144,0x20E3,0x18A2,0x1061,0x0020,0x0000,0x0000,0x0000,0x10A2,
  0x0841,0x1082,0x2104,0x1061,0x0000,0x1082,0x1061,0x0861,0x10A2,0x0861,0x0020,0x2124,
  0x0020,0x0000,0x0000,0x0000,0x0841,0x10A2,0x1082,0x0861,0x0000,0x0000,0x0000,0x0000,
  0x0000,0x0020,0x0020,0x0861,0x0820,0x0000,0x2124,0x3185,0x20E3,0x1882,0x20E3,0x3144,
  0x41E7,0x5269,0x5269,0x5269,0x5269,0x5269,0x5269,0x5269,0x5A69,0x5A69,0x5A89,0x5A69,
  0x5A69,0x5A69,0x5A69,0x6269,0x6289,0x6A89,0x6268,0x59E6,0x6227,0x7288,0x7268,0x7A88,
  0x82A9,0x8AC8,0x9B09,0x9B09,0x9B08,0x8AA8,0x20C3,0x1082,0x10C3,0x18E4,0x10C4,0x10E4,
  0x2986,0x1905,0x18E4,0x2946,0x2125,0x18E4,0x3146,0x4165,0x3944,0x3965,0x2904,0x2925,
  0x2125,0x1905,0x2966,0x2966,0x3145,0x3987,0x4A06,0x6AA8,0x6227,0x61E5,0x92E8,0x8267,
  0xA30A,0x7A68,0x3924,0x51A5,0x7A88,0x7227,0x6206,0x61E5,0x59C5,0x7A07,0x51A5,0x4985,
  0x51A6,0x51A5,0x59C6,0x59A5,0x59C6,0x3903,0x69E6,0x7206,0x5985,0x61C6,0x59E5,0x51C5,
  0x5985,0x5185,0x51A5,0x59A5,0x61C5,0x59C5,0x6A26,0x7206,0x3924,0xB3C9,0xB388,0x7205,
  0x92A8,0x7227,0x59A5,0x59C6,0x4985,0x5144,0x69E7,0x7A27,0x59A4,0x7246,0x71E4,0x71C5,
  0x0862,0x0021,0x0862,0x0841,0x0000,0x0020,0x0841,0x0041,0x0000,0x1082,0x10A3,0x0000,
  0x0041,0x0021,0x0020,0x0021,0x0021,0x18E3,0x1082,0x0020,0x10A2,0x18E3,0x10A3,0x0841,
  0x1082,0x0862,0x2965,0x18E3,0x18E3,0x2124,0x4208,0x4A48,0x39C6,0x20E3,0x1061,0x1061,
  0x0841,0x0021,0x0020,0x0020,0x0020,0x0020,0x0020,0x0020,0x0000,0x0000,0x0000,0x0020,
  0x0020,0x0020,0x0020,0x0041,0x0841,0x0862,0x0862,0x0842,0x0862,0x10C3,0x18C3,0x1062,
  0x0000,0x0000,0x0000,0x0021,0x1062,0x1062,0x1082,0x1062,0x0000,0x1082,0x1082,0x0861,
  0x1082,0x18C3,0x0000,0x0000,0x0000,0x0000,0x0000,0x0000,0x0021,0x0020,0x0020,0x0000,
  0x1061,0x18C3,0x18C3,0x20C3,0x28E3,0x20A2,0x1041,0x0820,0x0000,0x0000,0x0000,0x0841,
  0x1082,0x1082,0x1082,0x0841,0x0000,0x0841,0x18A2,0x1061,0x18E3,0x0841,0x0000,0x0841,
  0x1082,0x1082,0x2104,0x18C3,0x10A2,0x1082,0x0861,0x0861,0x0000,0x0000,0x0000,0x0000,
  0x0020,0x0020,0x0020,0x0841,0x0861,0x0020,0x1082,0x3165,0x3165,0x18C2,0x18A2,0x2103,
  0x3965,0x49E8,0x5AAA,0x62CB,0x5A8A,0x526A,0x5269,0x5269,0x5A69,0x5A69,0x5A89,0x5A69,
  0x5A69,0x5A89,0x6289,0x6269,0x6A89,0x6AA9,0x6A68,0x6227,0x6A89,0x7288,0x7268,0x7288,
  0x7288,0x9309,0x9B29,0x92E9,0x9B29,0x7A88,0x10A3,0x10A3,0x18E3,0x1925,0x18E4,0x10C4,
  0x2125,0x2966,0x52CC,0x31A7,0x1904,0x10C4,0x2926,0x3966,0x3965,0x39A6,0x2945,0x2965,
  0x2945,0x3166,0x3166,0x2124,0x2924,0x2965,0x2104,0x10A3,0x18C4,0x2925,0x3166,0x3945,
  0x4165,0x4185,0x20C3,0x4164,0x8A88,0x7A88,0x59E5,0x4984,0x5185,0x59A6,0x51A5,0x51A5,
  0x59C6,0x59E6,0x59C5,0x59A5,0x61C5,0x4164,0x61C6,0x7206,0x71E6,0x61C5,0x69E5,0x69C5,
  0x6A07,0x5185,0x61C5,0x69C5,0x61A4,0x69C5,0x7A46,0x8206,0x5164,0x7AC8,0x6206,0x3902,
  0xAB29,0x8266,0x61C6,0x69E6,0x69C5,0x8207,0x5184,0x3923,0x28E2,0x61C5,0x79E5,0x69A4,
  0x0841,0x0000,0x10A3,0x0862,0x0000,0x0020,0x0041,0x0021,0x0041,0x0021,0x1083,0x0041,
  0x0021,0x0021,0x0021,0x0021,0x0020,0x18E3,0x10C3,0x0020,0x0841,0x0021,0x0841,0x0841,
  0x0861,0x0861,0x3166,0x4228,0x0861,0x18E3,0x4208,0x5289,0x2924,0x2904,0x18A2,0x1062,
  0x0861,0x0020,0x0021,0x0021,0x0020,0x0020,0x0020,0x0020,0x0000,0x0000,0x0020,0x0000,
  0x0000,0x0020,0x0021,0x0841,0x0041,0x0021,0x0041,0x0021,0x0021,0x18C3,0x1082,0x0000,
  0x0000,0x0000,0x0020,0x0021,0x18C3,0x31A6,0x0841,0x0000,0x10A2,0x2965,0x18C3,0x18C3,
  0x1082,0x2965,0x1082,0x0841,0x0841,0x0821,0x0021,0x10A3,0x0021,0x0000,0x0000,0x0000,
  0x0000,0x0020,0x0861,0x1061,0x28E3,0x20C3,0x18A2,0x1061,0x0820,0x0000,0x0000,0x0000,
  0x1082,0x0841,0x18C3,0x1061,0x0000,0x0000,0x18A2,0x0861,0x0841,0x0020,0x0020,0x0000,
  0x0020,0x18C3,0x2104,0x2124,0x2945,0x1081,0x1061,0x0841,0x0000,0x0000,0x0000,0x0000,
  0x0020,0x0020,0x0020,0x0020,0x0861,0x0841,0x0841,0x20E3,0x31A5,0x2923,0x18C2,0x3986,
  0x3145,0x4A08,0x5249,0x62EB,0x5A8A,0x5269,0x5269,0x5269,0x5A69,0x5A69,0x5A69,0x6269,
  0x5A89,0x6289,0x6269,0x6269,0x6AA9,0x6AA9,0x6A89,0x6A88,0x6A89,0x7AC9,0x7A88,0x7288,
  0x6226,0x9309,0x9B09,0x9309,0x6A47,0x49C7,0x18C4,0x10A3,0x18E3,0x2125,0x1904,0x18E4,
  0x1905,0x2966,0x4A8B,0x424A,0x2125,0x10E4,0x20E4,0x41C8,0x3125,0x3986,0x2945,0x2945,
  0x2925,0x2945,0x2945,0x3165,0x3165,0x2924,0x3165,0x2924,0x2104,0x2904,0x3146,0x20E3,
  0x20E3,0x20C3,0x20E3,0x3104,0x7A47,0x8AA8,0x51A5,0x5185,0x5185,0x59A6,0x51A5,0x59C5,
  0x4164,0x51A6,0x59C6,0x61C5,0x69C6,0x4144,0x69C6,0x8A87,0x8205,0x8246,0x7A05,0x71E6,
  0x69E7,0x3924,0x61A6,0x79C5,0x7A05,0x81E5,0x9267,0xA268,0x6144,0x4985,0x2944,0x6228,
  0xB30A,0x7A06,0x8A68,0x7A07,0x5965,0x3944,0x2103,0x2124,0x3165,0x5143,0x81E6,0x71E6,
  0x0841,0x0021,0x0841,0x0841,0x0021,0x0041,0x0041,0x0041,0x0041,0x0000,0x0862,0x1082,
  0x0000,0x0021,0x0041,0x0041,0x0000,0x0841,0x0862,0x0020,0x0041,0x0041,0x0021,0x0841,
  0x0841,0x0862,0x10A2,0x4228,0x31A6,0x2945,0x39C7,0x2945,0x2944,0x3186,0x18A2,0x1041,
  0x18A3,0x1082,0x0000,0x0021,0x0000,0x0000,0x0000,0x0000,0x0020,0x0020,0x0020,0x0000,
  0x0021,0x0021,0x0021,0x0041,0x0862,0x0882,0x0841,0x0841,0x10A3,0x0842,0x0000,0x0000,
  0x0000,0x0020,0x0841,0x0020,0x0021,0x18C3,0x1062,0x0020,0x2945,0x2945,0x2104,0x2125,
  0x2966,0x2104,0x2104,0x2104,0x2104,0x10A3,0x39C7,0x18C3,0x10A3,0x1061,0x0000,0x0000,
  0x0000,0x0000,0x0000,0x0000,0x0820,0x1041,0x20E3,0x2904,0x2104,0x1061,0x0000,0x0000,
  0x0000,0x0820,0x0841,0x10A2,0x0821,0x0000,0x0841,0x1082,0x0841,0x10A2,0x0841,0x0000,
  0x0000,0x0000,0x0020,0x0020,0x1082,0x18C3,0x1061,0x0861,0x0861,0x0000,0x0000,0x0000,
  0x0000,0x0000,0x0841,0x0020,0x0841,0x0821,0x1081,0x2104,0x2944,0x2944,0x2944,0x4A48,
  0x39A6,0x4A08,0x4207,0x5249,0x5269,0x5A69,0x5A69,0x5A69,0x5A69,0x5A89,0x6289,0x6289,
  0x6289,0x6289,0x62A9,0x6AA9,0x6269,0x6A89,0x6A89,0x6A89,0x72A9,0x7AC9,0x7AC9,0x7267,
  0x8AC9,0xA32A,0x9309,0x9B2A,0x5A06,0x18A4,0x10A3,0x10A3,0x18E4,0x1904,0x2125,0x18E4,
  0x18E4,0x2966,0x4A8B,0x4AAB,0x2166,0x1905,0x18C4,0x3966,0x3125,0x3125,0x3186,0x3186,
  0x2945,0x2945,0x2925,0x3166,0x3186,0x2945,0x2945,0x2925,0x2925,0x2924,0x3145,0x2924,
  0x2924,0x2904,0x20E3,0x20E4,0x59E6,0x7206,0x5185,0x59A5,0x59C6,0x61E6,0x59A5,0x61C5,
  0x3944,0x3944,0x4184,0x69C6,0x7207,0x4144,0x61A5,0x8225,0xAB29,0xD4AE,0x9265,0xA2C7,
  0x61C6,0x3104,0x5165,0x8A27,0x8A46,0x8A26,0x9226,0xAAE8,0x92A9,0x59C6,0x18A3,0x3985,
  0x6A07,0x49C6,0x4165,0x2904,0x18C3,0x2104,0x2945,0x2925,0x3985,0x3923,0x61C6,0x4944,
  0x0841,0x0021,0x0041,0x0862,0x0021,0x0021,0x0021,0x0021,0x0021,0x0000,0x0021,0x10A3,
  0x0021,0x0021,0x0041,0x0041,0x0000,0x0021,0x0041,0x0020,0x0021,0x0021,0x0841,0x0841,
  0x0861,0x0861,0x10A2,0x31A6,0x39C7,0x2124,0x4208,0x4A49,0x3165,0x39A6,0x18A2,0x1061,
  0x1061,0x0861,0x0000,0x0000,0x0000,0x0000,0x0000,0x0000,0x0000,0x0020,0x0020,0x0000,
  0x0021,0x0021,0x0021,0x0041,0x1082,0x0841,0x0862,0x10C3,0x0862,0x0000,0x0000,0x0000,
  0x0000,0x0020,0x0841,0x0021,0x0841,0x0841,0x0020,0x0862,0x2125,0x2124,0x18E4,0x2125,
  0x39E7,0x31A7,0x2945,0x2945,0x2945,0x0821,0x10A3,0x2124,0x31A6,0x10A2,0x0000,0x0820,
  0x0861,0x0820,0x0020,0x0000,0x0000,0x0000,0x0000,0x0820,0x18A3,0x18E3,0x0821,0x0000,
  0x0000,0x0000,0x1082,0x10A2,0x0820,0x0000,0x0000,0x10A2,0x0841,0x0841,0x0841,0x0020,
  0x0020,0x0841,0x0841,0x0820,0x0861,0x1061,0x1082,0x0020,0x18C3,0x0020,0x0000,0x0000,
  0x0000,0x0000,0x0841,0x0000,0x0020,0x0861,0x18C3,0x20E3,0x2923,0x2923,0x3165,0x4A07,
  0x4A07,0x4A28,0x4A28,0x5248,0x5A8A,0x5A69,0x5A8A,0x5A8A,0x5A89,0x5A89,0x628A,0x6289,
  0x62A9,0x6289,0x6AA9,0x6ACA,0x6A89,0x6A89,0x72A9,0x7289,0x72A9,0x7AA9,0x7AA8,0x7A88,
  0x930A,0x9B29,0x9309,0x9329,0x9B2A,0x3125,0x10A3,0x18C4,0x20E3,0x7287,0x2945,0x1905,
  0x18E4,0x2125,0x3A09,0x3A09,0x1905,0x2166,0x20E4,0x2945,0x3146,0x2925,0x3186,0x3186,
  0x2945,0x2945,0x2925,0x2945,0x39A7,0x39A7,0x3166,0x2925,0x2925,0x2925,0x2924,0x39A6,
  0x3165,0x2924,0x2924,0x20E4,0x3966,0x6207,0x61A5,0x61C6,0x61C6,0x61A5,0x7226,0x7A07,
  0x4144,0x3964,0x3923,0x61C6,0x8289,0x4165,0x7227,0x92A8,0xB34A,0xAB48,0x9A87,0x9286,
  0x59C5,0x3104,0x3103,0x9247,0xBB6A,0xAAE9,0x9287,0x9B28,0x938C,0x3944,0x2905,0x2104,
  0x18E4,0x2165,0x1965,0x3187,0x2945,0x3186,0x2925,0x20E4,0x20C4,0x20C3,0x20C3,0x18C3,
  0x0021,0x0021,0x0041,0x0061,0x0021,0x0021,0x0021,0x0021,0x0021,0x0021,0x0000,0x0841,
  0x0041,0x0021,0x0041,0x0041,0x0021,0x0021,0x0041,0x0020,0x0021,0x0821,0x0841,0x0841,
  0x0021,0x0862,0x18C3,0x3186,0x2104,0x2124,0x3186,0x4A49,0x39A6,0x18E3,0x2103,0x3186,
  0x0861,0x0841,0x0000,0x0000,0x0000,0x0000,0x0000,0x0000,0x0000,0x0020,0x0021,0x0021,
  0x0000,0x0001,0x0021,0x0021,0x0000,0x0000,0x0861,0x0861,0x0000,0x0000,0x0000,0x0020,
  0x0000,0x1082,0x18C3,0x0021,0x0021,0x0020,0x0000,0x18C3,0x18E4,0x18E4,0x2104,0x31A7,
  0x4208,0x18E4,0x2104,0x2965,0x2945,0x31A7,0x18C3,0x39C6,0x31C6,0x0861,0x2104,0x1082,
  0x2945,0x3186,0x18E3,0x0861,0x0000,0x0820,0x1021,0x0800,0x0020,0x0020,0x0000,0x0000,
  0x0000,0x0000,0x0841,0x18C3,0x0000,0x0000,0x0000,0x0020,0x10A2,0x0841,0x0020,0x0841,
  0x0861,0x0841,0x0000,0x1082,0x18C3,0x0841,0x1082,0x1061,0x0821,0x0020,0x0000,0x0000,
  0x0000,0x0000,0x0020,0x0020,0x0020,0x0861,0x20E3,0x1081,0x18C2,0x2103,0x39A6,0x5248,
  0x4A28,0x5A8A,0x5248,0x4A08,0x5A89,0x5A89,0x5A89,0x5A89,0x5A89,0x5A89,0x628A,0x62A9,
  0x62A9,0x62A9,0x6AA9,0x6AAA,0x6268,0x6268,0x72C9,0x7AA9,0x7AA9,0x7AA9,0x7AA8,0x6227,
  0x6A47,0x92E9,0x932A,0x8B09,0x7AC9,0x2104,0x10C3,0x2125,0x3144,0x9B69,0x3145,0x2125,
  0x1905,0x18E4,0x3A29,0x5B0D,0x1925,0x1925,0x18E4,0x18E4,0x3966,0x3166,0x3166,0x3186,
  0x3166,0x2945,0x2945,0x2945,0x2124,0x2925,0x2925,0x2925,0x2925,0x2925,0x3145,0x3986,
  0x3145,0x3145,0x3965,0x28E3,0x3124,0x6207,0x71E6,0x7A06,0x61A5,0x8A88,0x8227,0x6185,
  0x49A4,0x3963,0x2904,0x3124,0x41A6,0x28E3,0x3944,0x51E7,0x59A5,0x8247,0x7227,0x51A5,
  0x59C5,0x3103,0x18A2,0x8246,0xBC0B,0x6A06,0x3966,0x2966,0x18E3,0x18A2,0x2104,0x2105,
  0x2145,0x3186,0x39E8,0x2946,0x2946,0x2946,0x2125,0x18C3,0x1883,0x18A3,0x3965,0x4165,
  0x0021,0x0021,0x0041,0x0041,0x0041,0x0041,0x0021,0x0001,0x0000,0x0001,0x0021,0x0041,
  0x0021,0x0021,0x0041,0x0041,0x0021,0x0041,0x0861,0x0020,0x0821,0x0821,0x0841,0x0841,
  0x0021,0x0841,0x10A3,0x18E3,0x18E3,0x2945,0x2104,0x4A69,0x39E7,0x18C3,0x0841,0x10A2,
  0x0840,0x0861,0x0020,0x0020,0x0000,0x0000,0x0000,0x0000,0x0020,0x0021,0x0021,0x0001,
  0x0001,0x0001,0x0001,0x0001,0x0000,0x0000,0x0000,0x0000,0x0000,0x0000,0x0000,0x0021,
  0x0020,0x0882,0x0861,0x0000,0x0000,0x0000,0x0861,0x18C3,0x18C3,0x0862,0x1082,0x31A7,
  0x4208,0x10A3,0x2125,0x5ACB,0x4208,0x39C7,0x18E3,0x39C6,0x18C2,0x1081,0x2945,0x0000,
  0x2965,0x528A,0x3165,0x2925,0x0841,0x0841,0x3945,0x1041,0x0000,0x0000,0x0000,0x0000,
  0x0000,0x0000,0x0000,0x0841,0x1082,0x0861,0x0000,0x0000,0x0020,0x10A2,0x1082,0x0841,
  0x0820,0x0840,0x20E3,0x18C3,0x1082,0x0841,0x1061,0x2104,0x1062,0x0000,0x0000,0x0000,
  0x0000,0x0000,0x0020,0x0020,0x0020,0x0841,0x20E3,0x2103,0x1061,0x18C2,0x2924,0x41E7,
  0x5249,0x5A8A,0x628A,0x4A07,0x5A89,0x5A89,0x5A89,0x5A89,0x5A8A,0x5A8A,0x62AA,0x62AA,
  0x6AAA,0x6AA9,0x6AA9,0x6AAA,0x5A48,0x6248,0x7AEA,0x82E9,0x82E9,0x82C9,0x82C9,0x51E7,
  0x51E7,0x6A67,0x8B09,0x9AEA,0x6A68,0x10E4,0x18C4,0x2166,0x2124,0x20E2,0x18E4,0x10C4,
  0x18C4,0x10C4,0x2166,0x4249,0x3A09,0x4AAB,0x2146,0x1083,0x3126,0x3987,0x31A7,0x3186,
  0x2945,0x2966,0x3166,0x2925,0x3145,0x2945,0x2925,0x2925,0x3145,0x2924,0x2904,0x3145,
  0x3944,0x3965,0x3985,0x3124,0x28E3,0x51A6,0x7A06,0x7A06,0x7206,0x61A6,0x4924,0x5185,
  0x61A5,0x61C6,0x2904,0x20E3,0x2904,0x2904,0x20C3,0x2905,0x3966,0x4164,0x4964,0x5984,
  0x59A4,0x4144,0x18A3,0x3145,0x39A6,0x2125,0x1904,0x2125,0x2125,0x2125,0x2125,0x2125,
  0x2945,0x3186,0x2966,0x2125,0x2946,0x2125,0x2105,0x18C3,0x10A3,0x18A3,0x28C3,0x4165,
  0x0862,0x0041,0x0021,0x0041,0x0041,0x0041,0x0021,0x0000,0x0000,0x0000,0x0000,0x0000,
  0x0021,0x0041,0x0862,0x0041,0x0021,0x0021,0x1082,0x0021,0x0841,0x0841,0x18E3,0x0841,
  0x0841,0x1082,0x1082,0x18E3,0x18C3,0x2965,0x2965,0x18C2,0x2965,0x3186,0x1082,0x0000,
  0x0000,0x1081,0x0841,0x0000,0x0000,0x0000,0x0000,0x0000,0x0020,0x0021,0x0021,0x0021,
  0x0841,0x0021,0x0021,0x0021,0x0021,0x0000,0x0000,0x0000,0x0000,0x0000,0x0021,0x0021,
  0x0020,0x0000,0x0020,0x0841,0x0021,0x0000,0x10C3,0x10A3,0x18C3,0x18C3,0x0841,0x0841,
  0x10C3,0x18E4,0x10A3,0x4A49,0x39C7,0x10A3,0x2945,0x2924,0x0000,0x20E3,0x3986,0x20E3,
  0x0000,0x20E3,0x39A6,0x39C7,0x2965,0x0841,0x3125,0x2904,0x0841,0x0000,0x0020,0x0000,
  0x0000,0x0000,0x0000,0x0000,0x0841,0x1061,0x1061,0x0841,0x0000,0x0000,0x1082,0x20E3,
  0x18C2,0x20E3,0x2104,0x0841,0x0000,0x0000,0x0841,0x18C3,0x20E3,0x1082,0x0020,0x0000,
  0x0000,0x0020,0x0020,0x0020,0x0821,0x0841,0x1082,0x2104,0x18C2,0x20E2,0x18A2,0x41C6,
  0x5A69,0x5A69,0x628A,0x5248,0x5A89,0x5A89,0x5A89,0x5A89,0x5A8A,0x62AA,0x62AA,0x6AAA,
  0x6AAA,0x6AAA,0x6AAA,0x6AAA,0x6AA9,0x72C9,0x82EA,0x830A,0x8B0A,0x8AEA,0x7AC9,0x5207,
  0x4A07,0x51E7,0x6A68,0x934B,0x51E6,0x10A3,0x18E4,0x1925,0x1925,0x08A3,0x0882,0x10C3,
  0x18E4,0x10A3,0x2145,0x2146,0x424A,0x634E,0x31E8,0x10C3,0x3105,0x41A7,0x3186,0x39C7,
  0x2965,0x2966,0x3166,0x2925,0x3165,0x3166,0x2904,0x2925,0x3145,0x3125,0x3145,0x4186,
  0x4165,0x3945,0x4165,0x3965,0x28E3,0x4144,0x8247,0x79E6,0x9AE9,0x61E6,0x3944,0x5164,
  0x71A5,0x61A6,0x2945,0x3145,0x2903,0x3145,0x2904,0x3125,0x4165,0x59A4,0x61C4,0x69A4,
  0x69A5,0x5186,0x18E3,0x10C3,0x2166,0x2945,0x2145,0x2145,0x2986,0x2966,0x2125,0x2945,
  0x2924,0x41C8,0x2105,0x18E4,0x2966,0x2125,0x18C4,0x10A3,0x10A3,0x10A3,0x18A3,0x2124,
  0x1904,0x0021,0x0021,0x0041,0x0021,0x0021,0x0021,0x0000,0x0000,0x10A3,0x0041,0x1082,
  0x0862,0x0021,0x0041,0x0041,0x0021,0x0021,0x18A3,0x1082,0x0021,0x0000,0x18C3,0x2104,
  0x0821,0x0841,0x1082,0x10A2,0x2104,0x3186,0x2104,0x31A6,0x4208,0x31A6,0x18C3,0x1082,
  0x0000,0x0820,0x0020,0x0000,0x0000,0x0000,0x0000,0x0000,0x0000,0x0021,0x0021,0x0862,
  0x1082,0x0021,0x0841,0x0841,0x0020,0x0000,0x0000,0x0000,0x0000,0x0020,0x0000,0x0000,
  0x0861,0x0041,0x0041,0x0841,0x0021,0x0021,0x0882,0x0862,0x0882,0x10A3,0x1082,0x4208,
  0x10A3,0x10C3,0x1082,0x0882,0x18C3,0x1082,0x31A6,0x1082,0x0000,0x2904,0x41E7,0x2944,
  0x10A2,0x41E7,0x5269,0x31A6,0x1082,0x0020,0x1881,0x3985,0x3165,0x0841,0x0000,0x0820,
  0x0000,0x0000,0x0000,0x0000,0x0000,0x0000,0x0821,0x1082,0x1082,0x0841,0x0000,0x0820,
  0x0841,0x2104,0x2924,0x0820,0x1041,0x1061,0x0000,0x0840,0x20E3,0x2104,0x0861,0x0000,
  0x0000,0x0020,0x0020,0x0020,0x0841,0x1082,0x1061,0x18A2,0x2923,0x20E2,0x18A2,0x2903,
  0x5A69,0x5A69,0x5A69,0x5A69,0x5A69,0x5A89,0x5A89,0x5A8A,0x628A,0x62AA,0x62CA,0x6ACA,
  0x6ACA,0x6AAA,0x6AAA,0x72A9,0x6AA9,0x7AEA,0x830A,0x82EA,0x82E9,0x8AEA,0x7289,0x5A27,
  0x49E6,0x49E8,0x5A08,0x82E9,0x3965,0x1083,0x18E4,0x1904,0x1905,0x18E4,0x1083,0x10C3,
  0x10C4,0x10C3,0x2125,0x2146,0x1905,0x29A7,0x1925,0x08A3,0x1883,0x2905,0x2925,0x2945,
  0x2125,0x2125,0x2925,0x3125,0x2904,0x2925,0x2925,0x2925,0x3165,0x3145,0x4186,0x49E7,
  0x49A6,0x4165,0x4165,0x3945,0x3103,0x3103,0x71E6,0x9268,0x9308,0x59A4,0x4965,0x5185,
  0x8226,0x61A6,0x2924,0x3945,0x28E3,0x3124,0x3124,0x3145,0x4986,0x61C5,0x79E5,0x8247,
  0x8227,0x5145,0x18E3,0x1904,0x18E4,0x18E4,0x2126,0x1925,0x2125,0x2146,0x2946,0x2945,
  0x4945,0x3126,0x18E4,0x1082,0x18E4,0x18E4,0x10A3,0x18C3,0x10A3,0x10A3,0x10A3,0x10A3,
  0x1083,0x0862,0x0021,0x0041,0x0021,0x0000,0x0000,0x0000,0x0021,0x1082,0x10A3,0x2104,
  0x18E3,0x0021,0x0041,0x0041,0x0862,0x0041,0x0862,0x1062,0x0000,0x0000,0x0020,0x10A2,
  0x0021,0x0841,0x1082,0x10A2,0x18E3,0x3186,0x39A6,0x3185,0x3165,0x39A6,0x1081,0x1061,
  0x0841,0x0000,0x0000,0x0000,0x0000,0x0000,0x0000,0x0000,0x0000,0x0000,0x0020,0x0020,
  0x0021,0x0021,0x0821,0x0020,0x0000,0x0000,0x0000,0x0000,0x0000,0x0021,0x0020,0x0020,
  0x1082,0x0862,0x0041,0x0041,0x0000,0x0862,0x18E4,0x18C3,0x0862,0x18C3,0x10A3,0x1904,
  0x10A3,0x10A3,0x0862,0x3186,0x2104,0x10A3,0x2104,0x0000,0x0820,0x2924,0x41C6,0x2924,
  0x0820,0x18C3,0x2104,0x39A6,0x20E3,0x0000,0x1881,0x3124,0x3985,0x39A6,0x18C3,0x0820,
  0x0861,0x0020,0x0000,0x0000,0x0000,0x0000,0x0000,0x0000,0x0841,0x0861,0x10A2,0x10A2,
  0x18C2,0x2924,0x1081,0x0820,0x18C2,0x18A2,0x0000,0x0000,0x0841,0x18C3,0x18C3,0x0000,
  0x0000,0x0000,0x0000,0x0020,0x0841,0x10A2,0x1082,0x18A2,0x3185,0x3185,0x2903,0x2903,
  0x3985,0x5A69,0x5248,0x5A89,0x5A89,0x5A89,0x5A89,0x62AA,0x62A9,0x62A9,0x6ACA,0x6ACA,
  0x6AAA,0x6AA9,0x72CA,0x7AEA,0x6A89,0x6AA9,0x7AEA,0x7AE9,0x82EA,0x82EA,0x72A9,0x5227,
  0x49C6,0x49C7,0x5A29,0x72A9,0x2103,0x10C3,0x2125,0x1904,0x18E4,0x10C3,0x10A3,0x10A3,
  0x10A3,0x10A3,0x18E4,0x2966,0x10C4,0x10C4,0x10E4,0x08A3,0x10A3,0x2925,0x2925,0x2125,
  0x2145,0x2105,0x20E4,0x2904,0x20E4,0x2904,0x2924,0x2904,0x2924,0x2924,0x3945,0x4185,
  0x4985,0x49A6,0x51C6,0x51A6,0x3965,0x28E3,0x61C5,0xAB2A,0x7247,0x4943,0x61C6,0x69E5,
  0x9287,0x5964,0x28E4,0x3104,0x3124,0x28E3,0x2904,0x3124,0x4186,0x61C5,0x8A47,0x9288,
  0x8A28,0x3944,0x10C3,0x1904,0x18E4,0x18C4,0x10C3,0x10C3,0x10E4,0x2105,0x2146,0x2966,
  0x41A6,0x1082,0x10C3,0x10A3,0x10A3,0x10A3,0x10A3,0x10A3,0x10A3,0x10A3,0x10A3,0x10A3,
  0x0842,0x0862,0x0021,0x0021,0x0021,0x0021,0x0000,0x0000,0x0000,0x0000,0x0021,0x0862,
  0x0841,0x0021,0x0021,0x0041,0x0021,0x0021,0x0841,0x10A2,0x0000,0x0020,0x0841,0x0861,
  0x18E4,0x0841,0x10A3,0x1082,0x2104,0x4A49,0x5ACB,0x3186,0x6B4C,0x39C7,0x20E3,0x1882,
  0x1061,0x0820,0x0020,0x0000,0x0000,0x0020,0x0001,0x0000,0x0000,0x0000,0x0020,0x0020,
  0x0020,0x0000,0x0000,0x0000,0x0000,0x0000,0x0000,0x0000,0x0021,0x0041,0x0041,0x0041,
  0x0021,0x0021,0x0842,0x0021,0x0001,0x18C3,0x2125,0x2124,0x1082,0x18E4,0x1904,0x0882,
  0x1082,0x0862,0x0862,0x2104,0x10C3,0x18E4,0x0021,0x0000,0x0820,0x2924,0x39A6,0x1082,
  0x2945,0x2104,0x1082,0x3165,0x2945,0x0000,0x1041,0x2903,0x5228,0x4A28,0x20E3,0x18A2,
  0x10A2,0x1082,0x0000,0x0000,0x0000,0x0000,0x0000,0x0000,0x0000,0x0000,0x0000,0x0020,
  0x0020,0x0000,0x18A2,0x1081,0x1882,0x2104,0x0841,0x0000,0x0020,0x0861,0x1082,0x1061,
  0x0000,0x0000,0x0000,0x0000,0x0020,0x0841,0x1061,0x1061,0x2924,0x4207,0x5AA9,0x4A28,
  0x2924,0x39A6,0x5269,0x5A89,0x5A89,0x5A8A,0x62AA,0x62AA,0x62A9,0x62A9,0x6ACA,0x6ACA,
  0x6AAA,0x6ACA,0x6AA9,0x6A89,0x6AAA,0x6ACA,0x7B0B,0x72C9,0x8AEA,0x82EA,0x6248,0x49E7,
  0x49C7,0x49E7,0x41C7,0x3166,0x2124,0x1904,0x18C3,0x0882,0x10A3,0x10E3,0x08A2,0x0882,
  0x0882,0x0882,0x10A3,0x2125,0x2125,0x10C4,0x10A3,0x10A3,0x10A3,0x2925,0x2924,0x1904,
  0x2125,0x2125,0x2125,0x2925,0x2925,0x2904,0x2904,0x2944,0x2924,0x2924,0x3124,0x3124,
  0x3124,0x3945,0x3945,0x4165,0x3965,0x28E3,0x4164,0x9267,0x61A5,0x61A5,0x7A05,0x8A24,
  0xBB08,0x61C6,0x3925,0x3945,0x3124,0x28E3,0x2903,0x3124,0x4165,0x61E6,0x8225,0x8226,
  0x61E6,0x1923,0x18C4,0x10C4,0x18C4,0x18E4,0x18E4,0x10E4,0x1925,0x2125,0x2126,0x2125,
  0x10A3,0x1082,0x10A2,0x1083,0x18C4,0x1083,0x10A3,0x10C3,0x10A3,0x18E4,0x10C3,0x10A3,
  0x10A4,0x1083,0x0862,0x0021,0x0021,0x0041,0x0021,0x0000,0x0000,0x0020,0x0021,0x0021,
  0x0021,0x0021,0x0021,0x0021,0x0021,0x0021,0x0841,0x0821,0x1082,0x0021,0x0020,0x1082,
  0x1082,0x0841,0x2945,0x2945,0x18C3,0x4228,0x630C,0x2965,0x5ACB,0x39A6,0x2904,0x1882,
  0x1041,0x0821,0x0000,0x0000,0x0000,0x0020,0x0021,0x0000,0x0000,0x0000,0x0020,0x0020,
  0x0000,0x0000,0x0000,0x0000,0x0000,0x0000,0x0000,0x0021,0x0021,0x0862,0x0021,0x0041,
  0x0041,0x0862,0x0021,0x0001,0x0041,0x2124,0x18E4,0x0041,0x0882,0x10A3,0x0882,0x10A3,
  0x10A3,0x0862,0x10C3,0x2125,0x2945,0x2104,0x1062,0x0000,0x0820,0x2924,0x3165,0x18C3,
  0x18E3,0x2945,0x18C3,0x3165,0x1082,0x0000,0x0000,0x28E3,0x49E7,0x2903,0x28E3,0x20C3,
  0x0861,0x2104,0x20C3,0x0841,0x0000,0x0000,0x0000,0x0000,0x0000,0x0000,0x0000,0x0000,
  0x0020,0x0841,0x2103,0x18A2,0x1041,0x2903,0x0840,0x0000,0x0000,0x0841,0x1082,0x0861,
  0x0000,0x0020,0x0020,0x0000,0x0020,0x0841,0x0841,0x1082,0x2924,0x39A5,0x5ACA,0x5AAA,
  0x41C6,0x3165,0x39A6,0x5A89,0x62AA,0x628A,0x62AA,0x62AA,0x62AA,0x6AAA,0x6ACA,0x6ACA,
  0x6AAA,0x6ACA,0x6AAA,0x49C7,0x41C7,0x5208,0x6289,0x6A68,0x8AEA,0x7AC9,0x6269,0x49E7,
  0x4186,0x41C7,0x3986,0x31A6,0x1082,0x10A3,0x10A3,0x0882,0x10C3,0x10E3,0x10A3,0x0882,
  0x0883,0x10A3,0x10A3,0x10C4,0x2987,0x31C8,0x2146,0x10C4,0x1083,0x18C4,0x2125,0x18E4,
  0x2125,0x2125,0x2105,0x2104,0x2104,0x2925,0x2924,0x2924,0x2924,0x3124,0x3986,0x3965,
  0x3945,0x3924,0x3104,0x3104,0x3124,0x3124,0x51A4,0x9A86,0x7A26,0x8A45,0xC3C9,0xBB27,
  0xBB28,0x5185,0x4145,0x3945,0x28E3,0x3124,0x2904,0x3125,0x4144,0x61E5,0x7205,0x8247,
  0x3985,0x10C2,0x18C4,0x10C4,0x18C4,0x1904,0x10C4,0x18E4,0x1904,0x18E4,0x18C4,0x2125,
  0x18C3,0x1082,0x10A3,0x10A3,0x1083,0x1083,0x1083,0x18C4,0x10C3,0x10C3,0x10A3,0x1083,
  0x18E4,0x10A3,0x0862,0x0041,0x0041,0x0021,0x0000,0x0000,0x0000,0x0020,0x0021,0x0020,
  0x0021,0x0021,0x0000,0x0000,0x0021,0x0841,0x0862,0x2125,0x1082,0x0000,0x0021,0x0021,
  0x0021,0x0841,0x18C3,0x2104,0x18C3,0x39E7,0x630C,0x39C6,0x630B,0x3985,0x3165,0x20C2,
  0x1061,0x0821,0x0000,0x0021,0x0021,0x0021,0x0021,0x0021,0x0021,0x0020,0x0020,0x0000,
  0x0000,0x0000,0x0000,0x0000,0x0000,0x0000,0x0000,0x0021,0x0021,0x0841,0x0842,0x0841,
  0x0041,0x0882,0x0000,0x0021,0x0862,0x0000,0x0841,0x0882,0x0882,0x18E4,0x0882,0x10A3,
  0x1082,0x0862,0x18E4,0x2966,0x10A3,0x18C3,0x18C3,0x0000,0x0841,0x2924,0x20E3,0x1082,
  0x41E8,0x2944,0x2103,0x2945,0x0841,0x0000,0x0000,0x2904,0x28E3,0x20E3,0x3104,0x18A2,
  0x0000,0x2924,0x3145,0x20E3,0x1082,0x1061,0x0020,0x0000,0x0000,0x0820,0x10A2,0x10A2,
  0x1081,0x1061,0x18C2,0x18C3,0x1061,0x2903,0x2903,0x0000,0x0000,0x0000,0x0841,0x10A2,
  0x0020,0x0000,0x0020,0x0020,0x0020,0x0841,0x0841,0x0861,0x18C2,0x3985,0x5248,0x5269,
  0x5269,0x5269,0x3144,0x5228,0x6ACB,0x62AA,0x62AA,0x62AA,0x6ACA,0x6AAA,0x72EB,0x6ACA,
  0x6ACA,0x6ACA,0x72EB,0x41C7,0x2125,0x3145,0x2924,0x5A07,0x8B0B,0x7AE9,0x5A28,0x5208,
  0x41A6,0x4165,0x3986,0x2125,0x0882,0x10A3,0x10A3,0x10A3,0x10C3,0x18E4,0x10A3,0x0883,
  0x10A3,0x10C3,0x10C3,0x08A3,0x2987,0x31C8,0x31C8,0x2146,0x10A3,0x18A3,0x2104,0x2104,
  0x2966,0x2946,0x2125,0x2104,0x2104,0x2104,0x20E4,0x2904,0x2904,0x3124,0x3945,0x3945,
  0x3945,0x3945,0x3965,0x3944,0x3944,0x4185,0x4983,0x92A6,0x9287,0x9A45,0xED4D,0xF58F,
  0x9287,0x30C2,0x4144,0x3945,0x2904,0x2904,0x2924,0x3125,0x3924,0x61C5,0x7226,0x61E7,
  0x2103,0x10C3,0x18C4,0x18E4,0x18E4,0x18E4,0x18E4,0x18E4,0x10C4,0x10A3,0x0883,0x2125,
  0x10C4,0x10A3,0x10C3,0x18E4,0x1083,0x0882,0x1083,0x18C4,0x10C4,0x10C3,0x10C4,0x10C4,
  0x0021,0x0882,0x1083,0x0041,0x0021,0x0842,0x0020,0x0000,0x0000,0x0020,0x0020,0x0041,
  0x0041,0x0000,0x0021,0x0841,0x0021,0x0841,0x0021,0x18E3,0x2125,0x0021,0x0020,0x0021,
  0x0041,0x0862,0x0862,0x0861,0x4208,0x39C7,0x5ACA,0x5AAA,0x4207,0x3185,0x3965,0x2904,
  0x20C3,0x1041,0x0021,0x0021,0x0021,0x0021,0x0021,0x0021,0x0021,0x0020,0x0020,0x0000,
  0x0000,0x0000,0x0000,0x0000,0x0000,0x0000,0x0000,0x0000,0x0021,0x0021,0x0021,0x0041,
  0x0041,0x0041,0x0000,0x0841,0x10C3,0x0041,0x0841,0x10A3,0x2125,0x2145,0x0862,0x10A3,
  0x0882,0x10A3,0x2125,0x18C3,0x0841,0x10A3,0x10A3,0x0000,0x1082,0x2924,0x3124,0x0820,
  0x18A2,0x18C2,0x2924,0x3186,0x0000,0x0000,0x0000,0x28E3,0x2904,0x39A6,0x3945,0x20C3,
  0x0000,0x2903,0x20E3,0x3185,0x2924,0x18C3,0x1082,0x0820,0x0000,0x0820,0x18A2,0x2945,
  0x20E3,0x18A2,0x18C3,0x18A2,0x1061,0x2924,0x3124,0x0820,0x0000,0x0000,0x0000,0x1082,
  0x1082,0x0000,0x0020,0x0020,0x0841,0x0841,0x0861,0x1061,0x20C2,0x3985,0x4A07,0x5AAA,
  0x5A89,0x62CA,0x41C6,0x41C6,0x62AA,0x62AA,0x62AA,0x62AA,0x6ACA,0x6ACA,0x6ACA,0x6ACA,
  0x6ACA,0x72CA,0x72CA,0x3986,0x2966,0x2966,0x2966,0x49C7,0x8B0B,0x7AC9,0x6248,0x49A6,
  0x5228,0x5A28,0x5A69,0x18E4,0x10A3,0x10C3,0x10C3,0x10C4,0x10C3,0x18E4,0x10C3,0x0882,
  0x10A3,0x10C4,0x10C3,0x0883,0x2166,0x424A,0x31C8,0x2146,0x2125,0x10A3,0x2104,0x18E4,
  0x2966,0x2966,0x2945,0x2104,0x2104,0x2925,0x20E4,0x3144,0x3145,0x3124,0x3145,0x3965,
  0x3965,0x4165,0x4185,0x4165,0x3944,0x3944,0x3123,0x61C5,0x9A45,0xC3AA,0xF5CF,0xC366,
  0x69C5,0x4144,0x4985,0x3125,0x2904,0x2903,0x3144,0x3145,0x3924,0x59A4,0x8A47,0x51C6,
  0x18E3,0x18E4,0x18E4,0x18E4,0x18E4,0x10C3,0x18C4,0x10A3,0x0883,0x0882,0x0862,0x10A3,
  0x10C4,0x10A3,0x1082,0x0862,0x1082,0x1083,0x1083,0x18C4,0x10E4,0x10E4,0x10E4,0x10C3,
  0x0000,0x0041,0x0882,0x0862,0x0041,0x1082,0x0021,0x0020,0x0020,0x0020,0x0020,0x0841,
  0x0841,0x0020,0x0021,0x1082,0x0882,0x0021,0x0020,0x0841,0x10A2,0x0020,0x1082,0x0861,
  0x0021,0x0861,0x0882,0x0841,0x18E3,0x2965,0x31A6,0x5AEB,0x7BEE,0x39C6,0x39C6,0x2904,
  0x20E4,0x0841,0x10A2,0x0020,0x0021,0x0021,0x0021,0x0021,0x0021,0x0020,0x0000,0x0000,
  0x0000,0x0000,0x0000,0x0000,0x0000,0x0000,0x0021,0x0021,0x0041,0x0041,0x0041,0x0841,
  0x0841,0x0021,0x0000,0x0021,0x0841,0x0861,0x0020,0x10A2,0x18C3,0x0862,0x0021,0x0841,
  0x0000,0x2104,0x3186,0x18C3,0x0862,0x10A3,0x0861,0x0000,0x18C3,0x3165,0x41C6,0x2903,
  0x20C3,0x2104,0x10A2,0x18E3,0x0000,0x0000,0x0000,0x18A2,0x2903,0x2924,0x3124,0x3144,
  0x0000,0x18A2,0x2103,0x2924,0x2923,0x1061,0x2924,0x1082,0x0841,0x0840,0x2965,0x3186,
  0x2924,0x18A2,0x2924,0x2103,0x0820,0x20C2,0x2924,0x0841,0x0000,0x0000,0x0000,0x0000,
  0x10A2,0x10A2,0x0000,0x0020,0x0841,0x0841,0x1061,0x1081,0x3144,0x4A27,0x39A6,0x5AAA,
  0x62AA,0x62CA,0x62AA,0x5228,0x5A69,0x62AA,0x62CA,0x62AA,0x6ACA,0x6ACA,0x6ACA,0x72EB,
  0x72CA,0x72EB,0x6ACA,0x2965,0x2986,0x2966,0x2986,0x3166,0x7ACB,0x7ACA,0x6A89,0x49C6,
  0x5227,0x6AA9,0x5A69,0x18E4,0x10A3,0x18C3,0x10C3,0x18E4,0x18E4,0x18E4,0x10C3,0x0862,
  0x10A3,0x18C4,0x10C4,0x08A3,0x2145,0x3A09,0x31C8,0x2987,0x2946,0x10C3,0x18E3,0x20E4,
  0x2125,0x2966,0x2145,0x2104,0x2125,0x2124,0x2104,0x2904,0x3986,0x3145,0x3145,0x3965,
  0x4186,0x41A6,0x4185,0x49A5,0x4984,0x4964,0x4964,0x5165,0x9A86,0xE4CD,0xEDF0,0xC367,
  0x61C5,0x7A47,0x5186,0x30E4,0x2904,0x3124,0x3924,0x3944,0x3945,0x4965,0x8248,0x3165,
  0x1904,0x1904,0x10A2,0x10A2,0x10A3,0x10A3,0x0882,0x0883,0x1082,0x0882,0x2904,0x20E4,
  0x10C3,0x10C3,0x10A3,0x0882,0x1083,0x1083,0x0882,0x10A3,0x18E4,0x10E4,0x10E4,0x10E4,
  0x0021,0x0882,0x10A3,0x0042,0x0041,0x0842,0x0041,0x0020,0x0021,0x0021,0x0020,0x0841,
  0x0841,0x0841,0x0000,0x0041,0x0041,0x0021,0x0000,0x1082,0x18E4,0x0000,0x0861,0x0021,
  0x0021,0x0861,0x0882,0x0861,0x10A2,0x10A2,0x2124,0x5ACA,0x840F,0x52A9,0x4208,0x2945,
  0x18C3,0x1062,0x1082,0x0841,0x0021,0x0021,0x0021,0x0021,0x0021,0x0020,0x0000,0x0000,
  0x0000,0x0000,0x0000,0x0020,0x0000,0x0000,0x0021,0x0021,0x0041,0x0021,0x0021,0x0041,
  0x0841,0x0000,0x0000,0x0021,0x0841,0x0841,0x0021,0x0000,0x0021,0x0021,0x0021,0x0841,
  0x0040,0x0000,0x18C3,0x0841,0x0841,0x1082,0x0020,0x0000,0x2104,0x3144,0x2904,0x3124,
  0x2924,0x20E3,0x2945,0x18A3,0x0000,0x0000,0x0000,0x10A2,0x18C2,0x2924,0x2904,0x20C3,
  0x0820,0x18A2,0x3165,0x2903,0x2944,0x0840,0x39A6,0x2103,0x1082,0x18C3,0x2944,0x2944,
  0x2924,0x1881,0x20E3,0x2924,0x1041,0x1061,0x41A6,0x2944,0x0000,0x0000,0x0000,0x0000,
  0x0000,0x0861,0x0020,0x0020,0x0020,0x0861,0x1081,0x1082,0x2944,0x5269,0x39A6,0x5248,
  0x62CA,0x5A89,0x62AA,0x5A69,0x628A,0x5228,0x6289,0x62A9,0x6ACA,0x6ACA,0x6ACA,0x6AEA,
  0x6ACA,0x72EB,0x5289,0x4207,0x41E7,0x3186,0x31A6,0x29A6,0x5A49,0x832B,0x6A89,0x6269,
  0x6268,0x6AA9,0x4A08,0x10A3,0x10A3,0x10C3,0x18C4,0x18E3,0x18E4,0x10A3,0x10C3,0x0882,
  0x10C3,0x1904,0x18E4,0x10A3,0x10A3,0x2987,0x39E8,0x2987,0x2146,0x10C4,0x2104,0x3166,
  0x2104,0x2125,0x2125,0x2105,0x2104,0x2104,0x2104,0x2903,0x2904,0x2904,0x3124,0x3145,
  0x3965,0x4185,0x3965,0x4185,0x51A5,0x71E6,0x6185,0x4944,0x71A5,0xEE32,0xED4D,0x9244,
  0x69A3,0x8A65,0x61A5,0x71C6,0x4945,0x4985,0x3924,0x4165,0x4145,0x4985,0x4145,0x18A3,
  0x10A3,0x10A3,0x0882,0x0882,0x10C3,0x10A3,0x10A3,0x10A3,0x10A3,0x10A3,0x3946,0x20E4,
  0x10C3,0x10A3,0x1082,0x0882,0x0882,0x1083,0x1082,0x10A3,0x10C3,0x10C3,0x10C3,0x10A3,
  0x0021,0x0862,0x10C3,0x0042,0x0041,0x0021,0x0021,0x0041,0x0021,0x0020,0x0021,0x0862,
  0x0841,0x0882,0x10A3,0x0000,0x0021,0x0021,0x0021,0x0041,0x10A3,0x0021,0x0861,0x0041,
  0x0041,0x0861,0x0882,0x0882,0x18C3,0x2124,0x18E3,0x4A69,0x5ACA,0x5269,0x41E7,0x1082,
  0x1061,0x18A2,0x1082,0x0841,0x0021,0x0021,0x0021,0x0021,0x0020,0x0000,0x0000,0x0000,
  0x0000,0x0000,0x0000,0x0000,0x0000,0x0021,0x0021,0x0021,0x0021,0x0021,0x0021,0x0862,
  0x0841,0x0021,0x0021,0x0862,0x0862,0x0862,0x0041,0x0000,0x0041,0x0861,0x0841,0x10C3,
  0x10C3,0x18E3,0x10C3,0x0000,0x0861,0x0861,0x0000,0x0820,0x20E3,0x3165,0x3165,0x5228,
  0x3145,0x18A2,0x20E4,0x1082,0x1061,0x0000,0x0000,0x0020,0x0861,0x18C3,0x5228,0x3165,
  0x1061,0x18A2,0x2924,0x2103,0x3185,0x1081,0x1061,0x3165,0x20E3,0x3185,0x31A6,0x1081,
  0x2924,0x1882,0x1061,0x20E3,0x1061,0x0820,0x20C3,0x20E3,0x0820,0x0820,0x0000,0x0000,
  0x0000,0x0861,0x0020,0x0020,0x0020,0x0861,0x2945,0x18C3,0x20E2,0x5248,0x41C6,0x4A07,
  0x62CA,0x62A9,0x62AA,0x6289,0x6ACA,0x6289,0x5A68,0x62A9,0x6ACA,0x62AA,0x6ACA,0x6ACA,
  0x6AAA,0x72EB,0x4227,0x2965,0x3125,0x2945,0x2165,0x29A6,0x39A6,0x6AA9,0x6A89,0x6268,
  0x6A89,0x72CA,0x4A07,0x1083,0x10A3,0x10E3,0x18C3,0x10C3,0x10C4,0x18C4,0x1904,0x0883,
  0x10A3,0x2945,0x2104,0x10A3,0x10C4,0x2146,0x2987,0x3A29,0x426A,0x1925,0x18C3,0x39C7,
  0x1904,0x18E4,0x1904,0x18E4,0x20E4,0x20E4,0x2104,0x2103,0x20E3,0x2904,0x3124,0x3124,
  0x3124,0x3965,0x3944,0x3964,0x5185,0x71C6,0x5985,0x5184,0x5144,0xBC2C,0xE449,0x9AA6,
  0x9224,0xAA65,0x5143,0x4984,0x49A5,0x4165,0x2904,0x51A7,0x4965,0x51A6,0x4186,0x20E4,
  0x10A3,0x10A3,0x10A3,0x10A3,0x18C4,0x10C3,0x10C3,0x10A3,0x18C4,0x10E3,0x10A3,0x18C3,
  0x18E4,0x0882,0x1082,0x10A3,0x1083,0x0882,0x0883,0x10A3,0x10A3,0x10A3,0x0883,0x10A3,
  0x0021,0x0041,0x0862,0x0042,0x0041,0x0021,0x0021,0x0041,0x0041,0x0021,0x0021,0x0841,
  0x0021,0x0021,0x1082,0x0021,0x0021,0x0021,0x0021,0x0021,0x0882,0x0021,0x0041,0x0841,
  0x0841,0x0882,0x1082,0x1082,0x18C3,0x2966,0x4228,0x4A69,0x4A68,0x4207,0x39C7,0x2104,
  0x0841,0x0000,0x0841,0x18C3,0x0020,0x0021,0x0841,0x0020,0x0000,0x0000,0x0000,0x0000,
  0x0000,0x0000,0x0000,0x0000,0x0020,0x0021,0x0021,0x0021,0x0882,0x0041,0x0041,0x1082,
  0x0841,0x0021,0x0862,0x0862,0x0862,0x0862,0x0021,0x10A2,0x2124,0x0841,0x10A2,0x18C3,
  0x1082,0x2104,0x1062,0x0000,0x0861,0x0841,0x0000,0x0841,0x20C3,0x20E3,0x18A2,0x6B2C,
  0x2924,0x20E3,0x20E3,0x0841,0x1082,0x0000,0x0000,0x0000,0x0820,0x0820,0x3165,0x41C7,
  0x0820,0x1041,0x2904,0x20E3,0x2924,0x3165,0x18C3,0x20E3,0x2924,0x2924,0x2944,0x2103,
  0x2904,0x18A2,0x1882,0x18A2,0x1082,0x0000,0x2904,0x3165,0x1082,0x0820,0x0000,0x0820,
  0x0020,0x0020,0x1082,0x0020,0x0020,0x0861,0x2945,0x3165,0x20E3,0x2103,0x3985,0x5228,
  0x62AA,0x62AA,0x6ACA,0x62AA,0x62AA,0x6ACA,0x6289,0x6AA9,0x6AAA,0x6289,0x5248,0x6289,
  0x6ACA,0x628A,0x3165,0x3166,0x3986,0x2124,0x3165,0x3125,0x3144,0x49C6,0x6AA9,0x6A69,
  0x7289,0x7B0B,0x41C6,0x10A3,0x10A3,0x10E3,0x10C3,0x10E4,0x1905,0x2125,0x1905,0x1083,
  0x18C3,0x18E4,0x18C3,0x10A3,0x10C4,0x2125,0x2186,0x426B,0x5B0D,0x2187,0x1083,0x3966,
  0x3145,0x2945,0x2945,0x20E4,0x20E4,0x20E4,0x20C3,0x20E3,0x2904,0x2924,0x2924,0x3124,
  0x3124,0x3964,0x3944,0x3964,0x59E6,0x8288,0x69C4,0x71E4,0x4144,0x8226,0xDC4A,0xCC4A,
  0xCC09,0xCBA9,0x69E6,0x18C3,0x2924,0x2904,0x18E3,0x4166,0x3924,0x5186,0x49A7,0x39A6,
  0x2104,0x18E4,0x10C3,0x10A3,0x18E4,0x10C3,0x2104,0x2104,0x2105,0x18C3,0x10A3,0x10C3,
  0x10C4,0x0882,0x1082,0x1083,0x1083,0x1082,0x0883,0x10A3,0x10C3,0x10C3,0x10A3,0x10A3,
  0x0021,0x0041,0x0842,0x18E4,0x0021,0x0021,0x0041,0x0001,0x0841,0x0041,0x0021,0x0041,
  0x0041,0x0862,0x0021,0x0021,0x0021,0x0021,0x0041,0x0882,0x0862,0x0841,0x0041,0x0041,
  0x0841,0x0861,0x10A2,0x10A2,0x10A3,0x2945,0x4208,0x3186,0x62EB,0x528A,0x5AAA,0x3986,
  0x20C3,0x1082,0x0000,0x10A2,0x0821,0x0041,0x0020,0x0000,0x0000,0x0000,0x0000,0x0000,
  0x0000,0x0000,0x0000,0x0000,0x0020,0x0020,0x0021,0x0021,0x0862,0x0021,0x10A3,0x10A3,
  0x0841,0x0862,0x0862,0x0041,0x0862,0x0861,0x0861,0x18E3,0x4249,0x10C3,0x10A2,0x18E4,
  0x0841,0x18A3,0x0841,0x0000,0x0861,0x0841,0x0020,0x1062,0x20E4,0x18A2,0x0800,0x1041,
  0x18A2,0x2904,0x2925,0x0000,0x0820,0x0000,0x0000,0x0000,0x1082,0x1082,0x2924,0x5228,
  0x1061,0x0000,0x2103,0x20E3,0x20E3,0x18A2,0x20E3,0x18C2,0x39A6,0x2104,0x2104,0x3186,
  0x2945,0x20C3,0x1881,0x2924,0x18A2,0x0000,0x1882,0x3986,0x2924,0x0820,0x0020,0x0020,
  0x0861,0x0000,0x0861,0x1082,0x0020,0x0861,0x2103,0x39C6,0x5248,0x3164,0x2903,0x49E7,
  0x5A69,0x62CA,0x62CA,0x62AA,0x62AA,0x62AA,0x6ACA,0x6ACA,0x6ACA,0x6289,0x49E6,0x5207,
  0x6AAA,0x6AEB,0x5228,0x41A7,0x3986,0x2104,0x41A7,0x4186,0x5A48,0x72EB,0x5A48,0x5227,
  0x6248,0x72A9,0x3165,0x10A3,0x18E4,0x10E3,0x18E4,0x18E4,0x1905,0x2146,0x10C3,0x10A3,
  0x18E4,0x2104,0x18C3,0x10A3,0x10C4,0x1904,0x29A7,0x2166,0x31C8,0x2987,0x10A3,0x2925,
  0x41C8,0x2945,0x2966,0x2925,0x2925,0x2105,0x20E4,0x20E3,0x20E3,0x2904,0x2924,0x3125,
  0x59E7,0x3965,0x3944,0x3123,0x4984,0x8AE9,0x9AA7,0xA2A7,0x51A4,0x59A5,0xA3AA,0x938A,
  0x938A,0x72E8,0x4186,0x2105,0x20E4,0x20E4,0x1903,0x3104,0x20E3,0x4985,0x7A07,0x4986,
  0x3145,0x2145,0x1904,0x18E4,0x18E4,0x18E4,0x18C3,0x10C3,0x10C3,0x10C3,0x0882,0x10A3,
  0x10A3,0x0882,0x1082,0x1082,0x1083,0x1083,0x0883,0x10A3,0x0882,0x10A3,0x10A3,0x10A3,
  0x0041,0x0041,0x0021,0x0882,0x0862,0x0862,0x0862,0x0021,0x0021,0x0021,0x0041,0x0000,
  0x0000,0x0021,0x0000,0x0021,0x0021,0x0021,0x0041,0x10A3,0x0041,0x1082,0x10A2,0x0041,
  0x0862,0x0841,0x2124,0x2104,0x18C3,0x2104,0x39C7,0x1082,0x4A68,0x5ACA,0x39A6,0x4A08,
  0x2103,0x18C2,0x0820,0x1081,0x0020,0x0021,0x0000,0x0000,0x0000,0x0000,0x0000,0x0000,
  0x0000,0x0000,0x0000,0x0020,0x0000,0x0021,0x0841,0x0021,0x0021,0x0021,0x0862,0x0021,
  0x0841,0x0041,0x0041,0x0862,0x0862,0x0061,0x0882,0x0881,0x2124,0x10C3,0x10A2,0x1082,
  0x18C3,0x20E4,0x1041,0x0000,0x0882,0x0841,0x0000,0x18A2,0x20C3,0x2104,0x1020,0x1882,
  0x1882,0x20E3,0x2104,0x0000,0x0820,0x0000,0x0000,0x0000,0x18C2,0x2103,0x2903,0x3144,
  0x18C2,0x0000,0x18C3,0x2924,0x2924,0x2924,0x18A2,0x2924,0x3165,0x1061,0x2104,0x2925,
  0x20E4,0x20E3,0x18C2,0x2924,0x2924,0x0820,0x1081,0x39C6,0x2945,0x0841,0x0841,0x0000,
  0x1061,0x0000,0x0000,0x0841,0x0841,0x0840,0x1881,0x41C6,0x41E7,0x5269,0x41A6,0x41C7,
  0x5269,0x62AA,0x62AA,0x62AA,0x62AA,0x6AAA,0x6AAA,0x6AEA,0x62AA,0x41C6,0x41A6,0x49E7,
  0x6289,0x6AEA,0x5249,0x2104,0x2125,0x2945,0x2924,0x3165,0x5208,0x72EB,0x41C6,0x4A07,
  0x6269,0x6A89,0x2124,0x10A3,0x18E4,0x18C3,0x2104,0x3125,0x3166,0x2966,0x10C3,0x10A3,
  0x1904,0x3165,0x20E4,0x08A3,0x1905,0x18E4,0x2105,0x2966,0x2966,0x2987,0x1904,0x18E4,
  0x2925,0x2124,0x2945,0x2925,0x2946,0x2925,0x2124,0x2945,0x2104,0x2924,0x2924,0x3124,
  0x3945,0x3965,0x3965,0x3964,0x4144,0x4123,0x7228,0x7248,0x49A5,0x4144,0x4185,0x4145,
  0x3104,0x20E4,0x18E4,0x18E4,0x18E4,0x20E4,0x20E4,0x2904,0x2924,0x5228,0x82EA,0x51E8,
  0x5209,0x2125,0x18E3,0x10A3,0x1082,0x1083,0x0862,0x0882,0x0882,0x10A3,0x0882,0x0883,
  0x10C3,0x0862,0x0882,0x10A3,0x10A3,0x10A3,0x10A3,0x10C3,0x0883,0x10A3,0x10A3,0x10C3,
  0x0041,0x0041,0x0041,0x0041,0x0862,0x0862,0x0841,0x0841,0x0021,0x0021,0x0862,0x0021,
  0x0000,0x0020,0x0000,0x0020,0x0021,0x0021,0x0021,0x0000,0x0020,0x10C3,0x0882,0x0020,
  0x0841,0x0862,0x0041,0x10A2,0x18C3,0x1082,0x20E4,0x2945,0x4A48,0x8C50,0x41C6,0x3985,
  0x20C2,0x20C2,0x1081,0x0000,0x0000,0x0000,0x0000,0x0000,0x0000,0x0000,0x0000,0x0000,
  0x0000,0x0000,0x0020,0x0021,0x0041,0x0020,0x0021,0x0021,0x0021,0x1082,0x18E4,0x10A3,
  0x0841,0x0862,0x0862,0x0862,0x0041,0x08A2,0x1082,0x0041,0x0041,0x0882,0x10A2,0x10A2,
  0x2104,0x1062,0x1041,0x0821,0x0861,0x0800,0x0820,0x20E3,0x20E3,0x2924,0x20C3,0x20E3,
  0x2904,0x18A2,0x1061,0x0000,0x0020,0x0000,0x0000,0x0000,0x1061,0x18A2,0x1861,0x2903,
  0x18A2,0x0000,0x18A2,0x2944,0x2904,0x2944,0x2903,0x18A2,0x0841,0x20E3,0x2124,0x2104,
  0x20E3,0x20C3,0x20E3,0x2924,0x2103,0x1040,0x1081,0x4207,0x41E7,0x18A2,0x0841,0x0820,
  0x1061,0x0841,0x0000,0x0020,0x0841,0x0841,0x0840,0x3165,0x4A27,0x41C6,0x4A28,0x5248,
  0x5A89,0x62AA,0x5A89,0x6289,0x6289,0x62AA,0x62AA,0x6ACA,0x6AAA,0x49E7,0x41A6,0x5207,
  0x62A9,0x62CA,0x3986,0x2104,0x2125,0x2925,0x3145,0x3145,0x3965,0x5208,0x4A07,0x4A28,
  0x6A8A,0x6228,0x18E3,0x10A3,0x18E4,0x18E4,0x2125,0x2104,0x2104,0x2145,0x10C3,0x10A3,
  0x10A3,0x2104,0x2104,0x18E4,0x2145,0x18E4,0x18C4,0x2966,0x2125,0x18E4,0x2125,0x10C3,
  0x18E4,0x2904,0x3966,0x3145,0x2945,0x2945,0x2945,0x3165,0x2944,0x2924,0x3124,0x2924,
  0x2964,0x3985,0x3944,0x4185,0x3125,0x2105,0x2925,0x20E4,0x2125,0x2925,0x2945,0x2945,
  0x2945,0x2965,0x2125,0x18E4,0x1904,0x2125,0x2124,0x2104,0x2925,0x2125,0x18E4,0x18E4,
  0x2104,0x18C3,0x1082,0x1082,0x10A3,0x10A3,0x1082,0x10A3,0x10C3,0x10A3,0x0882,0x0883,
  0x10A3,0x0882,0x1083,0x10C3,0x10C3,0x10C3,0x10A3,0x10A3,0x10A3,0x10A3,0x10A3,0x10C3,
  0x0041,0x0042,0x0041,0x0021,0x0862,0x0841,0x0041,0x0021,0x0021,0x0021,0x0021,0x0021,
  0x0020,0x0020,0x0020,0x0020,0x0841,0x0041,0x0020,0x0020,0x0020,0x10A3,0x0841,0x0020,
  0x0041,0x0841,0x0841,0x0862,0x1082,0x18A3,0x2966,0x2944,0x39C6,0x6B0B,0x7BAD,0x4A07,
  0x39A6,0x20C3,0x1061,0x0841,0x0000,0x0000,0x0000,0x0000,0x0000,0x0000,0x0000,0x0000,
  0x0000,0x0000,0x0000,0x0021,0x0041,0x0000,0x0021,0x0041,0x0021,0x0862,0x10A3,0x18E4,
  0x10A3,0x0862,0x0862,0x0041,0x0041,0x0882,0x0841,0x0882,0x2104,0x0861,0x0862,0x1082,
  0x18E3,0x0821,0x0821,0x0821,0x1062,0x0000,0x0841,0x20E3,0x1061,0x18C3,0x83EF,0x2945,
  0x18C3,0x20E3,0x0821,0x0000,0x0820,0x0000,0x0000,0x0000,0x1882,0x2904,0x1061,0x20C2,
  0x1881,0x0000,0x1061,0x39A6,0x2924,0x20E3,0x3165,0x18C2,0x10A2,0x2124,0x18C3,0x2103,
  0x20E3,0x2103,0x18A2,0x18C2,0x1081,0x18A2,0x1081,0x20C2,0x2903,0x20E3,0x1882,0x1082,
  0x0000,0x0861,0x0020,0x0841,0x0841,0x0841,0x0840,0x20C2,0x62AA,0x5A89,0x4A07,0x49E7,
  0x5AAA,0x5A8A,0x628A,0x6289,0x62AA,0x62AA,0x62AA,0x62AA,0x6AAA,0x6AAA,0x5208,0x49C6,
  0x5A68,0x6ACA,0x39A6,0x2104,0x2125,0x2945,0x2925,0x3145,0x3965,0x5208,0x4A07,0x4A07,
  0x72AA,0x5A28,0x18C3,0x10C3,0x18E4,0x18E4,0x18E4,0x18E4,0x2125,0x2125,0x10C3,0x10C3,
  0x18E4,0x1904,0x10E3,0x18C4,0x18C3,0x10A3,0x10A3,0x10A3,0x1083,0x0862,0x0862,0x10A3,
  0x18E4,0x20C3,0x28E3,0x2904,0x2904,0x2924,0x3125,0x3924,0x4145,0x4125,0x4966,0x5186,
  0x4985,0x59C7,0x4945,0x5166,0x3165,0x1905,0x20E4,0x20E4,0x2124,0x2125,0x2125,0x2125,
  0x2125,0x2105,0x18E4,0x10A3,0x18C3,0x18E4,0x2104,0x18C3,0x10A2,0x10A3,0x10A3,0x1082,
  0x20C3,0x18C3,0x10A2,0x10A3,0x18C3,0x10A3,0x10A3,0x18A3,0x10A3,0x10A3,0x0882,0x10A3,
  0x10A3,0x0883,0x0883,0x10A3,0x10A3,0x10C3,0x10A3,0x10C3,0x10A3,0x10A3,0x10C3,0x10C3,
  0x10A3,0x0882,0x0021,0x0021,0x0862,0x0842,0x0021,0x0021,0x0021,0x0021,0x0021,0x0021,
  0x0841,0x0041,0x0020,0x0020,0x0841,0x0021,0x0020,0x0021,0x0020,0x0020,0x0021,0x0021,
  0x0041,0x0041,0x0862,0x0861,0x18C3,0x18E3,0x1904,0x18E3,0x39C7,0x3185,0x736D,0x41C6,
  0x5248,0x2904,0x1061,0x1061,0x0820,0x0000,0x0000,0x0000,0x0000,0x0000,0x0000,0x0000,
  0x0000,0x0000,0x0000,0x0021,0x0000,0x0041,0x0021,0x0021,0x0021,0x0000,0x10A3,0x1904,
  0x10A3,0x0841,0x0841,0x0841,0x0841,0x0021,0x0841,0x10C3,0x0882,0x0021,0x0021,0x18A3,
  0x10A2,0x0841,0x0821,0x0821,0x0861,0x0000,0x1061,0x20E3,0x1061,0x0841,0x20E3,0x18C3,
  0x18C3,0x2104,0x0820,0x0841,0x0820,0x0000,0x0000,0x0000,0x18A3,0x3145,0x1061,0x2903,
  0x28E3,0x1041,0x0000,0x2103,0x39C6,0x2904,0x20A2,0x18C2,0x0841,0x20E3,0x18E3,0x1082,
  0x4A28,0x39A6,0x20E3,0x2944,0x20C3,0x20C2,0x0020,0x18C2,0x2904,0x18A2,0x1061,0x18A2,
  0x0000,0x0861,0x0841,0x0841,0x0861,0x0841,0x0841,0x2924,0x5A89,0x5A69,0x62AA,0x4A07,
  0x5A89,0x5A89,0x62AA,0x62A9,0x62AA,0x62CA,0x6ACA,0x62AA,0x6289,0x628A,0x5A69,0x3965,
  0x5228,0x6B0B,0x4A08,0x2105,0x2925,0x3146,0x2925,0x3145,0x3986,0x5A49,0x41C6,0x49E6,
  0x6AAA,0x51E7,0x18C3,0x2125,0x31A7,0x2125,0x2105,0x18E4,0x18C4,0x18C4,0x0883,0x10A3,
  0x10C3,0x10A3,0x10C3,0x0882,0x0882,0x0882,0x1082,0x10A3,0x1083,0x1083,0x1083,0x10A3,
  0x18A3,0x20E3,0x2903,0x18A3,0x18C3,0x20A3,0x20A3,0x28C3,0x28C3,0x30C3,0x3904,0x3924,
  0x3923,0x4144,0x38C3,0x4104,0x2924,0x1904,0x20E4,0x20E3,0x2104,0x2925,0x2104,0x2104,
  0x2125,0x2125,0x20E4,0x1083,0x18C3,0x18E4,0x18C4,0x18E4,0x18C3,0x18E4,0x18C3,0x18C3,
  0x20E4,0x18C3,0x10A2,0x1082,0x10A3,0x18A3,0x1083,0x1082,0x10A3,0x10A3,0x0883,0x10A3,
  0x10C4,0x0882,0x0883,0x10A3,0x10A3,0x10A3,0x10A3,0x10A3,0x10A3,0x10C3,0x10C3,0x10C3,
  0x10C4,0x0862,0x0020,0x0020,0x0021,0x10C3,0x0862,0x0000,0x0000,0x0021,0x0021,0x0041,
  0x1082,0x1082,0x0021,0x0020,0x0021,0x0021,0x0021,0x0041,0x0021,0x0021,0x0021,0x18C3,
  0x0862,0x0000,0x0862,0x0841,0x0841,0x0882,0x10A2,0x18E3,0x2965,0x39E7,0x5ACA,0x4A08,
  0x41C6,0x3965,0x20C2,0x1081,0x1061,0x0000,0x0000,0x0000,0x0000,0x0000,0x0000,0x0000,
  0x0000,0x0000,0x0021,0x0021,0x0020,0x0021,0x0041,0x0021,0x10A3,0x18C3,0x2945,0x18C3,
  0x0862,0x0842,0x0041,0x0021,0x0021,0x0021,0x0021,0x0841,0x0041,0x1082,0x0882,0x18A3,
  0x0861,0x0861,0x0821,0x0841,0x0000,0x0000,0x0861,0x18A2,0x2103,0x1061,0x1082,0x20E3,
  0x2104,0x18C3,0x0821,0x1082,0x0841,0x0000,0x0000,0x0000,0x1061,0x2924,0x20C3,0x3144,
  0x3145,0x1882,0x0000,0x2124,0x3165,0x20E3,0x18A2,0x2924,0x18A2,0x2104,0x2944,0x0841,
  0x31A6,0x2944,0x3165,0x39A6,0x2924,0x20C3,0x0000,0x0841,0x3145,0x28E4,0x1041,0x20C3,
  0x0820,0x0000,0x1082,0x0841,0x0861,0x0861,0x0861,0x3185,0x5249,0x5269,0x62CA,0x5A69,
  0x5A69,0x5A8A,0x5A89,0x6289,0x62AA,0x62CA,0x6ACA,0x62CA,0x62A9,0x5248,0x5248,0x3965,
  0x6289,0x6AEB,0x4A08,0x2966,0x2966,0x3146,0x3145,0x3145,0x3965,0x5A49,0x41C7,0x49E7,
  0x6269,0x3965,0x18E4,0x2145,0x2145,0x18E4,0x0882,0x0883,0x0862,0x10C3,0x10A3,0x0882,
  0x0882,0x0882,0x10A3,0x0882,0x0882,0x10A3,0x10A3,0x1083,0x10A3,0x10A3,0x10A3,0x10A2,
  0x18C3,0x20E3,0x28C3,0x28C3,0x20E3,0x20C3,0x30C3,0x30E3,0x18A1,0x2903,0x3944,0x2103,
  0x3123,0x3122,0x28E3,0x3124,0x20E3,0x2125,0x2105,0x20E4,0x18E4,0x2104,0x2125,0x2945,
  0x2105,0x2925,0x18C4,0x10A3,0x18C3,0x18E4,0x18C3,0x2104,0x2925,0x20E4,0x2104,0x2104,
  0x20E4,0x18A3,0x10A3,0x1083,0x10A3,0x18C3,0x10A3,0x10A3,0x10A3,0x10A3,0x0882,0x10A3,
  0x10C3,0x0882,0x0882,0x10C3,0x10A3,0x0883,0x0883,0x10A3,0x10C4,0x10C3,0x10A3,0x10A3,
  0x10A3,0x0062,0x0021,0x0020,0x0041,0x10A2,0x0041,0x0841,0x0021,0x0021,0x0041,0x0041,
  0x0041,0x0861,0x0021,0x0021,0x0021,0x0021,0x0021,0x0021,0x0041,0x0020,0x0020,0x0841,
  0x0041,0x0000,0x0020,0x0841,0x0820,0x3185,0x3185,0x2103,0x2944,0x3185,0x528A,0x5269,
  0x41C7,0x41A6,0x3124,0x18A2,0x18C3,0x0821,0x0000,0x0000,0x0000,0x0000,0x0000,0x0000,
  0x0000,0x0000,0x0001,0x0001,0x0020,0x0021,0x0841,0x1082,0x1082,0x1082,0x10A3,0x1082,
  0x1082,0x0841,0x0862,0x0862,0x0041,0x0021,0x0021,0x0841,0x0041,0x18C3,0x10C3,0x1062,
  0x0862,0x0861,0x0841,0x1041,0x0000,0x0000,0x18E3,0x18A2,0x2103,0x20C3,0x18C3,0x18A2,
  0x2945,0x1061,0x1061,0x0020,0x0020,0x0000,0x0000,0x0000,0x0820,0x3144,0x20E3,0x18A2,
  0x3965,0x20A2,0x0000,0x10A2,0x39A6,0x18C3,0x2103,0x2945,0x20C3,0x18A2,0x2124,0x1061,
  0x18C2,0x2124,0x18C2,0x3165,0x20C3,0x1882,0x0000,0x0020,0x20E3,0x2924,0x18A2,0x1041,
  0x18A2,0x0000,0x1082,0x1062,0x0861,0x0841,0x1061,0x2103,0x4A07,0x5249,0x62AA,0x62AA,
  0x5269,0x5A69,0x628A,0x62AA,0x62CA,0x62CA,0x62AA,0x62AA,0x5248,0x4A07,0x4A07,0x3124,
  0x49E7,0x6AEB,0x4A28,0x2945,0x2966,0x3146,0x3165,0x3145,0x3145,0x5A29,0x49E7,0x41E8,
  0x4A28,0x2925,0x18C4,0x10C4,0x1904,0x18E4,0x0862,0x0882,0x0882,0x10A3,0x10A3,0x0882,
  0x0882,0x0882,0x0882,0x0882,0x10A3,0x10A3,0x10C4,0x1083,0x1083,0x10A3,0x18A2,0x1082,
  0x2924,0x3144,0x30E3,0x4944,0x28E3,0x20C3,0x4944,0x69A5,0x20A1,0x3124,0x3944,0x2924,
  0x4985,0x51A5,0x3103,0x3965,0x20E4,0x2104,0x2125,0x2125,0x20E4,0x18C4,0x2125,0x2125,
  0x2125,0x2105,0x18A3,0x10A3,0x18C3,0x18C3,0x18C3,0x18C4,0x2145,0x2104,0x20E4,0x20E4,
  0x18E4,0x18C3,0x10A3,0x10A3,0x10A3,0x18C3,0x10A3,0x10C3,0x08A3,0x10A3,0x1083,0x1083,
  0x18E4,0x10A3,0x0883,0x18C4,0x10A3,0x10C4,0x18E4,0x10A3,0x0883,0x0883,0x0883,0x0882,
  0x10A3,0x0041,0x0021,0x0021,0x0021,0x0041,0x0041,0x0862,0x0862,0x0021,0x0021,0x0000,
  0x0000,0x0021,0x0021,0x0021,0x0021,0x0021,0x0021,0x0862,0x0021,0x0862,0x0041,0x0041,
  0x0021,0x0000,0x0021,0x0841,0x0821,0x18A2,0x3165,0x20E3,0x3185,0x4207,0x4208,0x5ACB,
  0x3986,0x20E3,0x3145,0x1082,0x18A2,0x0861,0x0000,0x0000,0x0000,0x0000,0x0000,0x0000,
  0x0000,0x0000,0x0001,0x0000,0x0000,0x0841,0x0841,0x0021,0x0841,0x0882,0x0862,0x2104,
  0x0882,0x0000,0x18C3,0x0862,0x0841,0x0021,0x0041,0x0841,0x0861,0x0861,0x18C3,0x1062,
  0x10A2,0x0841,0x1041,0x1062,0x0000,0x0020,0x18C3,0x20E3,0x18A2,0x2904,0x20E3,0x0840,
  0x18A2,0x0841,0x1061,0x0820,0x0000,0x0000,0x0000,0x0000,0x0841,0x20E3,0x1882,0x1061,
  0x2924,0x18C2,0x0000,0x0841,0x18C3,0x18C3,0x18C3,0x2103,0x1081,0x1061,0x18C3,0x18A2,
  0x1082,0x41E7,0x3165,0x18A2,0x28C3,0x1882,0x0000,0x0000,0x20C3,0x41A7,0x2924,0x1061,
  0x18C3,0x0000,0x0821,0x1082,0x10A2,0x1061,0x1081,0x2904,0x41E7,0x4A08,0x5269,0x62CA,
  0x62CA,0x5A89,0x5A49,0x62CA,0x62CA,0x6ACA,0x6ACB,0x5A89,0x49E7,0x4A08,0x41C6,0x2903,
  0x41A7,0x6ACA,0x4A28,0x2925,0x2946,0x3166,0x3166,0x3166,0x3145,0x49E8,0x3986,0x2945,
  0x2945,0x2105,0x18C4,0x10C3,0x10C3,0x10C3,0x0882,0x0882,0x0883,0x0883,0x10A3,0x0882,
  0x0882,0x0883,0x10A3,0x10A3,0x10A3,0x10A3,0x18C3,0x1082,0x18A3,0x18A3,0x18A2,0x10A2,
  0x18C3,0x3104,0x8AE8,0x8267,0x28C2,0x20C2,0x59C5,0x79E4,0x30E2,0x3123,0x3123,0x3924,
  0x3903,0x61E7,0x4145,0x20E4,0x2104,0x1905,0x2125,0x2125,0x2925,0x18E4,0x2145,0x2124,
  0x2145,0x2105,0x18C4,0x18C3,0x18E4,0x18C3,0x18C3,0x18E3,0x3166,0x3145,0x20E4,0x20E4,
  0x18E4,0x18C3,0x10A3,0x10A3,0x18C3,0x18C3,0x10A3,0x10A3,0x10A3,0x10A3,0x1083,0x1083,
  0x10A3,0x0883,0x0882,0x0882,0x0882,0x10A3,0x10C3,0x10C3,0x18E4,0x0883,0x0883,0x0882,
  0x10A2,0x0041,0x0041,0x0041,0x0041,0x0041,0x0882,0x0041,0x0021,0x0021,0x0021,0x0021,
  0x0000,0x0021,0x0021,0x0841,0x0862,0x0041,0x0841,0x1082,0x0862,0x1082,0x0841,0x0000,
  0x0000,0x0020,0x0021,0x0841,0x0841,0x0821,0x2104,0x2104,0x2945,0x5ACA,0x4228,0x4207,
  0x3986,0x0800,0x0841,0x0820,0x0000,0x0841,0x0020,0x0000,0x0041,0x0000,0x0000,0x0000,
  0x0000,0x0000,0x0001,0x0001,0x0021,0x0841,0x0841,0x0021,0x10A3,0x0862,0x0841,0x1082,
  0x0041,0x0021,0x10C3,0x0021,0x0841,0x0041,0x0842,0x0861,0x0841,0x10A3,0x0861,0x1082,
  0x20E4,0x1041,0x1882,0x1882,0x0000,0x0841,0x20E3,0x18A2,0x1882,0x20C3,0x20E3,0x1081,
  0x0861,0x0000,0x1061,0x0820,0x0000,0x0000,0x0000,0x0000,0x0820,0x20E4,0x20C3,0x1881,
  0x18C2,0x1061,0x0000,0x0020,0x1082,0x2945,0x2103,0x2924,0x20E3,0x1061,0x1082,0x1082,
  0x0841,0x5ACB,0x41E7,0x1081,0x3104,0x3945,0x0000,0x0000,0x18C3,0x2945,0x4208,0x1061,
  0x1082,0x0841,0x0000,0x1082,0x18C3,0x20E3,0x1082,0x2924,0x41E7,0x5228,0x5228,0x62AA,
  0x62CA,0x6AEB,0x62AA,0x6ACA,0x6AAA,0x62AA,0x6ACB,0x5248,0x4A07,0x4A08,0x5228,0x49C7,
  0x4186,0x6ACA,0x4A08,0x2946,0x2946,0x3166,0x2965,0x2945,0x2945,0x3986,0x3165,0x2925,
  0x2105,0x2925,0x2145,0x10C3,0x10C3,0x18C3,0x10A3,0x0883,0x10A3,0x0883,0x10C3,0x0883,
  0x0882,0x10A3,0x10A3,0x10A3,0x10A3,0x18C3,0x18C3,0x18C3,0x20E4,0x18C3,0x18A3,0x10A2,
  0x20E3,0x3924,0x5184,0x5164,0x2904,0x28E3,0x5984,0x71A4,0x4163,0x4965,0x4944,0x4944,
  0x5165,0x5965,0x4185,0x2124,0x2125,0x2145,0x2946,0x3166,0x2945,0x18C3,0x2104,0x2945,
  0x2924,0x20E4,0x18E4,0x18E3,0x18C3,0x18C3,0x18E3,0x18C3,0x4946,0x59A8,0x2104,0x2104,
  0x2104,0x18C3,0x10A3,0x10C3,0x10C3,0x18C3,0x10A3,0x0882,0x1082,0x1083,0x10A3,0x1083,
  0x0883,0x0883,0x0862,0x0882,0x0882,0x0882,0x0862,0x0882,0x18E4,0x18C4,0x0883,0x10C3,
  0x0862,0x0041,0x0041,0x0041,0x0041,0x0041,0x0041,0x0862,0x0862,0x0000,0x0021,0x0021,
  0x0021,0x0862,0x0021,0x0021,0x0841,0x0841,0x0041,0x0021,0x0862,0x0000,0x0000,0x0000,
  0x0041,0x0021,0x0021,0x0862,0x0861,0x1081,0x1081,0x3186,0x2103,0x18E3,0x3185,0x4A49,
  0x4A28,0x0841,0x20C3,0x20E4,0x18A2,0x1082,0x0021,0x0821,0x0841,0x0000,0x0000,0x0000,
  0x0000,0x0000,0x0021,0x0021,0x0021,0x0862,0x0841,0x0041,0x2104,0x0862,0x0841,0x0021,
  0x0000,0x0021,0x10C3,0x0862,0x0041,0x0841,0x0862,0x0841,0x0021,0x1082,0x0000,0x0841,
  0x2904,0x1041,0x20C3,0x1082,0x0000,0x0861,0x18A2,0x1082,0x18A2,0x20C3,0x20E3,0x20E3,
  0x10A2,0x0000,0x1041,0x0841,0x0021,0x0000,0x0000,0x0000,0x0820,0x2924,0x28E3,0x20A2,
  0x18A2,0x2104,0x0840,0x0000,0x0841,0x2945,0x20E3,0x3165,0x4208,0x1882,0x18A2,0x1061,
  0x0000,0x3165,0x39A6,0x18C2,0x20A2,0x2904,0x0840,0x0000,0x0841,0x2124,0x2924,0x1061,
  0x1041,0x18C3,0x0000,0x1062,0x1882,0x39C6,0x2924,0x4A08,0x5269,0x5249,0x5248,0x62CA,
  0x62AA,0x6ACA,0x6AEA,0x6AEB,0x6ACA,0x62AA,0x62AA,0x5208,0x5228,0x5208,0x6269,0x6A8A,
  0x3124,0x6269,0x39A7,0x3187,0x2966,0x2966,0x2965,0x2965,0x2945,0x3986,0x5A8A,0x41C8,
  0x39A7,0x3986,0x2104,0x1924,0x1904,0x18E4,0x10C3,0x10A3,0x10A3,0x1083,0x18E4,0x10C4,
  0x10A3,0x10A3,0x10C3,0x10C3,0x10A3,0x10C3,0x18C3,0x18C3,0x18A3,0x20C3,0x20C3,0x18C3,
  0x28E3,0x4124,0x3104,0x3904,0x3104,0x3904,0x7A25,0x9245,0x4944,0x5145,0x6164,0x5943,
  0x69C5,0x5985,0x2124,0x2105,0x2925,0x2925,0x2925,0x3145,0x20E4,0x10C3,0x20E3,0x3124,
  0x3145,0x20C4,0x18C3,0x18C4,0x18C3,0x20C3,0x18C3,0x20E3,0x4125,0x4125,0x2924,0x3165,
  0x2925,0x18C3,0x18A3,0x10A2,0x10A3,0x10A3,0x0882,0x0862,0x1082,0x10A3,0x10A3,0x1083,
  0x10A3,0x0883,0x0882,0x0882,0x0882,0x0882,0x0882,0x0883,0x10A3,0x10A3,0x18C4,0x10C4,
  0x0862,0x0882,0x0862,0x0041,0x0861,0x0021,0x0061,0x0862,0x0862,0x0861,0x1082,0x0841,
  0x0041,0x0021,0x0021,0x0000,0x0000,0x0000,0x0020,0x0021,0x0841,0x0001,0x0000,0x0000,
  0x0882,0x0861,0x0841,0x0861,0x1082,0x0881,0x0882,0x18E3,0x10C2,0x18E3,0x2965,0x5269,
  0x2945,0x1041,0x2924,0x2924,0x2104,0x18C3,0x10A2,0x1062,0x0000,0x0000,0x0000,0x0000,
  0x0000,0x0020,0x0021,0x0021,0x0061,0x0862,0x0862,0x0862,0x0041,0x0882,0x10A3,0x0021,
  0x0021,0x0862,0x0041,0x0841,0x0862,0x0841,0x0841,0x18C3,0x18C3,0x0841,0x0821,0x1042,
  0x18A3,0x2904,0x20A3,0x0020,0x0000,0x10A2,0x10A2,0x1061,0x1061,0x20C3,0x20C3,0x18C2,
  0x1081,0x0000,0x0841,0x0821,0x0021,0x0000,0x0000,0x0000,0x0841,0x2903,0x20E3,0x2924,
  0x1882,0x1081,0x0840,0x0000,0x0841,0x2924,0x20E3,0x3185,0x41E7,0x20E3,0x18C3,0x18C3,
  0x1081,0x20E3,0x4A28,0x20E3,0x18A2,0x20E3,0x0820,0x0000,0x0861,0x2924,0x3165,0x20E3,
  0x1041,0x1882,0x0820,0x0820,0x1081,0x41E6,0x41E7,0x4A28,0x5AAA,0x5228,0x5249,0x62CA,
  0x62CA,0x6ACA,0x6ACA,0x72EA,0x72EA,0x6ACA,0x6ACA,0x62AA,0x5228,0x6269,0x7B2B,0x72AA,
  0x49A6,0x5228,0x3186,0x2946,0x2966,0x2945,0x2965,0x3166,0x31A6,0x3145,0x5A49,0x49E8,
  0x49E7,0x5A28,0x51E7,0x2945,0x18E4,0x18E4,0x18E4,0x10C3,0x10C3,0x10A3,0x18E4,0x18C4,
  0x10C4,0x10A3,0x10C3,0x10C3,0x10C3,0x10C3,0x18C3,0x10A3,0x18C3,0x20E4,0x20E3,0x18C3,
  0x2904,0x4944,0x4144,0x4123,0x3924,0x5123,0x9AA6,0x8A66,0x5144,0x5145,0x7A06,0x7183,
  0x8205,0x61A4,0x4984,0x4965,0x18C3,0x28E3,0x3104,0x20E3,0x18E3,0x10E3,0x30C2,0x4103,
  0x3904,0x28E3,0x20E3,0x28E4,0x2904,0x3105,0x3905,0x3105,0x4166,0x3945,0x4166,0x49C7,
  0x3124,0x20C3,0x18C3,0x2104,0x2125,0x1082,0x1082,0x0882,0x1082,0x10A3,0x10A3,0x10A3,
  0x0883,0x0882,0x0882,0x0882,0x0882,0x0883,0x1083,0x1083,0x10A3,0x10C3,0x10A3,0x10A3,
  0x0862,0x0862,0x0861,0x0041,0x0882,0x0862,0x0041,0x0862,0x0862,0x0862,0x0021,0x0021,
  0x0021,0x0020,0x0020,0x0021,0x0021,0x0000,0x0020,0x0020,0x0021,0x0021,0x0021,0x0021,
  0x0041,0x0841,0x0862,0x1082,0x2965,0x2104,0x0861,0x1082,0x1082,0x18E3,0x2924,0x18A2,
  0x1061,0x20E3,0x3104,0x2924,0x0841,0x10A2,0x10A3,0x0862,0x0021,0x0020,0x0000,0x0000,
  0x0000,0x0020,0x0021,0x0021,0x0041,0x0041,0x0841,0x0862,0x0041,0x0882,0x0841,0x0041,
  0x0862,0x0841,0x0041,0x0862,0x10A3,0x0862,0x0862,0x18E3,0x2145,0x0000,0x0821,0x1062,
  0x1882,0x20E4,0x1882,0x0000,0x0020,0x2104,0x41E7,0x18A2,0x18A2,0x1081,0x18A2,0x2124,
  0x0820,0x0000,0x1061,0x0821,0x0021,0x0000,0x0000,0x0000,0x1081,0x2924,0x2904,0x39A6,
  0x18A2,0x0861,0x0841,0x0000,0x10A2,0x18E3,0x18C2,0x2924,0x2104,0x1082,0x20E3,0x2924,
  0x1082,0x2945,0x39C6,0x2924,0x1061,0x2103,0x1061,0x0000,0x0820,0x2104,0x3165,0x20C3,
  0x1041,0x1882,0x0841,0x0000,0x0840,0x39C6,0x5249,0x5269,0x62CA,0x5A69,0x5A69,0x62CA,
  0x6ACA,0x6ACA,0x6A89,0x730B,0x72EA,0x72EA,0x72EB,0x730B,0x6ACA,0x7B0A,0x834B,0x7AEA,
  0x5A28,0x49C7,0x31A7,0x2966,0x2966,0x3186,0x3166,0x3186,0x39A6,0x3986,0x5228,0x49E8,
  0x41C7,0x6A69,0x7269,0x2904,0x18E4,0x2105,0x2105,0x10C3,0x18E4,0x10A3,0x10C4,0x10C4,
  0x10C3,0x10C4,0x10C4,0x10C4,0x18E4,0x18E3,0x18C3,0x18A3,0x10A3,0x20E3,0x20E3,0x18C3,
  0x3104,0x4943,0x4164,0x4124,0x3903,0x71C4,0xBB48,0x4103,0x5165,0x5964,0x92A7,0xAB08,
  0x9246,0x71C4,0x9287,0x7A47,0x3924,0x4144,0x4165,0x2965,0x1104,0x18E3,0x5186,0x61A6,
  0x5986,0x4985,0x3965,0x3145,0x3166,0x2925,0x2924,0x2104,0x2124,0x2104,0x2124,0x2104,
  0x2945,0x2925,0x2925,0x2125,0x2125,0x10A3,0x1082,0x1082,0x1082,0x10A3,0x10A3,0x0882,
  0x0882,0x0882,0x0882,0x0883,0x0883,0x10A3,0x10C3,0x10A3,0x10A3,0x10C3,0x10A3,0x10A3,
  0x0862,0x0041,0x0041,0x0041,0x0041,0x0041,0x0021,0x10A3,0x0841,0x0021,0x0021,0x0000,
  0x0000,0x0020,0x0020,0x0000,0x0020,0x0020,0x0021,0x0041,0x0020,0x0021,0x0021,0x0021,
  0x0041,0x0841,0x0041,0x18C3,0x10A2,0x10A2,0x0040,0x0861,0x10A2,0x1082,0x0800,0x1882,
  0x2924,0x18A2,0x20A2,0x4986,0x18E3,0x10A2,0x18A3,0x10A3,0x0861,0x0021,0x0000,0x0000,
  0x0000,0x0020,0x0021,0x0041,0x0862,0x0021,0x0841,0x0021,0x0000,0x0000,0x0021,0x0841,
  0x1082,0x0020,0x0841,0x0862,0x2145,0x1082,0x0021,0x0841,0x0862,0x0000,0x0841,0x1882,
  0x1882,0x1882,0x1041,0x0821,0x0020,0x0041,0x18C3,0x2124,0x0020,0x18E3,0x3186,0x31A6,
  0x0000,0x0000,0x0861,0x0821,0x0021,0x0000,0x0000,0x0000,0x1061,0x3165,0x20E3,0x2103,
  0x2924,0x18C2,0x0841,0x0000,0x1082,0x18C2,0x20E3,0x18A2,0x18C2,0x2104,0x1061,0x1082,
  0x0820,0x18A2,0x20E3,0x1061,0x1061,0x20E3,0x2924,0x0840,0x0000,0x18C3,0x20C3,0x1882,
  0x18A2,0x18C3,0x0841,0x0020,0x1061,0x2904,0x5A69,0x62CA,0x5A69,0x5268,0x62CA,0x6ACA,
  0x6AEB,0x6AEB,0x6AA9,0x72EB,0x6AA9,0x72EA,0x72EA,0x7B0A,0x7B0B,0x8B4C,0x938C,0x834B,
  0x6A89,0x49E8,0x31A7,0x3187,0x2966,0x3186,0x3186,0x3986,0x3986,0x3986,0x49C7,0x49E8,
  0x3965,0x6249,0x7269,0x3125,0x10E4,0x1904,0x2105,0x18E4,0x1904,0x10A3,0x18E4,0x18E4,
  0x18E4,0x18E4,0x18E4,0x18E4,0x18E4,0x18E3,0x2104,0x2104,0x18A3,0x2104,0x20E3,0x18C3,
  0x3104,0x4943,0x3903,0x4124,0x3903,0x69C5,0xAB08,0x5123,0x61A5,0x61C5,0x7A86,0x92E8,
  0x61C5,0x3945,0x4165,0x4965,0x4986,0x3904,0x3104,0x2104,0x1904,0x18E3,0x20E3,0x3124,
  0x3965,0x3104,0x18C3,0x2104,0x18A3,0x18E3,0x10C3,0x18E4,0x18E4,0x18E4,0x1904,0x1904,
  0x2125,0x2104,0x2105,0x2104,0x18E4,0x10A3,0x10A3,0x10A3,0x1082,0x10A3,0x10A3,0x0882,
  0x0882,0x0883,0x0882,0x0883,0x0882,0x10A3,0x10C3,0x10A3,0x10C3,0x18E4,0x10A3,0x10A3,
  0x0862,0x0041,0x0041,0x0041,0x0041,0x0041,0x0021,0x0862,0x0862,0x0021,0x0021,0x0041,
  0x0020,0x0020,0x0020,0x0041,0x0882,0x0021,0x0020,0x0021,0x0021,0x0021,0x0021,0x0021,
  0x0021,0x0041,0x0021,0x0021,0x0841,0x0041,0x0862,0x1082,0x0841,0x0020,0x0820,0x1062,
  0x20E3,0x2103,0x1061,0x4145,0x5228,0x18C3,0x2966,0x3186,0x2104,0x0861,0x0000,0x0000,
  0x0020,0x0021,0x0021,0x0021,0x0020,0x0000,0x0021,0x0000,0x0000,0x0020,0x0041,0x0841,
  0x0861,0x0000,0x0861,0x1082,0x0841,0x0000,0x0000,0x10A3,0x0841,0x0020,0x1082,0x18C3,
  0x1041,0x18A2,0x1882,0x0820,0x0020,0x0000,0x0020,0x2104,0x18C3,0x3186,0x18E3,0x0000,
  0x0000,0x0020,0x1062,0x0821,0x0000,0x0000,0x0000,0x0000,0x1062,0x3145,0x18A2,0x1061,
  0x18C2,0x1081,0x0841,0x0000,0x0020,0x0000,0x10A2,0x2924,0x2904,0x2924,0x18C3,0x0840,
  0x39A6,0x20E3,0x39A6,0x3185,0x0840,0x1882,0x2903,0x0861,0x0000,0x0841,0x2103,0x2924,
  0x20E3,0x20C3,0x0841,0x0020,0x0820,0x18A2,0x41E7,0x62CB,0x5A69,0x62AA,0x6AEA,0x6ACA,
  0x6AEB,0x6AEB,0x6A89,0x7B2B,0x72EA,0x7B2B,0x832B,0x830B,0x8B4C,0x934C,0x936C,0x93AC,
  0x6248,0x49E8,0x31C7,0x3187,0x31A7,0x3166,0x3986,0x3986,0x3986,0x3986,0x4166,0x49A7,
  0x3985,0x59E7,0x82A9,0x3125,0x18C4,0x1904,0x2105,0x2104,0x2125,0x18E4,0x2125,0x18E4,
  0x18E4,0x18E4,0x18E4,0x18E4,0x18E4,0x18E3,0x20E3,0x20E3,0x18C3,0x18E3,0x20C3,0x18A3,
  0x2904,0x51A5,0x4165,0x4145,0x5165,0x5124,0x4144,0x3945,0x3104,0x2903,0x20C4,0x20C5,
  0x20C4,0x2905,0x2945,0x18E3,0x18E3,0x18C3,0x2945,0x2104,0x18E4,0x18C4,0x10A3,0x10A3,
  0x10A3,0x18C3,0x10E3,0x18C3,0x18C3,0x18E4,0x18E4,0x18C3,0x2105,0x1904,0x2125,0x2966,
  0x2125,0x2145,0x2966,0x2145,0x2105,0x2105,0x2987,0x18E4,0x0882,0x10A3,0x10A3,0x0882,
  0x0883,0x10A3,0x0883,0x0883,0x10A3,0x10A3,0x10A3,0x10A3,0x10C3,0x10A3,0x10C3,0x10C3,
  0x0862,0x0862,0x0041,0x0041,0x0862,0x0041,0x0021,0x0000,0x1082,0x0041,0x0021,0x0021,
  0x0862,0x0041,0x0020,0x0021,0x0021,0x0021,0x0021,0x0021,0x0021,0x0041,0x0021,0x0861,
  0x1082,0x0041,0x0041,0x0041,0x0041,0x0861,0x0861,0x0020,0x0841,0x0841,0x1882,0x1041,
  0x20E3,0x3145,0x1081,0x2082,0x3966,0x1904,0x18C3,0x2945,0x2124,0x1904,0x0882,0x0020,
  0x0020,0x0021,0x0021,0x0000,0x0000,0x0000,0x0000,0x0000,0x0000,0x0041,0x0861,0x0841,
  0x0041,0x0041,0x0841,0x10A3,0x0041,0x0021,0x0020,0x10C3,0x0020,0x0861,0x18C3,0x18A2,
  0x1061,0x20C3,0x18A2,0x0000,0x0000,0x0000,0x0000,0x20E4,0x2945,0x0861,0x0841,0x0000,
  0x0000,0x0021,0x0862,0x0000,0x0000,0x0000,0x0000,0x0000,0x10A2,0x2104,0x18A2,0x18C2,
  0x18A2,0x0861,0x0861,0x0000,0x0000,0x0000,0x0000,0x18C2,0x20C3,0x30E4,0x20E3,0x1061,
  0x2924,0x18C3,0x2103,0x18C2,0x1061,0x18A2,0x20E3,0x0841,0x0000,0x0020,0x10A2,0x41C7,
  0x20E3,0x20C3,0x1882,0x0020,0x0840,0x1061,0x2944,0x62CA,0x62CA,0x62CA,0x6AEB,0x6AEB,
  0x6AEB,0x6AEB,0x836C,0x836C,0x730B,0x7B0B,0x7B0B,0x8B4B,0x8B6B,0x936B,0x936C,0x93AD,
  0x49C6,0x41C7,0x39E8,0x39C7,0x39A7,0x3166,0x3166,0x3965,0x4186,0x3986,0x4166,0x3925,
  0x3965,0x61E7,0x8AA8,0x49A5,0x10A3,0x1904,0x2124,0x2125,0x2104,0x18E4,0x2125,0x18E4,
  0x18E4,0x2105,0x1904,0x18E4,0x18E4,0x18E4,0x20E3,0x20E3,0x2904,0x18C2,0x20C3,0x18C3,
  0x2104,0x2924,0x2924,0x20E3,0x18C3,0x20C3,0x2104,0x18E4,0x18E4,0x18E3,0x2104,0x2104,
  0x18C3,0x18C3,0x20E4,0x1904,0x10E3,0x18E4,0x1904,0x2104,0x18C3,0x18C3,0x10A3,0x10A3,
  0x18C4,0x18E3,0x10E3,0x10C3,0x18C3,0x18E4,0x18C3,0x18C4,0x18E4,0x18C4,0x18E4,0x2104,
  0x2105,0x2125,0x1925,0x1925,0x1904,0x1904,0x1904,0x2105,0x18E4,0x10A3,0x10C3,0x10A3,
  0x1083,0x10A3,0x10A3,0x10A3,0x0883,0x10A3,0x10A3,0x10C4,0x10C4,0x10A3,0x08A3,0x10E4,
  0x0862,0x0862,0x0041,0x0882,0x1904,0x10A3,0x0041,0x0021,0x0862,0x0862,0x0862,0x0021,
  0x0021,0x0041,0x0021,0x0000,0x0020,0x0021,0x0021,0x0041,0x0000,0x0020,0x0821,0x0861,
  0x1061,0x0020,0x0841,0x0041,0x0021,0x0041,0x0000,0x0000,0x0820,0x0841,0x20E4,0x20A3,
  0x1041,0x2924,0x2924,0x28C3,0x1862,0x10A3,0x0861,0x1082,0x2125,0x2965,0x0882,0x0861,
  0x0021,0x0021,0x0000,0x0021,0x0021,0x0021,0x0001,0x0000,0x0020,0x1082,0x0882,0x0841,
  0x0020,0x0000,0x0000,0x0021,0x0021,0x0041,0x1082,0x10A3,0x0020,0x10A2,0x18C3,0x1062,
  0x18A2,0x20C3,0x1882,0x0841,0x0000,0x0000,0x0000,0x0841,0x0000,0x0820,0x0820,0x0000,
  0x0000,0x0841,0x0841,0x0000,0x0020,0x0000,0x0000,0x0000,0x0861,0x1082,0x1082,0x18A2,
  0x18C3,0x1082,0x0861,0x0000,0x0000,0x0020,0x0000,0x1061,0x18A2,0x30E4,0x18C3,0x20E3,
  0x20E3,0x18A2,0x0881,0x2104,0x18C2,0x18A2,0x2945,0x2924,0x0000,0x0000,0x10A2,0x18E3,
  0x2924,0x3124,0x1882,0x0000,0x0840,0x0820,0x2103,0x5289,0x62EB,0x62CB,0x6ACB,0x6ACA,
  0x6B0C,0x6AEB,0x7AEA,0x7B6C,0x7B4D,0x732C,0x72CA,0x8B6C,0x936C,0x938C,0x9BAC,0x8B8C,
  0x41A6,0x41C7,0x41E8,0x39C7,0x39C7,0x3966,0x3966,0x3966,0x41A6,0x41A6,0x41A6,0x3965,
  0x3144,0x8268,0x8AA8,0x3165,0x2924,0x4186,0x3165,0x2124,0x2104,0x18C3,0x2104,0x10C4,
  0x1904,0x1904,0x18E4,0x18C4,0x10A3,0x18E3,0x2945,0x2904,0x28E3,0x3924,0x3104,0x18E4,
  0x18E4,0x18C3,0x18E3,0x18E3,0x18E3,0x18E4,0x2104,0x20E4,0x2104,0x18E4,0x18C3,0x18E3,
  0x18E3,0x18C3,0x18C3,0x10C3,0x10E3,0x18E3,0x10E3,0x10C3,0x18C4,0x18E4,0x10A3,0x10A3,
  0x10C3,0x10C3,0x10A3,0x10A3,0x10A3,0x10C3,0x18E4,0x18E4,0x18C4,0x18E4,0x2105,0x1904,
  0x18E4,0x1904,0x1925,0x2125,0x1925,0x1905,0x1905,0x1904,0x2966,0x18E4,0x10C3,0x10A3,
  0x18C4,0x10C3,0x0882,0x0883,0x0882,0x1083,0x10A3,0x10A3,0x10A3,0x10C4,0x10E4,0x08C3,
  0x0862,0x0862,0x0041,0x0041,0x18E4,0x1904,0x0862,0x0021,0x0862,0x0862,0x0021,0x0021,
  0x0021,0x0021,0x0021,0x0041,0x0020,0x0020,0x0021,0x0021,0x0862,0x1082,0x0000,0x1062,
  0x1082,0x1082,0x0041,0x0000,0x0000,0x0000,0x0000,0x0000,0x0000,0x1041,0x1882,0x2904,
  0x18A2,0x20C3,0x18A2,0x20C3,0x28E4,0x3186,0x2124,0x18E4,0x2124,0x31A7,0x2145,0x0861,
  0x0041,0x0041,0x0021,0x0021,0x0021,0x0021,0x0021,0x0000,0x0021,0x10C3,0x0041,0x0020,
  0x0000,0x0000,0x0000,0x0000,0x0021,0x0882,0x0882,0x0021,0x0841,0x18A3,0x2924,0x1061,
  0x20C3,0x28E3,0x1882,0x0841,0x0821,0x0020,0x0000,0x0841,0x0861,0x0020,0x0000,0x0000,
  0x0000,0x0841,0x0841,0x0000,0x0000,0x0000,0x0000,0x0000,0x0000,0x1082,0x18A2,0x10A2,
  0x18C2,0x1082,0x0861,0x0000,0x0000,0x0820,0x0000,0x0841,0x20C3,0x4186,0x3145,0x1061,
  0x20E3,0x18A2,0x18C3,0x3165,0x1082,0x1882,0x2904,0x2103,0x0841,0x0000,0x1082,0x18C3,
  0x2104,0x20E3,0x20C3,0x18C3,0x0841,0x0000,0x20E3,0x5A89,0x62EB,0x6AEB,0x6B0B,0x62AA,
  0x734C,0x5249,0x3986,0x4A08,0x5229,0x4A28,0x6289,0x9BAD,0x938C,0xA3CD,0xBBED,0x8B4B,
  0x3986,0x39A7,0x39C7,0x39C7,0x41C7,0x3987,0x3986,0x4186,0x49E7,0x51E7,0x51C7,0x4186,
  0x3944,0xA2E9,0x7A26,0x3983,0x4185,0x51E7,0x2945,0x18C3,0x10A3,0x18A3,0x2105,0x18C4,
  0x18E4,0x2104,0x2104,0x2124,0x2945,0x1903,0x3145,0x2924,0x20A3,0x61E8,0x4945,0x20C4,
  0x18E4,0x18E3,0x18E4,0x18E4,0x18E4,0x18C3,0x18A3,0x18C3,0x18C3,0x18C3,0x18C3,0x18C3,
  0x18C3,0x18C3,0x18C3,0x18C3,0x18E3,0x18C3,0x18C4,0x18C4,0x18C4,0x1904,0x10C3,0x10C3,
  0x10A3,0x10A3,0x10A3,0x10A3,0x18C3,0x18E4,0x18E4,0x2104,0x18E4,0x18E4,0x2105,0x1904,
  0x2105,0x1904,0x1905,0x1905,0x1905,0x1905,0x1905,0x18E4,0x10C3,0x18E4,0x1905,0x10A3,
  0x2125,0x18E4,0x0882,0x10C3,0x10A3,0x10A3,0x10C3,0x10A3,0x10A3,0x10C4,0x1925,0x1905,
  0x10A3,0x0862,0x0041,0x0041,0x0862,0x0882,0x0041,0x0021,0x0020,0x0862,0x0882,0x0021,
  0x0021,0x0021,0x0000,0x0862,0x18E3,0x0020,0x0021,0x0020,0x0861,0x1082,0x0020,0x0020,
  0x0841,0x1082,0x0020,0x0000,0x0000,0x0000,0x0000,0x0000,0x0801,0x1882,0x1041,0x1041,
  0x39A6,0x3986,0x1061,0x20A3,0x1882,0x2104,0x2104,0x18E4,0x2104,0x31A6,0x3A08,0x18E3,
  0x0041,0x0020,0x0021,0x0021,0x0021,0x0021,0x0021,0x0000,0x10A2,0x1082,0x0020,0x0021,
  0x0000,0x0020,0x0041,0x0041,0x0021,0x10C3,0x0821,0x0020,0x0841,0x1082,0x18A2,0x1061,
  0x20A2,0x28C3,0x20C3,0x0821,0x1041,0x0821,0x0820,0x0841,0x0861,0x0020,0x0000,0x0000,
  0x1082,0x1082,0x0841,0x0000,0x0000,0x0000,0x0000,0x0000,0x0000,0x1061,0x18E3,0x18C3,
  0x18A2,0x18A2,0x1061,0x0000,0x0000,0x0861,0x0841,0x0000,0x1061,0x2904,0x3986,0x1061,
  0x1082,0x1082,0x1082,0x3185,0x1082,0x18A2,0x18C3,0x20E3,0x0020,0x0000,0x1061,0x2104,
  0x20E3,0x1882,0x2925,0x528A,0x20E3,0x0820,0x1061,0x4A28,0x6B0C,0x6AEB,0x732C,0x62AA,
  0x62EC,0x39C7,0x2966,0x2966,0x3166,0x2966,0x6289,0x9BAD,0x936C,0x8B2A,0xBBCB,0x6AA8,
  0x39A7,0x41C7,0x39A7,0x41C7,0x3987,0x3986,0x3986,0x4186,0x49E7,0x49E6,0x59C6,0x59E7,
  0x49C5,0x7A26,0x59A6,0x49C5,0x20A3,0x2904,0x18E3,0x20E4,0x2104,0x2105,0x2105,0x18E4,
  0x2104,0x2125,0x2925,0x2104,0x39A6,0x2124,0x2904,0x2904,0x20C3,0x3104,0x3104,0x20E4,
  0x18E4,0x10C3,0x18C3,0x10A3,0x10A3,0x10A3,0x10A3,0x10A3,0x10A3,0x10A3,0x18C3,0x18C4,
  0x18C3,0x18C3,0x18E4,0x18E4,0x18E4,0x18C3,0x10A3,0x10A3,0x18E4,0x10C3,0x10A3,0x10A3,
  0x10A3,0x18E4,0x18E4,0x18C3,0x1904,0x18E4,0x2104,0x2104,0x18E4,0x18E4,0x2105,0x1904,
  0x18E4,0x1905,0x1904,0x18E4,0x18E4,0x18E4,0x18C4,0x10C4,0x10C3,0x10A3,0x10E4,0x10C4,
  0x18E4,0x1905,0x1083,0x18E4,0x10C4,0x10A3,0x10C3,0x10C4,0x10E5,0x2146,0x2987,0x1905,
  0x10C3,0x0862,0x0041,0x0041,0x0862,0x0041,0x0021,0x0021,0x0000,0x0862,0x10A2,0x0021,
  0x0841,0x0841,0x0021,0x0021,0x0882,0x0841,0x0841,0x0041,0x0020,0x0020,0x0021,0x0020,
  0x0000,0x0000,0x0020,0x0841,0x0021,0x0841,0x0000,0x0821,0x0821,0x1882,0x1061,0x1041,
  0x2924,0x2904,0x20C3,0x2104,0x2104,0x39E7,0x18C3,0x18E4,0x18C3,0x2145,0x3A08,0x2945,
  0x10A2,0x0000,0x0021,0x0021,0x0021,0x0021,0x0021,0x0041,0x0861,0x0041,0x0041,0x0021,
  0x0021,0x0020,0x0841,0x0041,0x10A2,0x2124,0x0000,0x0841,0x0862,0x0820,0x0841,0x18A2,
  0x1882,0x18A2,0x18A2,0x0821,0x18A3,0x1062,0x1041,0x0841,0x0861,0x0000,0x0000,0x0000,
  0x0020,0x1062,0x0021,0x0000,0x0000,0x0000,0x0000,0x0000,0x0000,0x0861,0x18A2,0x2104,
  0x20E3,0x18C3,0x18A2,0x0820,0x0000,0x1081,0x18A2,0x0000,0x0020,0x18C3,0x2945,0x2924,
  0x18C3,0x1081,0x1081,0x18C3,0x18C2,0x18C2,0x18A2,0x18C2,0x0000,0x0000,0x0020,0x2924,
  0x3186,0x1061,0x18C2,0x5AAA,0x39A6,0x20E3,0x0841,0x41E7,0x6B0B,0x6B0B,0x734C,0x62CB,
  0x31A7,0x3186,0x3187,0x3187,0x3187,0x2986,0x5228,0x93AD,0x936C,0x5207,0x93CD,0x5227,
  0x39C7,0x41C8,0x41C7,0x41E7,0x41A7,0x41C7,0x41A6,0x41A6,0x41A6,0x41A5,0x5A07,0x7268,
  0x4986,0x3945,0x4165,0x3104,0x2904,0x4165,0x18E4,0x2145,0x2104,0x2125,0x3186,0x2104,
  0x2125,0x2125,0x2104,0x18E4,0x2925,0x2104,0x20E3,0x20C3,0x18C3,0x18E3,0x1903,0x18E4,
  0x18C4,0x10A3,0x18C3,0x10C3,0x18C3,0x18C3,0x18C3,0x18A3,0x18A3,0x18C3,0x18C4,0x18E4,
  0x18E4,0x10C3,0x10C3,0x10C3,0x10C3,0x18C3,0x18C3,0x18A3,0x10C3,0x10C3,0x10A3,0x10A3,
  0x1082,0x10A3,0x10A3,0x18C3,0x10C3,0x10A2,0x10C3,0x18E4,0x18E4,0x18E4,0x18E4,0x18E4,
  0x18E4,0x18E4,0x18E4,0x18E4,0x18E4,0x18E4,0x18E4,0x10C4,0x08A3,0x0883,0x0862,0x0863,
  0x10E4,0x31A8,0x2966,0x2146,0x1905,0x2105,0x1905,0x2146,0x1925,0x2125,0x2105,0x18C4,
  0x0882,0x0041,0x0041,0x0842,0x0862,0x0041,0x0021,0x0021,0x0000,0x1082,0x0862,0x0000,
  0x0862,0x0021,0x0021,0x0021,0x0021,0x0021,0x0021,0x0020,0x0020,0x0000,0x0000,0x0000,
  0x0000,0x0000,0x0020,0x0000,0x0841,0x10A3,0x0841,0x1062,0x1082,0x1041,0x1061,0x0840,
  0x1041,0x1882,0x28E3,0x0821,0x18C3,0x39C7,0x18C3,0x18E3,0x18E4,0x10C3,0x18C3,0x18E4,
  0x10A2,0x0020,0x0021,0x0021,0x0021,0x0021,0x0021,0x0041,0x0041,0x0861,0x0862,0x0841,
  0x0021,0x0041,0x0862,0x0021,0x1082,0x1082,0x0000,0x0841,0x0841,0x0800,0x1061,0x18A2,
  0x1882,0x18A3,0x1882,0x1041,0x28E4,0x1882,0x1062,0x1062,0x0841,0x0000,0x0000,0x0000,
  0x0000,0x0020,0x0021,0x0000,0x0000,0x0000,0x0000,0x0000,0x0000,0x1062,0x18C3,0x2945,
  0x39A6,0x1082,0x1061,0x0020,0x0000,0x0820,0x18C3,0x0841,0x0000,0x0841,0x2924,0x20E3,
  0x1061,0x0840,0x20E3,0x2103,0x18C2,0x20E3,0x18A2,0x2944,0x0820,0x0000,0x0000,0x18E3,
  0x20E3,0x1061,0x1081,0x5ACA,0x5249,0x4A29,0x1061,0x39C7,0x62EB,0x6B0B,0x734C,0x5A89,
  0x2125,0x2966,0x2125,0x2946,0x2986,0x2987,0x39A6,0x72EA,0x9BCD,0x41E8,0x62CA,0x49C7,
  0x49C7,0x49E8,0x41E7,0x41A6,0x41C6,0x41C6,0x41A6,0x41A6,0x49A6,0x3965,0x3945,0x2904,
  0x3125,0x3125,0x3925,0x3104,0x2904,0x4165,0x18E3,0x18C3,0x1082,0x10A3,0x18E4,0x18E4,
  0x18E4,0x10C3,0x10C3,0x18E4,0x18E4,0x18E4,0x18C3,0x18E4,0x18C3,0x10C3,0x10E3,0x18E4,
  0x10C3,0x10A3,0x18C3,0x18C3,0x18C4,0x18C4,0x10A3,0x18E4,0x18C3,0x18C3,0x18C3,0x18E3,
  0x10C3,0x10E3,0x10C3,0x10C3,0x18E3,0x10A3,0x10A3,0x18C3,0x10C3,0x10C4,0x10A3,0x10A3,
  0x1083,0x0883,0x10A3,0x10A3,0x10A3,0x18C3,0x10A3,0x10C4,0x18E4,0x18E4,0x18E4,0x2105,
  0x10C3,0x10A3,0x10C3,0x18E4,0x1904,0x10C3,0x10C4,0x10C4,0x08A4,0x10C4,0x1905,0x2966,
  0x2146,0x2166,0x2987,0x1925,0x1905,0x18E4,0x10A3,0x10C4,0x1904,0x18C3,0x18A3,0x20E4,
  0x0882,0x0041,0x0041,0x0862,0x0862,0x0021,0x0021,0x0021,0x0020,0x0841,0x0882,0x0841,
  0x0041,0x0021,0x0021,0x0020,0x0020,0x0000,0x0000,0x0000,0x0000,0x0000,0x0000,0x0000,
  0x0000,0x0000,0x0000,0x0000,0x0821,0x18A3,0x1062,0x0821,0x1062,0x18A2,0x1061,0x1061,
  0x18A2,0x1061,0x20E3,0x18A2,0x2925,0x41E7,0x2104,0x10A3,0x18C3,0x0882,0x0841,0x10A2,
  0x10A2,0x0021,0x0021,0x0021,0x0021,0x0021,0x0021,0x0041,0x0861,0x0041,0x0862,0x0842,
  0x0021,0x0882,0x0841,0x0020,0x0841,0x0020,0x0000,0x0841,0x0821,0x0821,0x1882,0x1061,
  0x18A2,0x20C3,0x1062,0x1061,0x20C3,0x20C3,0x1882,0x1082,0x0020,0x0000,0x0000,0x0000,
  0x0000,0x0841,0x0821,0x0000,0x0000,0x0000,0x0000,0x0000,0x0000,0x1062,0x18C3,0x20E3,
  0x1082,0x0861,0x0820,0x0000,0x0000,0x0000,0x18A2,0x18A2,0x1061,0x1082,0x1082,0x1061,
  0x1041,0x0000,0x1061,0x18C2,0x18C2,0x20E3,0x18A2,0x1061,0x0840,0x0000,0x0000,0x1062,
  0x2104,0x3165,0x0840,0x5269,0x528A,0x5A8A,0x20E4,0x2945,0x6B2C,0x6B0B,0x732B,0x5A89,
  0x31A7,0x2125,0x2125,0x2966,0x2986,0x3187,0x3986,0x4185,0x9BCD,0x5229,0x41C7,0x5229,
  0x5228,0x4A08,0x41C7,0x3124,0x3985,0x41C7,0x41A6,0x41A6,0x41A6,0x3124,0x2104,0x2925,
  0x2924,0x2924,0x2904,0x2904,0x2904,0x3945,0x20E3,0x1904,0x10A3,0x10A3,0x18C3,0x18E4,
  0x1904,0x10C3,0x18E3,0x18E4,0x18E4,0x18E4,0x10C3,0x10C3,0x10A3,0x10A3,0x10C3,0x18E4,
  0x10C3,0x10A3,0x10C3,0x10C3,0x18C3,0x18C4,0x10C3,0x10C3,0x10A3,0x10A3,0x10A3,0x10C3,
  0x10C3,0x10A3,0x10C3,0x10C3,0x10C3,0x10A3,0x10A3,0x10A3,0x10A3,0x10C3,0x10A3,0x10A3,
  0x10A3,0x10A3,0x10A3,0x10A3,0x10A3,0x10A3,0x10A3,0x10C3,0x10E4,0x1904,0x18E4,0x1904,
  0x18E4,0x2145,0x2146,0x2125,0x18E4,0x2125,0x2966,0x2146,0x2967,0x31E8,0x29A7,0x31C8,
  0x31C8,0x2166,0x1925,0x10C4,0x1083,0x1083,0x10C4,0x10A3,0x18C3,0x2125,0x18C3,0x0882,
  0x0861,0x0041,0x0862,0x0883,0x0021,0x0021,0x0021,0x0021,0x0021,0x0021,0x0841,0x0041,
  0x0021,0x0020,0x0000,0x0000,0x0000,0x0000,0x0000,0x0000,0x0000,0x0000,0x0000,0x0000,
  0x0000,0x0000,0x0000,0x0820,0x0821,0x1882,0x1041,0x0821,0x0820,0x0000,0x0820,0x1041,
  0x20C3,0x20C3,0x1082,0x2104,0x18C3,0x2945,0x2125,0x1082,0x18C3,0x0841,0x0041,0x0882,
  0x10A2,0x0041,0x0021,0x0021,0x0021,0x0021,0x0021,0x0041,0x0841,0x0041,0x0041,0x0862,
  0x0841,0x0041,0x0861,0x0841,0x0820,0x0000,0x0821,0x0821,0x0000,0x1061,0x18C2,0x1881,
  0x18A2,0x20C3,0x0820,0x2903,0x3125,0x20A3,0x1882,0x1082,0x0000,0x0000,0x0000,0x0000,
  0x0000,0x0861,0x0021,0x0000,0x0000,0x0000,0x0000,0x0000,0x0000,0x0861,0x2124,0x18E3,
  0x1082,0x0841,0x0020,0x0000,0x0000,0x0820,0x2104,0x20C3,0x1061,0x18C3,0x18A2,0x18A2,
  0x1061,0x1061,0x1061,0x18A2,0x2904,0x2924,0x1882,0x0820,0x0000,0x0841,0x0020,0x0841,
  0x2104,0x2104,0x0841,0x3144,0x5269,0x6B2C,0x4A08,0x2103,0x6B2C,0x6B0B,0x6AEB,0x734D,
  0x39C7,0x2125,0x2945,0x31A6,0x2986,0x3187,0x2946,0x72CA,0xB46F,0x6289,0x41C6,0x6ACB,
  0x5A49,0x628A,0x49E7,0x2904,0x2904,0x41C7,0x41A6,0x49E7,0x51E6,0x3104,0x20E5,0x2925,
  0x2924,0x2904,0x3145,0x3145,0x20E4,0x3986,0x2124,0x18E3,0x18C3,0x10A3,0x10C3,0x18E3,
  0x10C3,0x10C3,0x10C3,0x18C3,0x1082,0x10A3,0x10C3,0x10A3,0x10A3,0x10A3,0x10C3,0x10C3,
  0x10C3,0x10A3,0x10A3,0x10C3,0x10C3,0x18E4,0x10C4,0x1083,0x10A3,0x18E4,0x18E4,0x10C3,
  0x10C3,0x10C3,0x10C3,0x10C3,0x10C3,0x10C3,0x10A3,0x10A3,0x10A3,0x18C4,0x18E4,0x0883,
  0x0883,0x0883,0x0883,0x0883,0x10A3,0x10A3,0x10A3,0x10A3,0x10A3,0x18E4,0x2966,0x2966,
  0x2966,0x2986,0x2166,0x1905,0x31A7,0x3A09,0x31A8,0x1905,0x1905,0x1905,0x10C4,0x10C4,
  0x10C4,0x10C4,0x18E4,0x10E4,0x10A4,0x18A4,0x10A3,0x10A3,0x10A3,0x10A3,0x08A3,0x10E4,
  0x0041,0x0041,0x0883,0x0883,0x0041,0x0021,0x0021,0x0021,0x0021,0x0021,0x0021,0x0000,
  0x0000,0x0020,0x0000,0x0000,0x0000,0x0000,0x0000,0x0000,0x0000,0x0000,0x0000,0x0000,
  0x0000,0x0000,0x0000,0x0000,0x0000,0x1041,0x1082,0x0841,0x0000,0x0000,0x0020,0x0821,
  0x0000,0x18C3,0x18A2,0x18C3,0x18C3,0x2104,0x2924,0x1082,0x18C3,0x0861,0x0021,0x0882,
  0x10A2,0x0841,0x0000,0x0021,0x0841,0x0841,0x0841,0x0841,0x0862,0x0041,0x0041,0x0862,
  0x0841,0x0020,0x0020,0x0000,0x0000,0x0000,0x18C3,0x0841,0x0000,0x1882,0x1881,0x1061,
  0x1882,0x1882,0x0840,0x20A2,0x20C3,0x20A3,0x20A3,0x1061,0x0000,0x0000,0x0000,0x0000,
  0x0000,0x0841,0x0821,0x0020,0x0000,0x0000,0x0000,0x0000,0x0000,0x0841,0x1082,0x1061,
  0x0841,0x1082,0x0841,0x0000,0x0000,0x0000,0x20E4,0x20C3,0x20C3,0x20C3,0x1882,0x1082,
  0x0820,0x1082,0x18A2,0x0840,0x4A28,0x5269,0x20E3,0x0841,0x0000,0x0841,0x0021,0x0861,
  0x0821,0x1082,0x1061,0x20E3,0x62EB,0x732C,0x5AAA,0x18C2,0x6B0B,0x732C,0x730C,0x62CB,
  0x2965,0x2965,0x2966,0x2966,0x2966,0x3166,0x3166,0x41A7,0x72A9,0x8B4B,0x41E7,0x5208,
  0x5208,0x5A69,0x5A69,0x3145,0x2904,0x49C7,0x5208,0x51E7,0x49C6,0x49C7,0x18E4,0x2925,
  0x3986,0x3165,0x2945,0x2945,0x2104,0x20E4,0x10A3,0x10A3,0x10C3,0x10A3,0x10C3,0x18E3,
  0x10A3,0x10C3,0x10C3,0x18C4,0x1083,0x10A3,0x10C3,0x10C3,0x10C4,0x2125,0x18E3,0x2125,
  0x1904,0x10A3,0x18C4,0x18E4,0x18E4,0x2125,0x1905,0x10C3,0x1904,0x1904,0x18E4,0x10C3,
  0x0882,0x0882,0x0882,0x0882,0x0882,0x0882,0x0882,0x10C3,0x18E4,0x10C3,0x10A3,0x0883,
  0x0883,0x0883,0x0883,0x10A3,0x10C3,0x1083,0x10A3,0x18E4,0x10C3,0x18E4,0x31C7,0x10C3,
  0x10E4,0x10E4,0x10C3,0x18E4,0x31C8,0x2146,0x1905,0x2987,0x1905,0x10C4,0x10C4,0x08A3,
  0x10E4,0x2125,0x18E4,0x10C4,0x18E4,0x18C4,0x1083,0x10A3,0x10A3,0x10A3,0x1905,0x2967,
  0x0041,0x0041,0x10C3,0x0882,0x0041,0x0041,0x0041,0x0021,0x0021,0x0021,0x0021,0x0021,
  0x0000,0x0041,0x0020,0x0000,0x0000,0x0000,0x0000,0x0000,0x0000,0x0000,0x0000,0x0020,
  0x0000,0x0020,0x0000,0x0021,0x0000,0x0020,0x0862,0x0841,0x0000,0x0000,0x0800,0x0841,
  0x0841,0x0861,0x0041,0x2124,0x3186,0x2925,0x18C3,0x0861,0x18E3,0x1082,0x0841,0x10A3,
  0x2125,0x10A3,0x0000,0x0041,0x0041,0x0841,0x0841,0x0841,0x0862,0x0041,0x0862,0x0862,
  0x0041,0x0021,0x0021,0x0021,0x0000,0x0000,0x0841,0x0821,0x0821,0x18A2,0x1882,0x1882,
  0x20A2,0x1061,0x0841,0x1882,0x18A2,0x18A2,0x20C3,0x0820,0x0000,0x0000,0x0000,0x0000,
  0x0000,0x0020,0x0021,0x0021,0x0000,0x0000,0x0000,0x0000,0x0000,0x0021,0x0821,0x0861,
  0x0841,0x1061,0x0841,0x0000,0x0000,0x0000,0x20E4,0x39A7,0x1061,0x18C3,0x18A2,0x1061,
  0x0820,0x10A2,0x2104,0x0020,0x2965,0x3185,0x2104,0x0841,0x0000,0x0841,0x0020,0x0841,
  0x0821,0x1061,0x1082,0x1061,0x5AAA,0x734D,0x732C,0x2124,0x5ACA,0x734C,0x6B2C,0x62EB,
  0x4A49,0x39C7,0x3187,0x3186,0x31A7,0x3186,0x3987,0x2945,0x39C5,0x8B4C,0x4A28,0x5A69,
  0x5A48,0x72EA,0x5A69,0x3965,0x3104,0x49E7,0x51C7,0x51C7,0x3144,0x3165,0x2124,0x2925,
  0x2945,0x2945,0x20E4,0x2104,0x18C4,0x2125,0x2125,0x10A3,0x10C3,0x08A2,0x10C3,0x18E4,
  0x18E4,0x10C3,0x10C3,0x18E4,0x10A3,0x10C3,0x18E4,0x18E4,0x2145,0x2125,0x18E4,0x1904,
  0x18E4,0x10C4,0x10E4,0x1904,0x2125,0x1904,0x10C3,0x10C3,0x0882,0x0882,0x0882,0x10A3,
  0x10A2,0x0862,0x10C3,0x10A3,0x0882,0x10A3,0x1083,0x10C3,0x10C4,0x10A3,0x1083,0x18E4,
  0x10C3,0x0882,0x10A3,0x10A3,0x0883,0x10A3,0x10C3,0x18E4,0x18C4,0x10E4,0x10E4,0x10E4,
  0x10C4,0x10C4,0x10C4,0x2987,0x2966,0x1905,0x2987,0x2967,0x0883,0x1905,0x10A3,0x0883,
  0x18E4,0x1905,0x10E4,0x10C4,0x18E4,0x10C4,0x10A3,0x10A3,0x10A3,0x10C3,0x10E3,0x1904,
  0x0882,0x10A3,0x10C3,0x0861,0x0041,0x0841,0x0041,0x0021,0x0021,0x0021,0x0021,0x0000,
  0x0021,0x0841,0x0021,0x0000,0x0000,0x0000,0x0000,0x0000,0x0000,0x0000,0x0000,0x0020,
  0x0020,0x0841,0x0000,0x0000,0x0000,0x0000,0x0000,0x0000,0x0841,0x1062,0x0000,0x0821,
  0x0841,0x10C3,0x10A2,0x18E3,0x18C3,0x10A3,0x18C3,0x0861,0x10A2,0x10A2,0x0861,0x0882,
  0x2125,0x2125,0x0841,0x0841,0x18C3,0x0862,0x0841,0x0841,0x0841,0x0041,0x0862,0x0021,
  0x0021,0x0021,0x0841,0x0841,0x0021,0x0000,0x0000,0x0000,0x1061,0x18C3,0x1061,0x1882,
  0x20C3,0x18A2,0x20E3,0x20E3,0x18A2,0x18C3,0x0861,0x0000,0x0000,0x0000,0x0000,0x0000,
  0x0000,0x0000,0x0021,0x0021,0x0000,0x0000,0x0000,0x0000,0x0000,0x0000,0x0821,0x2124,
  0x18A3,0x0820,0x0841,0x0000,0x0000,0x0000,0x18A3,0x20E3,0x1882,0x1882,0x18A2,0x1061,
  0x18C3,0x18A2,0x2124,0x10A2,0x0841,0x0861,0x18A2,0x1082,0x0821,0x0841,0x0820,0x0020,
  0x1082,0x10A2,0x1082,0x0840,0x41E7,0x6B0C,0x7B6D,0x39A6,0x4A07,0x734D,0x6B0C,0x734D,
  0x528A,0x2966,0x3186,0x3186,0x31A7,0x3186,0x3187,0x2986,0x4207,0x8B6D,0x4A28,0x4A29,
  0x4208,0x39C7,0x39A7,0x3146,0x2905,0x2925,0x2905,0x2905,0x2104,0x2124,0x2124,0x2104,
  0x20E4,0x18E4,0x1904,0x2946,0x18E4,0x18E4,0x2104,0x10A3,0x10C3,0x08A3,0x10C3,0x18E4,
  0x10C3,0x10A3,0x10C3,0x18E4,0x10A3,0x10C3,0x10C3,0x10C4,0x10A4,0x10A3,0x10C3,0x08A3,
  0x10A3,0x1905,0x10E4,0x1904,0x18E4,0x18E4,0x18E4,0x1904,0x10E4,0x10A3,0x0882,0x0882,
  0x10A2,0x10A3,0x10A3,0x0882,0x0883,0x0883,0x10A3,0x10A3,0x10C3,0x10A3,0x10A3,0x18C4,
  0x10C4,0x1083,0x10A3,0x10A3,0x10A3,0x1904,0x18E4,0x10C3,0x2125,0x10E4,0x10E4,0x2166,
  0x1904,0x1925,0x2967,0x1905,0x1905,0x2146,0x2125,0x2125,0x18E5,0x18E4,0x18E4,0x10E4,
  0x10C3,0x0883,0x10C3,0x10C4,0x1905,0x10A3,0x10C3,0x10A3,0x10C3,0x1904,0x2986,0x10E3,
  0x1905,0x1904,0x0882,0x0041,0x0041,0x0041,0x0041,0x0021,0x0021,0x0021,0x0021,0x0000,
  0x0021,0x0841,0x0021,0x0020,0x0020,0x0000,0x0000,0x0000,0x0000,0x0000,0x0020,0x0020,
  0x0020,0x0021,0x0000,0x0000,0x0021,0x0000,0x0000,0x0000,0x0000,0x0820,0x0820,0x0841,
  0x0021,0x0841,0x10A2,0x18E3,0x18E3,0x18C3,0x2104,0x1082,0x0000,0x1082,0x0861,0x0841,
  0x2104,0x2986,0x18C3,0x0862,0x18C3,0x0041,0x0841,0x0862,0x1082,0x0862,0x0021,0x0841,
  0x0841,0x0041,0x0862,0x0841,0x0021,0x0020,0x0000,0x0000,0x18A2,0x18A2,0x1061,0x1882,
  0x1882,0x1882,0x20C3,0x18A2,0x0841,0x0841,0x0000,0x0000,0x0000,0x0000,0x0000,0x0000,
  0x0000,0x0000,0x0021,0x0841,0x0020,0x0000,0x0000,0x0000,0x0000,0x0000,0x0841,0x1082,
  0x1082,0x20E4,0x0861,0x0000,0x0000,0x0000,0x1082,0x20E3,0x1882,0x1061,0x1081,0x18A2,
  0x18C3,0x0841,0x18C3,0x2104,0x0820,0x0841,0x1061,0x10A2,0x0821,0x1061,0x0841,0x0000,
  0x18E3,0x2104,0x1082,0x0840,0x20E3,0x6B0C,0x736D,0x62CA,0x39A6,0x6B2C,0x6B0B,0x6B2C,
  0x5AAA,0x2945,0x3187,0x31A7,0x31A7,0x31C7,0x31A7,0x2966,0x3186,0x3986,0x3166,0x2945,
  0x2145,0x2125,0x2125,0x2946,0x2125,0x2125,0x2125,0x2125,0x2105,0x2105,0x2125,0x2945,
  0x18E4,0x18E4,0x1905,0x2125,0x18E4,0x10A3,0x10C3,0x10A2,0x18E3,0x18E4,0x10C4,0x10C3,
  0x10A3,0x10C3,0x10C3,0x18E4,0x10A3,0x10C3,0x10C3,0x10C3,0x10A3,0x10C4,0x1904,0x1925,
  0x2125,0x2146,0x10E4,0x10E4,0x10A3,0x10A3,0x18E4,0x10E4,0x1904,0x18E4,0x10C4,0x10A3,
  0x18E4,0x18E4,0x10A3,0x0883,0x08A3,0x0883,0x0883,0x10C3,0x10A3,0x10A3,0x10A3,0x10A3,
  0x10A3,0x10C3,0x10A3,0x10C3,0x18E4,0x1925,0x29A6,0x31A7,0x2987,0x1905,0x10E4,0x10E4,
  0x10C4,0x2146,0x2166,0x2126,0x1905,0x1905,0x0883,0x10A3,0x10C4,0x1905,0x2125,0x10C3,
  0x08A3,0x0883,0x1925,0x2146,0x0862,0x10C4,0x10C4,0x10C4,0x1905,0x10C3,0x10A2,0x10A2,
  0x2105,0x1083,0x0862,0x0041,0x0041,0x0041,0x0041,0x0041,0x0041,0x0021,0x0021,0x0000,
  0x0000,0x0862,0x0021,0x0021,0x0020,0x0000,0x0000,0x0000,0x0000,0x0000,0x0000,0x0000,
  0x0000,0x0000,0x0000,0x0000,0x0000,0x0000,0x0000,0x0000,0x0000,0x0000,0x0020,0x1062,
  0x0021,0x0000,0x0841,0x0841,0x0862,0x0862,0x18C3,0x18E4,0x0862,0x0841,0x0861,0x0021,
  0x1082,0x4249,0x31C7,0x0882,0x0021,0x0041,0x0021,0x0882,0x10C3,0x0841,0x0841,0x0862,
  0x0882,0x0841,0x0862,0x0841,0x0841,0x0000,0x0000,0x0820,0x18A2,0x1082,0x1061,0x1882,
  0x1062,0x1861,0x1882,0x1041,0x0820,0x0000,0x0000,0x0000,0x0000,0x0000,0x0000,0x0000,
  0x0000,0x0000,0x0021,0x0021,0x0021,0x0000,0x0000,0x0000,0x0000,0x0000,0x0020,0x0861,
  0x1061,0x1061,0x1082,0x0000,0x0000,0x0000,0x0000,0x0020,0x2104,0x18C2,0x1061,0x18C2,
  0x20E3,0x0000,0x1082,0x2945,0x0000,0x0841,0x1082,0x1062,0x0020,0x0841,0x0841,0x0000,
  0x1082,0x41E7,0x1081,0x1082,0x2924,0x6B2C,0x734C,0x734C,0x41C7,0x62EB,0x6B0C,0x734C,
  0x630C,0x3166,0x2987,0x31A7,0x31A7,0x2966,0x2966,0x2166,0x2165,0x2145,0x2966,0x2146,
  0x2146,0x2125,0x2105,0x2105,0x2125,0x2104,0x1904,0x2104,0x2104,0x2125,0x2125,0x2945,
  0x18E4,0x18E4,0x1904,0x2125,0x18E4,0x10A3,0x10C3,0x10C3,0x10C3,0x10A3,0x10C4,0x10C3,
  0x10C3,0x10C3,0x1904,0x18E4,0x10C3,0x10E4,0x10E4,0x1904,0x1905,0x1925,0x1104,0x1905,
  0x1905,0x10C4,0x10C4,0x10E4,0x08A3,0x10C3,0x10A3,0x1905,0x18E4,0x1904,0x1904,0x18E4,
  0x18E4,0x18E4,0x18E4,0x1904,0x10A3,0x10C4,0x10E4,0x10C4,0x10C4,0x10C3,0x10A3,0x10C3,
  0x18E4,0x10C4,0x10E4,0x10C3,0x18E4,0x2125,0x2166,0x2146,0x1905,0x1925,0x1925,0x1946,
  0x29A7,0x1905,0x18E5,0x1905,0x10C4,0x10C3,0x10C3,0x10A3,0x10C4,0x10C4,0x10C3,0x10A3,
  0x10A3,0x08A3,0x08A3,0x1925,0x10C4,0x10E4,0x08A3,0x1905,0x10E4,0x08A3,0x10E3,0x2965,
  0x1905,0x0883,0x0041,0x0041,0x0041,0x0041,0x0041,0x0862,0x0041,0x0021,0x0021,0x0000,
  0x0000,0x0021,0x0021,0x0000,0x0000,0x0000,0x0000,0x0000,0x0000,0x0000,0x0000,0x0000,
  0x0000,0x0000,0x0000,0x0000,0x0000,0x0000,0x0000,0x0821,0x0841,0x0000,0x0000,0x0841,
  0x0841,0x0862,0x2945,0x2104,0x0861,0x0000,0x0841,0x0862,0x10A2,0x0841,0x0020,0x0020,
  0x0841,0x2125,0x3186,0x18E4,0x0000,0x0041,0x0041,0x0862,0x0862,0x0862,0x0021,0x0862,
  0x1082,0x0841,0x0841,0x0841,0x0021,0x0000,0x0000,0x0821,0x18A2,0x1061,0x1062,0x1882,
  0x18A3,0x18A2,0x1882,0x0820,0x0820,0x0000,0x0000,0x0000,0x0000,0x0000,0x0000,0x0000,
  0x0000,0x0000,0x0000,0x0841,0x0841,0x0000,0x0000,0x0000,0x0000,0x0000,0x0020,0x0841,
  0x0861,0x0861,0x0861,0x0000,0x0000,0x0000,0x0000,0x0000,0x0820,0x18E3,0x10A2,0x18C3,
  0x18C3,0x0000,0x0020,0x1061,0x0020,0x0000,0x1082,0x20E4,0x0020,0x0841,0x0841,0x0841,
  0x0841,0x18E3,0x20E3,0x2904,0x39A6,0x734C,0x736D,0x7BAE,0x5248,0x5249,0x736D,0x734D,
  0x630C,0x3186,0x2987,0x2987,0x2966,0x2966,0x2146,0x2166,0x2166,0x2145,0x2146,0x2146,
  0x2125,0x2105,0x2125,0x2125,0x2125,0x2104,0x2104,0x2104,0x2104,0x2104,0x2104,0x18E4,
  0x18E4,0x18E4,0x18E4,0x2125,0x1904,0x10C3,0x10A3,0x10A3,0x18E4,0x1904,0x18E4,0x10C3,
  0x10C3,0x10C3,0x10C3,0x10E4,0x10C3,0x10E4,0x1905,0x1925,0x1925,0x1905,0x10E4,0x10C4,
  0x10C4,0x08A3,0x1904,0x10E4,0x08A3,0x10C3,0x1904,0x18E4,0x10C3,0x1904,0x2125,0x10E4,
  0x10E4,0x18E4,0x2986,0x2145,0x1925,0x2166,0x2987,0x18E4,0x1904,0x2966,0x1925,0x18E4,
  0x1904,0x1904,0x2125,0x18E4,0x2966,0x29A7,0x10E4,0x2146,0x2146,0x3A09,0x3A29,0x3A29,
  0x4A8A,0x1925,0x10C4,0x10C4,0x10C3,0x10C3,0x10A3,0x10A3,0x10E4,0x10C4,0x18E4,0x10C4,
  0x10A3,0x10A3,0x10A3,0x1905,0x0883,0x08A3,0x1905,0x2105,0x18A3,0x18C3,0x18E3,0x10E3,
  0x18E4,0x0862,0x0042,0x0041,0x0041,0x0041,0x0862,0x0882,0x0041,0x0021,0x0021,0x0021,
  0x0000,0x0041,0x0821,0x0000,0x0000,0x0000,0x0000,0x0000,0x0000,0x0000,0x0000,0x0000,
  0x0000,0x0000,0x0000,0x0000,0x0000,0x0000,0x0000,0x0000,0x0000,0x0020,0x1062,0x0821,
  0x0841,0x0862,0x2125,0x526A,0x39C7,0x10A2,0x18E4,0x1082,0x0000,0x0841,0x0881,0x0000,
  0x0020,0x0862,0x2946,0x18E4,0x0021,0x0841,0x0841,0x0841,0x0862,0x0862,0x0041,0x0862,
  0x1082,0x0041,0x0861,0x0841,0x0000,0x0000,0x0000,0x18A3,0x18A2,0x1061,0x1882,0x20C3,
  0x18A2,0x1061,0x1041,0x0000,0x0020,0x0000,0x0000,0x0000,0x0000,0x0000,0x0000,0x0000,
  0x0000,0x0000,0x0000,0x0841,0x0021,0x0000,0x0000,0x0000,0x0000,0x0020,0x0040,0x0040,
  0x0841,0x0841,0x0841,0x0020,0x0000,0x0000,0x0000,0x0000,0x0020,0x0020,0x18E3,0x2124,
  0x0841,0x0000,0x0020,0x0840,0x0840,0x0000,0x10A2,0x2104,0x0841,0x0041,0x0040,0x0861,
  0x0861,0x0841,0x2904,0x4A28,0x3145,0x7B6D,0x7B8D,0x7B6D,0x6AEB,0x6B2C,0x7B8E,0x734D,
  0x6B0C,0x29A6,0x2987,0x2987,0x2967,0x2967,0x2166,0x31A7,0x2986,0x2146,0x2146,0x2146,
  0x2146,0x2125,0x2145,0x2125,0x2125,0x1905,0x2104,0x2104,0x1904,0x2104,0x1904,0x18E4,
  0x10C3,0x18E4,0x18E4,0x18E4,0x10E4,0x10C3,0x10C3,0x10C3,0x18E4,0x1905,0x10A3,0x10C3,
  0x10C4,0x10C4,0x1904,0x10E4,0x10C4,0x1925,0x1925,0x1925,0x1905,0x1905,0x18E4,0x10C3,
  0x10C4,0x10E4,0x2145,0x10E4,0x10C3,0x10C3,0x1905,0x10C4,0x10A3,0x2125,0x2146,0x1925,
  0x2167,0x31E8,0x10C4,0x18E4,0x18E4,0x2166,0x2987,0x2966,0x2125,0x10E4,0x18E4,0x10C4,
  0x2125,0x2925,0x20E4,0x2925,0x31A7,0x2146,0x31A7,0x2966,0x10E4,0x10A3,0x10C4,0x08A3,
  0x08A3,0x1925,0x1904,0x10C4,0x18E4,0x10C3,0x10A3,0x08A3,0x18E5,0x18E4,0x0883,0x10C4,
  0x10E4,0x08A3,0x10C3,0x10C4,0x10E4,0x1946,0x29C8,0x2966,0x18A3,0x2125,0x2167,0x2167,
  0x1904,0x0882,0x0041,0x0041,0x0041,0x0862,0x0882,0x0882,0x0861,0x0021,0x0021,0x0021,
  0x0021,0x0021,0x0021,0x0020,0x0000,0x0000,0x0000,0x0000,0x0000,0x0000,0x0000,0x0000,
  0x0000,0x0000,0x0000,0x0000,0x0000,0x0000,0x0000,0x0000,0x0000,0x0021,0x0020,0x0821,
  0x0841,0x20E4,0x0862,0x2966,0x2966,0x2104,0x2104,0x18C3,0x0020,0x0000,0x10A2,0x0861,
  0x0020,0x0021,0x0841,0x1082,0x0041,0x0041,0x0041,0x0041,0x0841,0x0862,0x0882,0x0841,
  0x0041,0x0021,0x1082,0x0021,0x0000,0x0000,0x0020,0x18A3,0x1082,0x1062,0x18A2,0x18C3,
  0x0841,0x1041,0x0000,0x0000,0x0000,0x0000,0x0000,0x0000,0x0000,0x0000,0x0000,0x0000,
  0x0000,0x0000,0x0000,0x0020,0x0020,0x0000,0x0000,0x0000,0x0000,0x0020,0x0020,0x0841,
  0x0841,0x0841,0x0841,0x0000,0x0841,0x0020,0x0000,0x0020,0x0861,0x0000,0x1082,0x1082,
  0x0000,0x0000,0x0000,0x0820,0x0841,0x0000,0x10A2,0x1062,0x0841,0x0841,0x0041,0x0841,
  0x1082,0x18A2,0x1061,0x6B0C,0x41C7,0x732C,0x7B6D,0x732C,0x62AA,0x62CA,0x7B6D,0x7B6D,
  0x6B2C,0x3186,0x2987,0x2987,0x2987,0x2987,0x2987,0x2987,0x2166,0x2166,0x2166,0x2146,
  0x2146,0x2146,0x2145,0x2145,0x1925,0x1904,0x1904,0x1904,0x18E4,0x1904,0x1904,0x18E4,
  0x10E4,0x1904,0x18E5,0x2146,0x1925,0x10C3,0x18E4,0x18E4,0x10C4,0x10C3,0x10A3,0x10C3,
  0x10C4,0x10E4,0x10E4,0x10C4,0x10C4,0x1925,0x1925,0x1925,0x1925,0x1905,0x10E4,0x18E4,
  0x10E4,0x1904,0x1905,0x10C4,0x08A3,0x10C3,0x10C4,0x10C4,0x2125,0x2145,0x1104,0x2166,
  0x29A8,0x2146,0x08A3,0x10C3,0x10C3,0x10E4,0x2146,0x2966,0x2146,0x2966,0x2987,0x2987,
  0x2146,0x1904,0x2146,0x2987,0x2125,0x2966,0x2966,0x31A7,0x29A7,0x2966,0x2125,0x1925,
  0x2986,0x31A7,0x2125,0x18C4,0x10C3,0x10A3,0x10A3,0x1905,0x2146,0x1104,0x10E4,0x10C3,
  0x10A3,0x08A3,0x10C4,0x2187,0x424A,0x29C9,0x29C9,0x2125,0x2987,0x29E9,0x29A8,0x08C4,
  0x10C3,0x0041,0x0041,0x0041,0x0041,0x0862,0x0882,0x0882,0x0041,0x0021,0x0021,0x0000,
  0x0000,0x0000,0x0041,0x0021,0x0000,0x0021,0x0000,0x0000,0x0000,0x0000,0x0000,0x0000,
  0x0000,0x0000,0x0000,0x0000,0x0000,0x0000,0x0020,0x0000,0x0000,0x0841,0x0020,0x0000,
  0x0000,0x18C3,0x18A3,0x20E4,0x2945,0x18E3,0x2104,0x1082,0x0000,0x0000,0x0020,0x0862,
  0x0862,0x0020,0x0841,0x0841,0x0841,0x0041,0x0041,0x0041,0x0862,0x10C3,0x0882,0x0862,
  0x0041,0x0862,0x0021,0x0000,0x0000,0x0000,0x0000,0x1062,0x1082,0x1882,0x18A2,0x20E3,
  0x1062,0x0820,0x0000,0x0020,0x0020,0x0020,0x0020,0x0000,0x0000,0x0000,0x0000,0x0000,
  0x0000,0x0000,0x0000,0x0000,0x0000,0x0000,0x0000,0x0000,0x0000,0x0000,0x0020,0x1082,
  0x0841,0x0841,0x0020,0x0000,0x0020,0x18E3,0x0000,0x0020,0x0861,0x0000,0x0000,0x0020,
  0x0020,0x0000,0x0841,0x1082,0x0020,0x0021,0x0841,0x0841,0x10A3,0x0841,0x0841,0x0841,
  0x1082,0x2124,0x3165,0x734C,0x5269,0x6AEB,0x8BCE,0x838D,0x6AEB,0x6B2C,0x83CE,0x8BCF,
  0x736D,0x31A7,0x2987,0x2987,0x2987,0x2987,0x29A7,0x2987,0x2166,0x2166,0x2166,0x2146,
  0x2146,0x2126,0x2125,0x1925,0x2125,0x2105,0x1905,0x2125,0x2125,0x2125,0x2145,0x2125,
  0x1925,0x2125,0x18C4,0x2146,0x1904,0x10C3,0x10E4,0x10C4,0x10C4,0x10C4,0x10A3,0x10C4,
  0x18E4,0x10E5,0x1105,0x1905,0x1905,0x1946,0x1946,0x2186,0x2987,0x1905,0x10E5,0x1925,
  0x1904,0x10E4,0x10C4,0x10E4,0x10C4,0x10C4,0x10E4,0x2125,0x2987,0x29A7,0x10E4,0x10E4,
  0x1925,0x10C3,0x10A3,0x10C3,0x10C3,0x10C3,0x1904,0x10C4,0x10A3,0x2126,0x3A29,0x31E8,
  0x1905,0x10C4,0x18E5,0x1925,0x2146,0x2125,0x18C3,0x2966,0x2986,0x31A7,0x39E8,0x31A7,
  0x2986,0x2125,0x18E4,0x2125,0x2125,0x1905,0x2167,0x426A,0x2187,0x1925,0x29C8,0x1925,
  0x2146,0x10E5,0x10C4,0x10E5,0x1926,0x2988,0x31E9,0x31C8,0x1946,0x10E5,0x10E4,0x0082,
  0x0862,0x0041,0x0041,0x0862,0x0842,0x0882,0x10A3,0x0882,0x0021,0x0021,0x0021,0x0000,
  0x0000,0x0000,0x0841,0x0841,0x0000,0x0021,0x0000,0x0000,0x0000,0x0000,0x0000,0x0000,
  0x0000,0x0000,0x0000,0x0000,0x0021,0x0020,0x0021,0x0020,0x0020,0x0041,0x0841,0x0000,
  0x0821,0x1082,0x1082,0x0841,0x2104,0x2966,0x2945,0x0862,0x0000,0x0000,0x0000,0x0841,
  0x0841,0x0841,0x0021,0x0841,0x0841,0x0041,0x0041,0x0021,0x0862,0x1082,0x0862,0x0862,
  0x0841,0x0841,0x0021,0x0020,0x0000,0x0000,0x0000,0x0021,0x18A3,0x18A3,0x18A2,0x1061,
  0x1061,0x0000,0x0000,0x0020,0x0841,0x0020,0x0020,0x0000,0x0000,0x0000,0x0000,0x0000,
  0x0000,0x0000,0x0000,0x0000,0x0000,0x0000,0x0000,0x0000,0x0000,0x0000,0x0020,0x1082,
  0x0861,0x0841,0x0020,0x0020,0x0000,0x1082,0x0020,0x0000,0x0841,0x0841,0x0841,0x0020,
  0x0841,0x0020,0x0020,0x0020,0x0020,0x0021,0x0841,0x0841,0x18E4,0x0861,0x0841,0x0862,
  0x1082,0x18C2,0x528A,0x6B2C,0x83AD,0x6ACA,0x9450,0x940F,0x734C,0x83CE,0x9C71,0x9450,
  0x83CE,0x31A7,0x2987,0x29A7,0x29A7,0x29A7,0x29A7,0x29A7,0x2166,0x2146,0x2166,0x2166,
  0x2166,0x2166,0x2145,0x2145,0x1905,0x1904,0x1905,0x1904,0x1904,0x1904,0x2125,0x10E4,
  0x10E4,0x1905,0x2125,0x1905,0x1905,0x2146,0x2146,0x2146,0x1925,0x10E4,0x10C4,0x18E4,
  0x2166,0x31E9,0x3A4A,0x31E8,0x29A7,0x1925,0x10E4,0x29A7,0x2166,0x10E4,0x10C4,0x10C4,
  0x10C4,0x1904,0x10E4,0x10C4,0x10C4,0x10C4,0x10E4,0x2145,0x2987,0x2166,0x2146,0x10C4,
  0x1925,0x10E4,0x08A3,0x0882,0x1904,0x1904,0x0883,0x10A3,0x10C4,0x10A4,0x1925,0x31A8,
  0x2987,0x31A8,0x31A8,0x2967,0x1905,0x1905,0x1904,0x18C3,0x18E4,0x2125,0x1925,0x10A3,
  0x0883,0x0882,0x10A3,0x2105,0x1905,0x322A,0x324A,0x10E5,0x08A3,0x2167,0x2146,0x08A3,
  0x2146,0x2166,0x10E5,0x2167,0x1926,0x2188,0x1946,0x1946,0x2167,0x2146,0x0063,0x0883,
  0x0041,0x0041,0x0862,0x10A3,0x0882,0x10A3,0x10A3,0x0862,0x0021,0x0021,0x0021,0x0000,
  0x0000,0x0000,0x0841,0x0841,0x0021,0x0021,0x0000,0x0000,0x0000,0x0020,0x0000,0x0000,
  0x0000,0x0000,0x0000,0x0020,0x0021,0x0020,0x0861,0x1062,0x0861,0x1082,0x0841,0x0821,
  0x0821,0x0861,0x0861,0x0841,0x0861,0x10C3,0x10A2,0x10A3,0x0861,0x0000,0x0000,0x0021,
  0x0021,0x18C3,0x1082,0x0021,0x0041,0x0041,0x0061,0x0041,0x10A3,0x1082,0x0862,0x0041,
  0x0841,0x0021,0x0020,0x0020,0x0020,0x0020,0x0020,0x0821,0x1062,0x1062,0x18A2,0x1061,
  0x0000,0x0021,0x0020,0x0020,0x0020,0x0020,0x0020,0x0000,0x0000,0x0000,0x0000,0x0000,
  0x0000,0x0000,0x0000,0x0000,0x0000,0x0000,0x0000,0x0000,0x0000,0x0000,0x0020,0x1082,
  0x1082,0x0841,0x0000,0x0000,0x0000,0x0000,0x0020,0x0841,0x0841,0x0841,0x0841,0x0841,
  0x0841,0x0020,0x0841,0x0841,0x0020,0x0841,0x0861,0x0841,0x1082,0x0861,0x0841,0x1082,
  0x1082,0x1082,0x4208,0x83CE,0x9450,0x732B,0xA4B1,0x9C6F,0x9C70,0x9C70,0x9C70,0xACF2,
  0x9C91,0x31A6,0x2987,0x29A7,0x31A8,0x29A7,0x2987,0x29A8,0x2166,0x2166,0x2987,0x2166,
  0x2146,0x2166,0x2145,0x1905,0x2145,0x2125,0x18E4,0x18E4,0x18E4,0x1905,0x18E4,0x1904,
  0x1904,0x1904,0x2125,0x10E4,0x2146,0x29A8,0x2987,0x2967,0x1925,0x29A7,0x29A7,0x1945,
  0x2166,0x31E8,0x2987,0x10C4,0x1925,0x3A29,0x29A7,0x1905,0x1905,0x1905,0x10E4,0x10C4,
  0x10C4,0x1904,0x10E4,0x10C4,0x10C4,0x2966,0x18E4,0x1905,0x1925,0x10E4,0x10E4,0x31A7,
  0x2987,0x08A3,0x08A3,0x10A3,0x10E3,0x10C3,0x10A3,0x10C3,0x10C3,0x10C3,0x0883,0x0883,
  0x1905,0x3209,0x31E9,0x1946,0x2167,0x2166,0x10E4,0x1904,0x31A7,0x2145,0x10C3,0x08A3,
  0x08A3,0x10E4,0x10C3,0x2966,0x1905,0x1945,0x08A3,0x08A3,0x10C4,0x1905,0x0883,0x0083,
  0x08A3,0x2187,0x29A8,0x2167,0x21A8,0x320A,0x1946,0x08A4,0x08A4,0x10A3,0x08A3,0x0883,
  0x0862,0x0041,0x0862,0x0862,0x0883,0x10A4,0x10A3,0x0841,0x0021,0x0021,0x0021,0x0021,
  0x0021,0x0021,0x0021,0x0041,0x0021,0x0021,0x0020,0x0020,0x0021,0x0000,0x0000,0x0000,
  0x0000,0x0000,0x0000,0x0020,0x0021,0x0021,0x0020,0x1062,0x1883,0x1882,0x0841,0x0821,
  0x1882,0x0020,0x0020,0x0020,0x0020,0x0041,0x1082,0x10A2,0x10A2,0x0000,0x0000,0x0021,
  0x0021,0x18E4,0x3186,0x0020,0x0041,0x0041,0x0041,0x0862,0x0882,0x0882,0x0841,0x10A3,
  0x0841,0x0021,0x0021,0x0020,0x0020,0x0020,0x0000,0x0820,0x1062,0x0841,0x0821,0x0841,
  0x0841,0x0021,0x0000,0x0020,0x0020,0x0020,0x0020,0x0000,0x0000,0x0000,0x0000,0x0000,
  0x0000,0x0000,0x0000,0x0000,0x0000,0x0000,0x0000,0x0000,0x0000,0x0000,0x0000,0x0861,
  0x1082,0x18E3,0x10A2,0x0000,0x0000,0x0000,0x0020,0x0021,0x0020,0x0020,0x0841,0x0020,
  0x0020,0x0020,0x0841,0x0841,0x0020,0x0841,0x0862,0x0861,0x1082,0x0861,0x0841,0x1082,
  0x1082,0x1082,0x528A,0x736D,0x6B0B,0x6B2B,0x9C90,0xA490,0xA491,0xACF2,0x7B4C,0xACD2,
  0xA4D2,0x39C7,0x2166,0x31C8,0x31C8,0x3209,0x29C8,0x29C8,0x2166,0x2146,0x2987,0x1925,
  0x2125,0x1924,0x1925,0x18E4,0x2125,0x2125,0x1905,0x2125,0x2146,0x2146,0x18E4,0x1904,
  0x1925,0x2145,0x1925,0x1905,0x1946,0x2166,0x2126,0x1905,0x1905,0x2166,0x2166,0x10E4,
  0x1946,0x1905,0x08A4,0x08A3,0x2166,0x29C8,0x3209,0x10E4,0x10E4,0x31C8,0x2166,0x08A3,
  0x10E4,0x10E4,0x10E4,0x10E4,0x1925,0x2125,0x1905,0x10E4,0x10C3,0x10C3,0x10C3,0x10C3,
  0x08A3,0x10A3,0x08A3,0x10C3,0x1904,0x10C3,0x10C3,0x10C3,0x10C3,0x08A3,0x10C3,0x1904,
  0x2166,0x29E8,0x29C8,0x29C8,0x2146,0x10E4,0x10C3,0x08A3,0x18E4,0x10C4,0x10A3,0x10A3,
  0x08A3,0x08A3,0x08A3,0x0882,0x2986,0x2165,0x0882,0x10A3,0x10A3,0x08A3,0x10A3,0x08A3,
  0x08C4,0x31C8,0x2167,0x1926,0x322A,0x29A8,0x10C5,0x10C4,0x08A3,0x08A3,0x10C4,0x10E4,
  0x0861,0x0041,0x0041,0x0882,0x10A3,0x10C3,0x10A3,0x0041,0x0021,0x0041,0x0021,0x0021,
  0x0021,0x0021,0x0021,0x0841,0x0021,0x0021,0x0021,0x0021,0x0021,0x0841,0x0000,0x0000,
  0x0020,0x0000,0x0000,0x0020,0x0021,0x0020,0x0020,0x0000,0x1062,0x0000,0x0000,0x0821,
  0x1062,0x0021,0x0020,0x0000,0x0020,0x0021,0x0861,0x0862,0x18E4,0x0841,0x0000,0x0020,
  0x0021,0x18C3,0x2125,0x0020,0x0041,0x0041,0x0041,0x0841,0x0841,0x0882,0x0862,0x18E4,
  0x0041,0x0021,0x0021,0x0021,0x0021,0x0020,0x0841,0x18A3,0x0862,0x0841,0x0841,0x0841,
  0x0841,0x0021,0x0000,0x0020,0x0021,0x0021,0x0020,0x0000,0x0000,0x0000,0x0000,0x0000,
  0x0000,0x0000,0x0000,0x0000,0x0000,0x0000,0x0000,0x0000,0x0000,0x0000,0x0000,0x0841,
  0x1082,0x1082,0x0841,0x0000,0x0000,0x0000,0x0021,0x0000,0x0000,0x0020,0x0841,0x0841,
  0x0020,0x0020,0x0841,0x0861,0x0841,0x0861,0x0862,0x0862,0x1082,0x0841,0x0862,0x0861,
  0x10A3,0x2124,0x31A7,0x39C7,0x39E7,0x41E7,0x83CE,0xB512,0xBD11,0xC5B4,0xACF2,0x9430,
  0x4A48,0x31C7,0x31E8,0x31E8,0x2987,0x2987,0x2987,0x2987,0x2166,0x29A7,0x31C8,0x2966,
  0x2966,0x39C7,0x31A7,0x2125,0x2986,0x2146,0x2145,0x2146,0x2986,0x2125,0x2125,0x1925,
  0x1905,0x2146,0x1905,0x10C4,0x1105,0x1905,0x2146,0x1925,0x10E4,0x10E4,0x1104,0x1925,
  0x2146,0x1926,0x2146,0x2166,0x3A29,0x2166,0x08C4,0x10E4,0x2987,0x31C8,0x1905,0x10C4,
  0x10E4,0x10E4,0x10E4,0x18E4,0x10C3,0x10C3,0x10E4,0x18E4,0x10A3,0x08A3,0x10C3,0x2125,
  0x1905,0x1904,0x10A3,0x08A3,0x10A3,0x08A3,0x0883,0x10A3,0x18E4,0x2966,0x1905,0x1905,
  0x2166,0x1125,0x29A8,0x2187,0x1905,0x10E4,0x08A3,0x08A3,0x10C4,0x08A3,0x10A3,0x08A3,
  0x08A3,0x08A3,0x10A3,0x1905,0x1925,0x08A3,0x08A3,0x10A3,0x10A3,0x10C4,0x10C4,0x08A3,
  0x2166,0x31E9,0x2168,0x3A2A,0x29C8,0x1105,0x10C4,0x10C4,0x08A3,0x10C3,0x10C4,0x0883,
  0x0041,0x0862,0x0882,0x10A3,0x10C3,0x10A3,0x0882,0x0041,0x0041,0x0041,0x0021,0x0000,
  0x0000,0x0000,0x0021,0x0041,0x0021,0x0000,0x0000,0x0000,0x0021,0x0021,0x0000,0x0000,
  0x0000,0x0000,0x0020,0x0021,0x0020,0x0000,0x0000,0x0000,0x0000,0x0000,0x0000,0x0000,
  0x0841,0x0000,0x0000,0x0000,0x0000,0x0000,0x0021,0x1082,0x2966,0x18A3,0x0021,0x0020,
  0x0000,0x0862,0x1082,0x0041,0x0041,0x0041,0x0841,0x0841,0x0841,0x1082,0x0862,0x0841,
  0x0862,0x0021,0x0021,0x0021,0x0021,0x0000,0x1082,0x10A2,0x0821,0x0841,0x0841,0x0841,
  0x0021,0x0021,0x0020,0x0020,0x0041,0x0041,0x0021,0x0020,0x0000,0x0000,0x0000,0x0000,
  0x0000,0x0000,0x0000,0x0000,0x0000,0x0000,0x0000,0x0000,0x0000,0x0000,0x0000,0x0020,
  0x1082,0x10A2,0x0000,0x0000,0x0000,0x0000,0x0021,0x0020,0x0000,0x0000,0x0841,0x0841,
  0x0021,0x0000,0x0841,0x10A2,0x0841,0x0861,0x0861,0x1082,0x1082,0x0861,0x0861,0x18C3,
  0x18C3,0x2104,0x3186,0x31A7,0x39E7,0x2145,0x5AAB,0xB513,0xD5D4,0x83EE,0x4249,0x31C7,
  0x31C8,0x31C7,0x31E8,0x31C8,0x2987,0x2967,0x2166,0x2146,0x3A09,0x3A29,0x2986,0x31A7,
  0x3186,0x4208,0x31A7,0x424A,0x31C8,0x1905,0x2987,0x2146,0x2125,0x2967,0x2987,0x1925,
  0x2167,0x29C8,0x2167,0x29A8,0x1905,0x1105,0x1925,0x1926,0x1925,0x1905,0x2146,0x1925,
  0x31C8,0x3A09,0x2167,0x1926,0x1925,0x1925,0x2166,0x1925,0x2146,0x08A4,0x10C4,0x10E4,
  0x1904,0x10E4,0x18E4,0x18E4,0x10A3,0x10C4,0x10E4,0x10C3,0x08A3,0x08A3,0x10C4,0x1904,
  0x18E4,0x10C4,0x0882,0x0883,0x0883,0x0882,0x0883,0x10E4,0x1905,0x10E4,0x0882,0x0883,
  0x1905,0x10E4,0x29C9,0x1926,0x18E5,0x29A7,0x1925,0x08A3,0x08A3,0x10A3,0x10A3,0x0883,
  0x10C4,0x10C3,0x10E4,0x2146,0x10C3,0x08A3,0x08A3,0x10A3,0x0883,0x10E5,0x10C4,0x10E4,
  0x1105,0x1926,0x31E9,0x31E9,0x2167,0x1926,0x0883,0x10C4,0x10E4,0x10E4,0x08A3,0x0883,
  0x0042,0x1083,0x10C4,0x10C3,0x10C3,0x10A3,0x0862,0x0041,0x0041,0x0041,0x0021,0x0000,
  0x0000,0x0021,0x0021,0x0021,0x0021,0x0000,0x0000,0x0000,0x0000,0x0000,0x0000,0x0000,
  0x0000,0x0000,0x0000,0x0000,0x0000,0x0000,0x0000,0x0000,0x0000,0x0000,0x0000,0x0000,
  0x10A2,0x0840,0x0000,0x0000,0x0000,0x0021,0x0841,0x10A3,0x2124,0x2104,0x18C3,0x10A2,
  0x0020,0x0020,0x0021,0x0041,0x0041,0x0841,0x0841,0x0841,0x0841,0x0021,0x0021,0x0021,
  0x0041,0x0021,0x0021,0x0021,0x0021,0x0021,0x0020,0x0841,0x0841,0x0841,0x0841,0x0841,
  0x0041,0x0020,0x0020,0x0020,0x0841,0x0041,0x0021,0x0020,0x0000,0x0000,0x0000,0x0000,
  0x0000,0x0000,0x0000,0x0000,0x0000,0x0000,0x0000,0x0000,0x0000,0x0000,0x0000,0x0020,
  0x18C3,0x0861,0x0020,0x0000,0x0000,0x0000,0x0821,0x0021,0x0000,0x0000,0x0841,0x0861,
  0x0821,0x0020,0x0862,0x1082,0x0841,0x0841,0x0841,0x1082,0x1082,0x0862,0x0841,0x2945,
  0x4208,0x18C3,0x31A6,0x39C7,0x3A29,0x31E8,0x2966,0x7BAE,0x9CD2,0x39E8,0x31C8,0x31C8,
  0x29A8,0x29C8,0x2987,0x2987,0x29A7,0x2987,0x29A7,0x4A8B,0x3A4A,0x29A7,0x2146,0x2987,
  0x2966,0x2966,0x31C8,0x31C8,0x1905,0x2125,0x2146,0x2146,0x2987,0x29A7,0x2166,0x31E8,
  0x3A29,0x29A8,0x29C8,0x29A8,0x29A7,0x1925,0x1105,0x1905,0x1925,0x1905,0x18E5,0x2987,
  0x2987,0x1905,0x10E5,0x1925,0x1925,0x1905,0x1946,0x1905,0x10E4,0x08A4,0x10C4,0x10E4,
  0x1925,0x10E4,0x10E4,0x1924,0x10C3,0x2145,0x1925,0x10C3,0x08A3,0x10A3,0x10A3,0x0882,
  0x0882,0x08A3,0x08A3,0x0882,0x0883,0x0882,0x0862,0x10A3,0x18E4,0x08A3,0x10A3,0x10A3,
  0x08A3,0x08E4,0x29A9,0x31EA,0x2167,0x1926,0x10E5,0x10C4,0x10C3,0x10A3,0x10C4,0x1905,
  0x10E4,0x10C3,0x10A3,0x10C3,0x08A3,0x08A3,0x08A3,0x0883,0x10A3,0x10C4,0x0883,0x10E4,
  0x10C4,0x0884,0x1947,0x31E9,0x1905,0x10C4,0x0883,0x10E4,0x1904,0x08A3,0x0883,0x0883,
  0x0862,0x18E4,0x10C4,0x10C3,0x08A3,0x0883,0x0842,0x0841,0x0841,0x0841,0x0021,0x0000,
  0x0021,0x0021,0x0021,0x0021,0x0021,0x0020,0x0000,0x0000,0x0000,0x0000,0x0000,0x0000,
  0x0000,0x0000,0x0000,0x0000,0x0000,0x0000,0x0000,0x0000,0x0000,0x0000,0x0000,0x0000,
  0x0000,0x0000,0x0000,0x0000,0x0000,0x0020,0x0841,0x10A2,0x18E4,0x2966,0x18C3,0x08A2,
  0x0020,0x0020,0x0021,0x0841,0x0841,0x0021,0x0041,0x0841,0x0041,0x0021,0x0000,0x0021,
  0x0041,0x0041,0x0041,0x0021,0x0041,0x0841,0x0841,0x0841,0x0841,0x0841,0x0862,0x0861,
  0x0041,0x0020,0x0020,0x0021,0x0861,0x0021,0x0021,0x0020,0x0000,0x0000,0x0000,0x0000,
  0x0000,0x0000,0x0000,0x0000,0x0000,0x0000,0x0000,0x0000,0x0000,0x0000,0x0000,0x0000,
  0x0020,0x0841,0x0020,0x0000,0x0000,0x0000,0x0841,0x0841,0x0000,0x0000,0x0000,0x10A3,
  0x0841,0x0821,0x1082,0x0841,0x0841,0x0841,0x0841,0x1082,0x1082,0x0841,0x0861,0x2104,
  0x5B0C,0x2945,0x31A7,0x39E8,0x31E8,0x31E8,0x31A7,0x3A29,0x3A09,0x31E8,0x31E8,0x31C8,
  0x29A7,0x31A7,0x3A09,0x2987,0x31E8,0x3A09,0x4A8B,0x426A,0x29C8,0x2187,0x29A7,0x2987,
  0x2166,0x29A7,0x2966,0x2987,0x31C8,0x2125,0x2146,0x2987,0x29A7,0x2166,0x2166,0x29A7,
  0x31E9,0x2146,0x2167,0x10E4,0x1905,0x1925,0x1925,0x1905,0x1905,0x1925,0x10E4,0x1925,
  0x10C4,0x10E5,0x1905,0x1905,0x1105,0x1105,0x1105,0x2166,0x1925,0x10E4,0x2146,0x1925,
  0x2987,0x31E8,0x2145,0x1924,0x1104,0x1925,0x10C3,0x1924,0x08A3,0x08A3,0x10A3,0x08A3,
  0x0883,0x0882,0x0883,0x10A3,0x10A3,0x0883,0x10E4,0x10C4,0x08A3,0x10A3,0x10A3,0x10C4,
  0x08A3,0x1946,0x3A4A,0x2187,0x08C4,0x08A3,0x08A3,0x10E4,0x0883,0x0883,0x18E4,0x10C4,
  0x10A3,0x10A3,0x0883,0x08A3,0x0883,0x10A3,0x10A3,0x0883,0x10C4,0x10C4,0x08A3,0x08A3,
  0x08A3,0x08A3,0x1946,0x3A29,0x10E5,0x08A3,0x08A3,0x0883,0x10C4,0x10C4,0x08A3,0x08A3,
  0x18C4,0x2126,0x10C4,0x08A3,0x0882,0x0883,0x0862,0x0842,0x0841,0x0041,0x0021,0x0021,
  0x0021,0x0021,0x0021,0x0021,0x0021,0x0021,0x0020,0x0000,0x0000,0x0000,0x0000,0x0000,
  0x0000,0x0000,0x0000,0x0000,0x0000,0x0000,0x0000,0x0000,0x0000,0x0000,0x0000,0x0000,
  0x0000,0x0000,0x0000,0x0000,0x0000,0x0000,0x0021,0x10A3,0x18E3,0x18E4,0x18E3,0x1082,
  0x0000,0x0020,0x0021,0x0861,0x0862,0x0862,0x0862,0x0841,0x0021,0x0021,0x0000,0x0862,
  0x10A3,0x0862,0x0841,0x0041,0x0041,0x0841,0x0841,0x0841,0x0841,0x0861,0x10A3,0x0862,
  0x0841,0x0041,0x0020,0x0041,0x0841,0x0021,0x0020,0x0000,0x0000,0x0000,0x0000,0x0000,
  0x0000,0x0000,0x0000,0x0000,0x0000,0x0000,0x0000,0x0000,0x0000,0x0000,0x0000,0x0000,
  0x0020,0x0841,0x0020,0x0000,0x0000,0x0861,0x0841,0x0041,0x0000,0x0020,0x0020,0x0862,
  0x0841,0x0841,0x18C3,0x0841,0x0841,0x0841,0x0861,0x1082,0x18C3,0x10A2,0x0861,0x18C3,
  0x4208,0x2986,0x3187,0x39E8,0x31E8,0x31E8,0x31C8,0x31C8,0x31C8,0x31E8,0x31C8,0x31C8,
  0x29A7,0x31A7,0x31C8,0x3A09,0x3A29,0x3A09,0x31C8,0x2146,0x1925,0x2166,0x4ACC,0x424A,
  0x1905,0x1905,0x2966,0x2966,0x2966,0x2987,0x2166,0x2146,0x2166,0x2166,0x2166,0x1925,
  0x1946,0x1905,0x1905,0x2146,0x2166,0x2166,0x1925,0x1925,0x1905,0x1905,0x10E4,0x18E5,
  0x1925,0x1905,0x10E4,0x1105,0x1905,0x1905,0x10E4,0x1104,0x08A3,0x08A3,0x2146,0x2146,
  0x3A09,0x31C8,0x1104,0x08C3,0x10E4,0x08A3,0x0883,0x10E4,0x08A3,0x10A3,0x10A3,0x08A3,
  0x08A3,0x0882,0x0883,0x10A3,0x08A3,0x10C3,0x2125,0x10E4,0x10A3,0x08A3,0x08A3,0x10C4,
  0x2187,0x3A4A,0x29C8,0x08A3,0x08A3,0x08A3,0x1905,0x10A3,0x2987,0x52CC,0x10E4,0x10E4,
  0x10C4,0x10A3,0x08A3,0x0883,0x08A3,0x10C3,0x08A3,0x08A3,0x10C4,0x10C4,0x08A3,0x10A4,
  0x10A4,0x1926,0x1967,0x1946,0x10C4,0x08A4,0x10C4,0x08A3,0x10E4,0x10C3,0x10C3,0x10A3,
  0x2146,0x2146,0x08A3,0x0882,0x08A3,0x08A3,0x0882,0x0041,0x0021,0x0021,0x0021,0x0021,
  0x0021,0x0021,0x0021,0x0021,0x0021,0x0021,0x0000,0x0000,0x0000,0x0000,0x0000,0x0000,
  0x0000,0x0000,0x0000,0x0000,0x0000,0x0000,0x0000,0x0000,0x0000,0x0000,0x0020,0x0000,
  0x0000,0x0000,0x0000,0x0000,0x0000,0x0000,0x0020,0x0841,0x0020,0x0861,0x10A3,0x0882,
  0x0000,0x0020,0x0021,0x0021,0x0021,0x0862,0x0862,0x0021,0x0862,0x0041,0x0021,0x0041,
  0x0882,0x0841,0x0041,0x0041,0x0021,0x0041,0x0841,0x0861,0x0861,0x0881,0x1082,0x0862,
  0x0841,0x0041,0x0041,0x0021,0x0021,0x0841,0x0000,0x0000,0x0000,0x0000,0x0000,0x0000,
  0x0000,0x0000,0x0000,0x0000,0x0000,0x0000,0x0000,0x0000,0x0000,0x0000,0x0000,0x0000,
  0x0021,0x0841,0x0000,0x0000,0x0000,0x0841,0x0021,0x0021,0x0021,0x0021,0x0041,0x0041,
  0x0862,0x0862,0x1082,0x1082,0x0841,0x0861,0x1082,0x1082,0x1082,0x1082,0x10A2,0x18E3,
  0x39E8,0x31A7,0x2125,0x31C7,0x31E8,0x31E8,0x31C8,0x31E8,0x31E8,0x31E8,0x31E8,0x31C8,
  0x426A,0x29A7,0x2166,0x31E8,0x31C8,0x1925,0x1925,0x2146,0x1946,0x29A7,0x31E8,0x3A09,
  0x2987,0x1925,0x1905,0x1905,0x1905,0x2146,0x1925,0x1905,0x1925,0x2146,0x2187,0x2166,
  0x10E5,0x1925,0x1925,0x2146,0x1905,0x1905,0x1925,0x1905,0x18E5,0x1905,0x1905,0x1905,
  0x1925,0x1905,0x1905,0x1905,0x1904,0x10C4,0x10E4,0x10C3,0x10C3,0x1904,0x10E4,0x1904,
  0x1904,0x1925,0x08C3,0x08A3,0x0862,0x0882,0x08A3,0x10C3,0x0883,0x08A3,0x08A3,0x0883,
  0x0883,0x08A3,0x08A3,0x0883,0x08A3,0x10A3,0x10C4,0x10C4,0x10E4,0x1105,0x2146,0x2987,
  0x29A7,0x1945,0x08A3,0x10E4,0x1104,0x10E4,0x08A3,0x2987,0x94D4,0x39E8,0x0042,0x10C4,
  0x10A3,0x10A3,0x10A3,0x08A3,0x08A3,0x08A3,0x10C4,0x18E5,0x1905,0x10C4,0x10C4,0x10A4,
  0x10C4,0x21A8,0x29E9,0x10C4,0x08A4,0x08A4,0x08A3,0x10C4,0x10C4,0x08A3,0x10C3,0x10C3,
  0x2966,0x10C4,0x0883,0x10A3,0x10C3,0x10A3,0x0862,0x0041,0x0021,0x0021,0x0021,0x0021,
  0x0041,0x0021,0x0021,0x0021,0x0021,0x0021,0x0000,0x0000,0x0000,0x0000,0x0000,0x0000,
  0x0000,0x0000,0x0000,0x0000,0x0000,0x0000,0x0000,0x0000,0x0000,0x0020,0x0021,0x0020,
  0x0000,0x0000,0x0000,0x0000,0x0000,0x0000,0x0000,0x0000,0x0000,0x0020,0x0861,0x0861,
  0x0000,0x0020,0x0021,0x0021,0x0021,0x0021,0x0041,0x0041,0x0841,0x0841,0x0000,0x0021,
  0x0000,0x0041,0x0041,0x0021,0x0021,0x0841,0x0862,0x0861,0x10A3,0x0882,0x0861,0x0861,
  0x0021,0x0882,0x0841,0x0021,0x0021,0x0841,0x0000,0x0000,0x0000,0x0000,0x0000,0x0000,
  0x0000,0x0000,0x0000,0x0000,0x0000,0x0000,0x0000,0x0000,0x0000,0x0000,0x0000,0x0000,
  0x0000,0x0841,0x0000,0x0000,0x0000,0x0000,0x0020,0x0021,0x0041,0x0841,0x0021,0x0861,
  0x1082,0x0841,0x0841,0x1082,0x0841,0x0861,0x1082,0x18C3,0x1082,0x0861,0x18E4,0x2145,
  0x31C7,0x31A7,0x2125,0x2987,0x31E8,0x31E9,0x31E8,0x31E8,0x3A09,0x3A29,0x31E8,0x4A8B,
  0x424A,0x2166,0x2987,0x31C8,0x2166,0x2146,0x2146,0x2146,0x2166,0x2987,0x2166,0x2146,
  0x1925,0x1905,0x1905,0x1905,0x1925,0x2126,0x1905,0x1925,0x10E5,0x18E5,0x2146,0x2146,
  0x10E4,0x1925,0x2166,0x29A7,0x2146,0x2146,0x1925,0x2166,0x1925,0x1925,0x10E5,0x1905,
  0x1905,0x1905,0x1905,0x1904,0x10E4,0x10C4,0x10C4,0x10C3,0x10C3,0x10E4,0x10C3,0x10E4,
  0x1904,0x1904,0x1925,0x1905,0x18E4,0x10C4,0x10A3,0x0883,0x0883,0x0883,0x0882,0x0882,
  0x0882,0x10A3,0x08A3,0x0883,0x0883,0x10E4,0x2145,0x1905,0x08C4,0x1905,0x1925,0x1105,
  0x1905,0x10E4,0x2187,0x1925,0x08A3,0x0883,0x1905,0x94D4,0x634E,0x10A3,0x0022,0x0042,
  0x0883,0x10A3,0x10A3,0x10A3,0x08A3,0x10C4,0x2166,0x1905,0x18E5,0x10C4,0x10C4,0x10A4,
  0x10C4,0x29E9,0x1946,0x10C4,0x10E5,0x10C4,0x10E4,0x10E4,0x10C4,0x10E4,0x10A3,0x10C4,
  0x1905,0x0883,0x10C4,0x10A3,0x10C4,0x0882,0x0041,0x0020,0x0020,0x0021,0x0021,0x0841,
  0x0841,0x0021,0x0021,0x0021,0x0021,0x0021,0x0000,0x0000,0x0000,0x0000,0x0000,0x0000,
  0x0000,0x0000,0x0000,0x0000,0x0000,0x0000,0x0000,0x0000,0x0000,0x0020,0x0041,0x0021,
  0x0020,0x0000,0x0000,0x0000,0x0000,0x0000,0x0000,0x0000,0x0000,0x0000,0x0020,0x0020,
  0x0000,0x0000,0x0020,0x0021,0x0021,0x0021,0x0041,0x0841,0x0862,0x0021,0x0000,0x0000,
  0x0020,0x0020,0x0021,0x0020,0x0021,0x0862,0x1082,0x18C3,0x18E3,0x0861,0x0861,0x0861,
  0x0020,0x0861,0x0841,0x0821,0x0821,0x0041,0x0000,0x0000,0x0000,0x0000,0x0000,0x0000,
  0x0000,0x0000,0x0000,0x0000,0x0000,0x0000,0x0000,0x0000,0x0000,0x0000,0x0000,0x0000,
  0x0000,0x0000,0x0000,0x0000,0x0000,0x0020,0x0020,0x0041,0x0862,0x0841,0x0041,0x1082,
  0x0841,0x0020,0x0841,0x0861,0x0861,0x1082,0x1082,0x2124,0x18E3,0x1081,0x10A2,0x2986,
  0x31E8,0x2986,0x2125,0x2146,0x29A7,0x31E9,0x31E9,0x31E8,0x31C8,0x424A,0x3A09,0x3A09,
  0x2166,0x2987,0x31C8,0x2167,0x2146,0x2146,0x2146,0x2145,0x1925,0x1904,0x1925,0x1925,
  0x1905,0x1905,0x1905,0x1905,0x2146,0x2146,0x2146,0x1905,0x1925,0x2146,0x2166,0x2146,
  0x1905,0x1905,0x1926,0x1905,0x1905,0x1905,0x10C4,0x10C4,0x10E4,0x10E4,0x10C4,0x18E5,
  0x1905,0x1904,0x1104,0x10E4,0x10E4,0x10E4,0x10C4,0x10C3,0x10E4,0x10E4,0x10C3,0x10E4,
  0x2166,0x10E4,0x1925,0x10E4,0x2145,0x1905,0x08A3,0x0883,0x0883,0x08A3,0x10C3,0x10A3,
  0x08A3,0x08A3,0x0883,0x0883,0x10A3,0x1905,0x10E4,0x10C4,0x10C4,0x10C4,0x08A3,0x1105,
  0x10C4,0x10E5,0x2167,0x2167,0x10C4,0x0083,0x3A09,0x4A8B,0x2166,0x18E4,0x0842,0x0022,
  0x0862,0x10C4,0x10C3,0x10C4,0x08A3,0x1925,0x2146,0x08A3,0x10E4,0x10E4,0x08A3,0x10C4,
  0x10E5,0x29C9,0x10E5,0x10C4,0x10E5,0x10E5,0x10E4,0x10C4,0x10C4,0x10E4,0x18E4,0x10E4,
  0x10C4,0x10A4,0x18E4,0x10C4,0x10A3,0x0042,0x0041,0x0020,0x0021,0x0021,0x0021,0x0862,
  0x0841,0x0021,0x0021,0x0021,0x0021,0x0021,0x0000,0x0000,0x0000,0x0000,0x0000,0x0000,
  0x0000,0x0000,0x0000,0x0020,0x0020,0x0000,0x0000,0x0000,0x0000,0x0020,0x0020,0x0020,
  0x0020,0x0000,0x0000,0x0000,0x0000,0x0000,0x0000,0x0000,0x0000,0x0000,0x0000,0x0000,
  0x0000,0x0000,0x0000,0x0020,0x0020,0x0000,0x0021,0x0041,0x0862,0x0020,0x0000,0x0000,
  0x0000,0x0020,0x0021,0x0041,0x0861,0x0882,0x10A3,0x2945,0x2104,0x0861,0x0861,0x0861,
  0x0020,0x0841,0x0841,0x0821,0x0821,0x0021,0x0000,0x0000,0x0000,0x0000,0x0000,0x0000,
  0x0000,0x0000,0x0000,0x0000,0x0000,0x0000,0x0000,0x0000,0x0000,0x0000,0x0000,0x0000,
  0x0000,0x0000,0x0000,0x0000,0x0020,0x0020,0x0041,0x0041,0x0882,0x0861,0x0861,0x0841,
  0x0021,0x0841,0x0862,0x0882,0x1082,0x1082,0x0861,0x2965,0x1904,0x0861,0x1082,0x2986,
  0x31C7,0x2987,0x2966,0x2146,0x2987,0x31E8,0x3A09,0x3A09,0x2166,0x31C8,0x2146,0x1925,
  0x31C8,0x39E8,0x2967,0x2146,0x2145,0x1925,0x2126,0x2125,0x1905,0x1905,0x1925,0x10E4,
  0x10E5,0x10E5,0x1926,0x29A7,0x2987,0x1925,0x2146,0x1925,0x2166,0x31C8,0x2146,0x2166,
  0x2166,0x1905,0x1905,0x10C4,0x1905,0x1925,0x10E4,0x1905,0x10E4,0x10E4,0x1905,0x1905,
  0x1925,0x1904,0x10C3,0x08A3,0x10E4,0x10C4,0x10E4,0x10E4,0x1905,0x10E4,0x08A3,0x1925,
  0x1925,0x10C4,0x1905,0x10C3,0x08A3,0x10E4,0x10E4,0x08A3,0x0883,0x10A3,0x10C3,0x10C3,
  0x0883,0x08A3,0x0883,0x0883,0x08A3,0x08A3,0x08A3,0x08A3,0x08A3,0x08A3,0x10C4,0x1105,
  0x10C4,0x10E4,0x08A4,0x10C5,0x10C4,0x3A09,0x3A08,0x1925,0x1904,0x10C4,0x0862,0x0822,
  0x0041,0x10A3,0x10E4,0x1926,0x2146,0x1946,0x10C4,0x10C4,0x10C4,0x1925,0x10E4,0x08A3,
  0x1926,0x2188,0x08A4,0x1905,0x1926,0x1905,0x10C4,0x10C4,0x10C4,0x08A3,0x10C4,0x10C3,
  0x10C4,0x10C4,0x10C4,0x08A3,0x0862,0x0041,0x0041,0x0041,0x0041,0x0841,0x0841,0x0841,
  0x0041,0x0021,0x0021,0x0021,0x0021,0x0021,0x0000,0x0020,0x0020,0x0000,0x0000,0x0000,
  0x0000,0x0000,0x0000,0x0020,0x0020,0x0020,0x0000,0x0000,0x0000,0x0000,0x0020,0x0020,
  0x0020,0x0000,0x0000,0x0000,0x0000,0x0000,0x0000,0x0000,0x0000,0x0000,0x0000,0x0000,
  0x0000,0x0000,0x0000,0x0000,0x0000,0x0000,0x0000,0x0000,0x0021,0x0020,0x0000,0x0000,
  0x0020,0x0021,0x0021,0x0841,0x10A2,0x1904,0x18C3,0x18C3,0x18E3,0x0861,0x0841,0x0021,
  0x0841,0x10A2,0x0841,0x0841,0x0821,0x0020,0x0000,0x0000,0x0000,0x0000,0x0000,0x0000,
  0x0000,0x0000,0x0000,0x0000,0x0000,0x0000,0x0000,0x0000,0x0000,0x0000,0x0000,0x0000,
  0x0000,0x0000,0x0000,0x0000,0x0020,0x0021,0x0861,0x0861,0x0882,0x0882,0x0861,0x0041,
  0x0021,0x0841,0x1062,0x0862,0x0861,0x0861,0x10A2,0x2124,0x18E4,0x1082,0x18C3,0x2125,
  0x29A7,0x29A7,0x2987,0x2166,0x2166,0x3A09,0x31C8,0x1925,0x2987,0x31C8,0x29A7,0x2166,
  0x2987,0x2146,0x2125,0x2145,0x1925,0x2125,0x2146,0x2166,0x2146,0x1905,0x1905,0x1905,
  0x1905,0x1925,0x2146,0x2166,0x2126,0x2146,0x2167,0x31C8,0x2166,0x2167,0x1905,0x1905,
  0x1905,0x10E4,0x10E4,0x10C4,0x1925,0x2166,0x1905,0x10C3,0x10E4,0x10E4,0x1905,0x1104,
  0x1905,0x10C3,0x10C3,0x1925,0x2146,0x1925,0x2166,0x1905,0x1904,0x10C4,0x10C4,0x10E4,
  0x10C3,0x10C3,0x10C4,0x10C4,0x10C4,0x10C4,0x18E4,0x08A3,0x0883,0x10E4,0x08A3,0x0883,
  0x08A3,0x08A3,0x08A3,0x08A3,0x10A3,0x10C4,0x08A3,0x10E4,0x08A3,0x08A3,0x10C4,0x08C4,
  0x1105,0x10E4,0x0883,0x1905,0x424A,0x52CC,0x1904,0x1904,0x08A3,0x1904,0x10A3,0x0841,
  0x0001,0x0042,0x1925,0x2146,0x1926,0x1905,0x10E4,0x10C4,0x10C4,0x10E4,0x1925,0x10A4,
  0x2167,0x1926,0x10C5,0x2146,0x2167,0x1905,0x10A4,0x18E5,0x1905,0x10C4,0x10A3,0x10C4,
  0x18E5,0x10E4,0x0062,0x0041,0x0041,0x0041,0x0041,0x0861,0x0862,0x0862,0x0862,0x0041,
  0x0021,0x0021,0x0041,0x0021,0x0021,0x0021,0x0000,0x0021,0x0021,0x0000,0x0000,0x0000,
  0x0000,0x0000,0x0000,0x0020,0x0041,0x0021,0x0000,0x0000,0x0000,0x0000,0x0000,0x0000,
  0x0000,0x0000,0x0000,0x0000,0x0000,0x0000,0x0000,0x0000,0x0000,0x0000,0x0000,0x0000,
  0x0000,0x0000,0x0000,0x0000,0x0000,0x0000,0x0000,0x0000,0x0000,0x0000,0x0000,0x0841,
  0x0861,0x0841,0x0862,0x0861,0x0862,0x10A2,0x1082,0x10A2,0x1082,0x0841,0x0841,0x1082,
  0x0841,0x10A3,0x0841,0x0841,0x0021,0x0020,0x0000,0x0000,0x0000,0x0000,0x0000,0x0000,
  0x0000,0x0000,0x0000,0x0000,0x0000,0x0000,0x0000,0x0000,0x0000,0x0000,0x0000,0x0000,
  0x0000,0x0000,0x0000,0x0020,0x0021,0x0041,0x0862,0x0861,0x10A2,0x0841,0x0882,0x0041,
  0x0020,0x0021,0x1082,0x1082,0x0841,0x0861,0x10C3,0x2966,0x2125,0x2125,0x1904,0x2125,
  0x2987,0x2987,0x2987,0x2166,0x2146,0x29A7,0x2987,0x29A7,0x29A7,0x2166,0x2146,0x1905,
  0x1925,0x2146,0x2145,0x2986,0x2966,0x2146,0x2146,0x2967,0x2146,0x1905,0x1925,0x2146,
  0x1905,0x2166,0x2987,0x2146,0x1925,0x29A7,0x31C8,0x29A8,0x2987,0x1905,0x1905,0x1905,
  0x1905,0x10E4,0x1925,0x2146,0x1905,0x1905,0x10C3,0x10C3,0x10C3,0x10C4,0x10E4,0x1104,
  0x1104,0x1945,0x1945,0x2145,0x10E4,0x1925,0x1905,0x1925,0x1925,0x10E4,0x10C4,0x08A3,
  0x08A3,0x10C3,0x10A3,0x10A3,0x10A3,0x10A3,0x10E4,0x08A3,0x08A3,0x10C3,0x10C4,0x0883,
  0x10A3,0x08A3,0x08A3,0x10A3,0x10A3,0x08A3,0x10C4,0x10E4,0x08A3,0x08A3,0x08A3,0x08C4,
  0x2167,0x1926,0x08A4,0x1105,0x2166,0x31A7,0x18E4,0x0882,0x0882,0x2166,0x10A3,0x0882,
  0x0021,0x0041,0x10A3,0x1926,0x10E5,0x10E5,0x10C4,0x10C4,0x10E4,0x10E5,0x10E4,0x10E5,
  0x2146,0x10E5,0x1905,0x1926,0x1926,0x10C4,0x10C4,0x18E5,0x10C4,0x10C4,0x10C4,0x10E4,
  0x10E4,0x0882,0x0862,0x0041,0x0021,0x0041,0x0041,0x0882,0x0882,0x0862,0x0841,0x0021,
  0x0021,0x0021,0x0041,0x0021,0x0021,0x0021,0x0000,0x0021,0x0021,0x0000,0x0000,0x0000,
  0x0000,0x0000,0x0000,0x0020,0x0041,0x0021,0x0020,0x0000,0x0000,0x0000,0x0000,0x0000,
  0x0000,0x0000,0x0000,0x0000,0x0000,0x0000,0x0000,0x0000,0x0000,0x0000,0x0000,0x0000,
  0x0000,0x0000,0x0000,0x0000,0x0000,0x0000,0x0000,0x0020,0x0000,0x0000,0x0021,0x0841,
  0x0841,0x0841,0x0841,0x0841,0x0841,0x0841,0x0861,0x0862,0x0861,0x0841,0x10A2,0x18E3,
  0x0841,0x1082,0x0862,0x0841,0x0020,0x0000,0x0000,0x0000,0x0000,0x0000,0x0000,0x0000,
  0x0000,0x0000,0x0000,0x0000,0x0000,0x0000,0x0000,0x0000,0x0000,0x0000,0x0000,0x0000,
  0x0020,0x0000,0x0000,0x0020,0x0021,0x0841,0x0862,0x0841,0x18C3,0x10A2,0x0861,0x0861,
  0x0020,0x0021,0x0862,0x1082,0x0841,0x0862,0x2104,0x2986,0x2145,0x31C7,0x2145,0x1905,
  0x2967,0x2987,0x2987,0x2987,0x2166,0x18E5,0x29A7,0x31E8,0x2166,0x2166,0x1925,0x1905,
  0x1905,0x1925,0x2166,0x2146,0x1925,0x1925,0x2125,0x2146,0x1905,0x2126,0x1925,0x1925,
  0x1905,0x31C8,0x2987,0x1925,0x31C8,0x2187,0x31C8,0x31E9,0x2167,0x1926,0x1926,0x1926,
  0x1905,0x1905,0x2146,0x1925,0x1905,0x10E4,0x10C4,0x10E4,0x10E4,0x10E4,0x10E4,0x1104,
  0x1925,0x1925,0x10E4,0x10E4,0x10C4,0x10E4,0x10C4,0x10E4,0x1925,0x1905,0x10E4,0x10C4,
  0x10C4,0x08A3,0x10A3,0x08A3,0x08A3,0x10A3,0x10E4,0x10C4,0x08A3,0x10E4,0x10E4,0x10A3,
  0x10A3,0x10A3,0x08A3,0x08A3,0x08A3,0x10C4,0x1904,0x08A3,0x08A3,0x10C4,0x08A3,0x10E4,
  0x1105,0x1105,0x1926,0x08A4,0x31E9,0x2166,0x10C3,0x0042,0x10C4,0x426A,0x10C4,0x1082,
  0x0862,0x0041,0x0062,0x1905,0x18E5,0x10C4,0x10C4,0x10C4,0x10E4,0x1105,0x10E4,0x1105,
  0x2167,0x10E4,0x10E5,0x1926,0x10E5,0x10C4,0x1905,0x10E5,0x10C4,0x1926,0x2187,0x1946,
  0x10C3,0x10A3,0x0862,0x0041,0x0041,0x0041,0x0041,0x0882,0x0882,0x0862,0x0041,0x0021,
  0x0021,0x0021,0x0041,0x0021,0x0021,0x0021,0x0021,0x0021,0x0021,0x0021,0x0000,0x0000,
  0x0000,0x0000,0x0000,0x0020,0x0021,0x0021,0x0020,0x0000,0x0000,0x0000,0x0000,0x0000,
  0x0000,0x0000,0x0000,0x0000,0x0000,0x0000,0x0000,0x0000,0x0000,0x0000,0x0000,0x0000,
  0x0000,0x0000,0x0000,0x0000,0x0000,0x0000,0x0020,0x0841,0x1082,0x10A2,0x18A3,0x2104,
  0x18E3,0x18A3,0x0862,0x0020,0x0021,0x0020,0x0841,0x0861,0x0861,0x0841,0x10A2,0x18C3,
  0x0861,0x0861,0x1082,0x0841,0x0000,0x0000,0x0000,0x0000,0x0000,0x0000,0x0000,0x0000,
  0x0000,0x0000,0x0000,0x0000,0x0000,0x0000,0x0000,0x0000,0x0000,0x0000,0x0000,0x0000,
  0x0020,0x0000,0x0000,0x0020,0x0021,0x0841,0x0862,0x0841,0x0882,0x10A3,0x1082,0x0861,
  0x0021,0x0021,0x0021,0x0821,0x0841,0x1082,0x2145,0x2986,0x2146,0x2986,0x2145,0x1925,
  0x2987,0x2987,0x2987,0x2146,0x2146,0x18E5,0x1925,0x1925,0x10E4,0x1925,0x1925,0x1904,
  0x1904,0x2166,0x1925,0x1925,0x1905,0x2126,0x2166,0x2146,0x2146,0x2146,0x2126,0x1925,
  0x2146,0x2987,0x2146,0x2987,0x29A7,0x2187,0x31E8,0x31C8,0x2147,0x1926,0x2167,0x2146,
  0x1925,0x2987,0x1925,0x1905,0x1925,0x2146,0x2987,0x2166,0x2187,0x2166,0x1105,0x1925,
  0x1904,0x10E4,0x10E4,0x10E4,0x10E4,0x10C4,0x10C4,0x10E4,0x10E4,0x1904,0x1905,0x10C4,
  0x08A3,0x08A3,0x08A3,0x10A3,0x08A3,0x10A3,0x10A3,0x10A3,0x08A3,0x10C4,0x10E4,0x08A3,
  0x10C4,0x18E4,0x08A3,0x08A3,0x08C4,0x10C4,0x08C3,0x10C4,0x10E4,0x08A3,0x10C4,0x1946,
  0x1946,0x2146,0x1946,0x10E5,0x31E8,0x10C3,0x10C3,0x0021,0x31E8,0x31C8,0x0862,0x0021,
  0x0041,0x0041,0x0041,0x0062,0x1905,0x10E4,0x10C4,0x10E4,0x10E4,0x10E4,0x1905,0x1946,
  0x2146,0x10E5,0x1926,0x1926,0x10E4,0x10C4,0x10C4,0x1946,0x1946,0x29C8,0x2187,0x21A8,
  0x1904,0x10C3,0x0062,0x0041,0x0041,0x0021,0x0841,0x0882,0x0041,0x0841,0x0041,0x0021,
  0x0021,0x0021,0x0021,0x0021,0x0021,0x0021,0x0021,0x0021,0x0021,0x0021,0x0000,0x0000,
  0x0000,0x0000,0x0000,0x0000,0x0021,0x0021,0x0020,0x0020,0x0020,0x0000,0x0000,0x0000,
  0x0000,0x0000,0x0000,0x0000,0x0000,0x0000,0x0000,0x0000,0x0000,0x0000,0x0000,0x0020,
  0x0841,0x0861,0x0862,0x0861,0x0861,0x0020,0x0000,0x0020,0x0841,0x1082,0x1082,0x18C3,
  0x18C3,0x2945,0x2965,0x18C3,0x1082,0x1082,0x0861,0x0841,0x0861,0x0000,0x0861,0x1082,
  0x0020,0x0862,0x1082,0x0021,0x0000,0x0000,0x0000,0x0000,0x0000,0x0000,0x0000,0x0000,
  0x0000,0x0000,0x0000,0x0000,0x0000,0x0000,0x0000,0x0000,0x0000,0x0000,0x0000,0x0000,
  0x0000,0x0000,0x0000,0x0020,0x0021,0x0861,0x0841,0x0020,0x0861,0x1082,0x10C3,0x0861,
  0x0000,0x0021,0x0021,0x0841,0x0862,0x18E4,0x2966,0x31E8,0x2987,0x2146,0x2145,0x2166,
  0x2987,0x2966,0x2986,0x1905,0x18E5,0x1905,0x1925,0x1905,0x10E4,0x10E4,0x1904,0x1904,
  0x1904,0x1925,0x1905,0x1905,0x1925,0x1925,0x2146,0x1926,0x1925,0x1926,0x1926,0x2166,
  0x2166,0x2146,0x29A7,0x2987,0x2166,0x29A8,0x2187,0x2167,0x2147,0x2167,0x29A8,0x2146,
  0x1905,0x1905,0x1905,0x1905,0x1905,0x1925,0x2146,0x10E4,0x2166,0x2187,0x1925,0x1905,
  0x18E4,0x10E4,0x10E4,0x10E4,0x1925,0x10E4,0x10E4,0x10C4,0x10E4,0x10E4,0x10E4,0x10C3,
  0x10C3,0x10A3,0x10C4,0x10C3,0x10A3,0x10A3,0x10A3,0x10A3,0x10A3,0x10A3,0x10C4,0x10A3,
  0x10E4,0x10C4,0x08A3,0x10C4,0x08C3,0x08A3,0x08C3,0x10C4,0x1905,0x10A3,0x10E4,0x1105,
  0x10E5,0x2187,0x1105,0x10E5,0x2146,0x08A3,0x18E4,0x0883,0x29A7,0x08A3,0x0842,0x0001,
  0x0021,0x0021,0x0021,0x0021,0x10A3,0x10E4,0x10E5,0x10E4,0x10E4,0x1925,0x29A7,0x2167,
  0x1905,0x10E5,0x1105,0x1946,0x10E5,0x10C4,0x2146,0x29C8,0x29A8,0x1946,0x10E5,0x1946,
  0x1905,0x10C4,0x0062,0x0041,0x0841,0x0841,0x0862,0x0862,0x0041,0x0841,0x0041,0x0021,
  0x0021,0x0021,0x0021,0x0021,0x0021,0x0021,0x0021,0x0021,0x0021,0x0021,0x0000,0x0000,
  0x0000,0x0000,0x0000,0x0020,0x0041,0x0041,0x0021,0x0020,0x0020,0x0000,0x0000,0x0000,
  0x0000,0x0000,0x0000,0x0000,0x0000,0x0000,0x0000,0x0000,0x0000,0x0000,0x0020,0x0841,
  0x0861,0x10A3,0x10A3,0x2104,0x2103,0x18C3,0x10A2,0x1082,0x0861,0x0841,0x0000,0x0020,
  0x0841,0x2124,0x3186,0x3186,0x2945,0x20E3,0x0861,0x0041,0x0041,0x0020,0x0861,0x0862,
  0x0021,0x0862,0x1082,0x0000,0x0000,0x0000,0x0000,0x0000,0x0000,0x0000,0x0000,0x0000,
  0x0000,0x0000,0x0000,0x0000,0x0000,0x0000,0x0000,0x0000,0x0000,0x0000,0x0000,0x0000,
  0x0000,0x0020,0x0021,0x0021,0x0021,0x0841,0x0021,0x0020,0x0861,0x0861,0x0862,0x0861,
  0x0021,0x0021,0x0021,0x0021,0x10A3,0x2946,0x29A7,0x2987,0x2986,0x2966,0x2146,0x2987,
  0x2987,0x2966,0x2125,0x1925,0x2166,0x1925,0x1905,0x10E4,0x1904,0x1905,0x1905,0x1905,
  0x1904,0x1905,0x1905,0x1925,0x1925,0x1925,0x10E4,0x1925,0x1925,0x2146,0x2146,0x2166,
  0x2166,0x29C8,0x29A8,0x2167,0x2987,0x2187,0x2167,0x2146,0x2167,0x2146,0x1926,0x1926,
  0x1905,0x1905,0x1905,0x1925,0x1905,0x1905,0x1905,0x10E4,0x10E4,0x1905,0x10E5,0x10E4,
  0x18E5,0x10E4,0x10E4,0x1925,0x2166,0x1105,0x10E4,0x10C4,0x1925,0x1905,0x10C4,0x08A4,
  0x1905,0x10E4,0x10C4,0x10C4,0x10C4,0x10A3,0x10C3,0x10A3,0x10A3,0x10C3,0x10C4,0x10C3,
  0x10E4,0x10C4,0x10A4,0x10C4,0x10C4,0x08A4,0x08A3,0x08A3,0x10E4,0x1925,0x10E4,0x10E5,
  0x1905,0x2167,0x1946,0x1946,0x2166,0x10C3,0x10C3,0x1904,0x2166,0x10C4,0x0862,0x0001,
  0x0021,0x0021,0x0041,0x0042,0x0062,0x18E5,0x1926,0x2167,0x2187,0x2167,0x1926,0x1926,
  0x1126,0x1126,0x1946,0x2187,0x1105,0x1947,0x29C9,0x29C9,0x2188,0x1926,0x10E5,0x1105,
  0x1905,0x10C4,0x0042,0x0041,0x0841,0x0862,0x0862,0x0862,0x0861,0x0841,0x0041,0x0041,
  0x0041,0x0021,0x0021,0x0021,0x0021,0x0021,0x0021,0x0021,0x0021,0x0021,0x0000,0x0000,
  0x0000,0x0000,0x0000,0x0021,0x0041,0x0041,0x0021,0x0020,0x0020,0x0000,0x0000,0x0000,
  0x0000,0x0000,0x0000,0x0000,0x0000,0x0000,0x0000,0x0000,0x0000,0x0000,0x0020,0x0000,
  0x1082,0x10A2,0x0020,0x1082,0x10A2,0x18E3,0x2124,0x3186,0x3165,0x2103,0x0820,0x0841,
  0x0861,0x10A2,0x1082,0x2103,0x2945,0x3165,0x18E3,0x0861,0x0020,0x0020,0x0021,0x0841,
  0x0841,0x0862,0x0841,0x0000,0x0000,0x0000,0x0000,0x0000,0x0000,0x0000,0x0000,0x0000,
  0x0000,0x0000,0x0000,0x0000,0x0000,0x0000,0x0000,0x0000,0x0000,0x0020,0x0020,0x0020,
  0x0020,0x0020,0x0021,0x0862,0x0841,0x0020,0x0020,0x0021,0x0041,0x0862,0x0861,0x0862,
  0x0841,0x0020,0x0020,0x10A3,0x1904,0x2987,0x29A7,0x2987,0x29A7,0x2987,0x2146,0x2987,
  0x31A7,0x31C8,0x31C8,0x2125,0x2146,0x1905,0x1905,0x1905,0x1905,0x1905,0x1905,0x1905,
  0x1904,0x1904,0x1905,0x1925,0x2967,0x2146,0x18E5,0x2146,0x2146,0x2146,0x2987,0x29A7,
  0x2987,0x31C8,0x29A8,0x2167,0x2167,0x29C8,0x29A7,0x2167,0x2167,0x1926,0x1926,0x1926,
  0x1925,0x1925,0x1905,0x1925,0x1926,0x1905,0x1905,0x1905,0x1905,0x1905,0x10E4,0x10E4,
  0x10E4,0x10E4,0x10E4,0x1946,0x1946,0x2166,0x2166,0x2126,0x2146,0x1905,0x1925,0x1925,
  0x10E4,0x10E4,0x10C4,0x10C4,0x10A3,0x10A3,0x10C3,0x10C3,0x10C3,0x10C4,0x10C4,0x1105,
  0x10E5,0x1925,0x10E5,0x08C4,0x1105,0x10E4,0x1905,0x1905,0x2146,0x18E5,0x10C4,0x08A4,
  0x1926,0x2167,0x1926,0x29C8,0x10A3,0x18E3,0x2125,0x10C3,0x0862,0x0062,0x0862,0x0021,
  0x0841,0x0041,0x0041,0x0862,0x0020,0x1905,0x29A9,0x31CA,0x29A9,0x1106,0x1105,0x1105,
  0x1926,0x2167,0x29A8,0x29C8,0x2188,0x29C9,0x29C9,0x21A9,0x1947,0x1926,0x1946,0x10E4,
  0x1904,0x0882,0x0041,0x0861,0x0862,0x0862,0x0041,0x0861,0x0862,0x0861,0x0041,0x0041,
  0x0041,0x0041,0x0021,0x0021,0x0021,0x0021,0x0021,0x0021,0x0021,0x0021,0x0000,0x0000,
  0x0000,0x0000,0x0020,0x0041,0x0041,0x0041,0x0021,0x0021,0x0020,0x0020,0x0000,0x0000,
  0x0000,0x0000,0x0000,0x0020,0x0020,0x0020,0x0021,0x0841,0x0020,0x0020,0x0000,0x0000,
  0x0841,0x0841,0x0020,0x0841,0x2104,0x18C3,0x2104,0x39E7,0x3185,0x3185,0x2924,0x1061,
  0x2124,0x2944,0x1081,0x18A2,0x18C2,0x2104,0x18C3,0x10A2,0x0881,0x0000,0x0020,0x0021,
  0x0861,0x0861,0x0021,0x0020,0x0000,0x0000,0x0000,0x0000,0x0000,0x0000,0x0000,0x0000,
  0x0000,0x0000,0x0000,0x0000,0x0000,0x0000,0x0000,0x0000,0x0020,0x0020,0x0020,0x0020,
  0x0020,0x0021,0x0021,0x0021,0x0021,0x0021,0x0021,0x0021,0x0021,0x0841,0x0841,0x1062,
  0x1082,0x0021,0x0020,0x1904,0x2966,0x29A7,0x29A7,0x31C8,0x29A7,0x2987,0x2166,0x31C7,
  0x29A7,0x2146,0x2146,0x2125,0x1925,0x1925,0x1925,0x1905,0x1905,0x2146,0x1925,0x1904,
  0x1905,0x18E4,0x1905,0x2166,0x2166,0x2146,0x1905,0x2146,0x2146,0x29A7,0x29C8,0x2187,
  0x2167,0x29A7,0x2166,0x2167,0x2987,0x29A7,0x2987,0x2187,0x2166,0x1946,0x1946,0x1945,
  0x2166,0x1925,0x1925,0x1925,0x2146,0x1925,0x1905,0x1905,0x1905,0x1905,0x10E5,0x10E4,
  0x1905,0x1905,0x1905,0x1905,0x1905,0x1905,0x1905,0x2146,0x1925,0x1925,0x1925,0x1905,
  0x10C4,0x10E4,0x10C4,0x10C4,0x08A3,0x10A3,0x10C4,0x10C4,0x08C4,0x10C4,0x10E4,0x2167,
  0x2167,0x1926,0x08C4,0x10E4,0x10E5,0x2987,0x2166,0x1905,0x10C4,0x10C4,0x10C4,0x10C4,
  0x1946,0x1105,0x1905,0x29A7,0x0021,0x31A7,0x2104,0x0021,0x0042,0x0042,0x0041,0x0021,
  0x0020,0x0041,0x0862,0x0041,0x0041,0x0862,0x2987,0x29A8,0x1126,0x10E5,0x10E5,0x10E5,
  0x1926,0x21A7,0x2167,0x2187,0x29C8,0x21A8,0x21A8,0x2188,0x1946,0x1926,0x1905,0x10E4,
  0x10C3,0x0862,0x0882,0x0882,0x0862,0x0861,0x0041,0x0862,0x0862,0x0862,0x0041,0x0841,
  0x0021,0x0021,0x0021,0x0021,0x0021,0x0021,0x0021,0x0021,0x0021,0x0021,0x0000,0x0000,
  0x0000,0x0020,0x0020,0x0041,0x0041,0x0041,0x0021,0x0021,0x0020,0x0020,0x0020,0x0000,
  0x0000,0x0000,0x0000,0x0020,0x0020,0x0020,0x0041,0x0841,0x0841,0x0020,0x0000,0x0000,
  0x0000,0x0021,0x0020,0x18C3,0x10A3,0x10A3,0x18E3,0x2945,0x2924,0x3165,0x1061,0x18C2,
  0x3186,0x4227,0x2123,0x18A2,0x20E3,0x1081,0x1061,0x0861,0x10A2,0x0861,0x0020,0x0041,
  0x0841,0x0841,0x0020,0x0000,0x0020,0x0020,0x0020,0x0000,0x0000,0x0000,0x0000,0x0000,
  0x0000,0x0000,0x0000,0x0000,0x0000,0x0000,0x0000,0x0000,0x0000,0x0020,0x0020,0x0020,
  0x0020,0x0020,0x0000,0x0020,0x0020,0x0020,0x0021,0x0021,0x0841,0x0841,0x0841,0x0841,
  0x18C3,0x18C3,0x0041,0x18E4,0x2986,0x29A7,0x29A7,0x29A7,0x2987,0x29A7,0x2987,0x2986,
  0x2986,0x2146,0x2126,0x2125,0x1925,0x1905,0x1905,0x1905,0x1926,0x1925,0x1905,0x1905,
  0x1905,0x10E4,0x1925,0x2166,0x2146,0x2166,0x1905,0x2146,0x2987,0x31E9,0x29A8,0x2167,
  0x2187,0x2167,0x2166,0x29A8,0x29A8,0x2987,0x2167,0x2166,0x1946,0x2126,0x2146,0x2166,
  0x1945,0x1925,0x1925,0x1925,0x1925,0x1905,0x1905,0x1925,0x1905,0x1905,0x1905,0x1925,
  0x1905,0x1905,0x18E5,0x1905,0x10E4,0x10E4,0x10C4,0x10C4,0x1905,0x1925,0x10C4,0x10C4,
  0x10C4,0x10E4,0x10E4,0x10C4,0x08A3,0x10C4,0x1905,0x1104,0x10E4,0x10E4,0x10E5,0x1967,
  0x2167,0x1106,0x10E5,0x10E4,0x10C4,0x10C4,0x10C4,0x1905,0x10E4,0x10C4,0x10C4,0x10E4,
  0x1105,0x08C4,0x3A09,0x634E,0x31A7,0x5AEC,0x0862,0x0041,0x0042,0x0042,0x0041,0x0041,
  0x0041,0x0021,0x10A3,0x18E4,0x0862,0x0842,0x10C4,0x1125,0x1105,0x1105,0x1905,0x1947,
  0x1947,0x1926,0x1926,0x2187,0x29C8,0x29C8,0x29C8,0x1946,0x1926,0x1105,0x10E5,0x10E4,
  0x0882,0x0862,0x10A3,0x0882,0x0862,0x0842,0x0862,0x0862,0x0882,0x0862,0x0042,0x0041,
  0x0041,0x0021,0x0021,0x0021,0x0021,0x0021,0x0021,0x0021,0x0021,0x0021,0x0000,0x0020,
  0x0020,0x0020,0x0021,0x0021,0x0041,0x0021,0x0021,0x0001,0x0021,0x0021,0x0021,0x0021,
  0x0000,0x0000,0x0000,0x0000,0x0020,0x0020,0x0021,0x0021,0x0021,0x0021,0x0021,0x0021,
  0x0020,0x0020,0x0020,0x0861,0x10A3,0x18E4,0x1082,0x1082,0x18A2,0x1082,0x0861,0x18C3,
  0x4A48,0x5ACA,0x41E7,0x2103,0x10A2,0x18C2,0x2103,0x18C2,0x18C2,0x1082,0x0841,0x0821,
  0x0861,0x0021,0x0000,0x0000,0x0000,0x0020,0x0020,0x0020,0x0000,0x0000,0x0000,0x0000,
  0x0000,0x0000,0x0000,0x0000,0x0020,0x0000,0x0000,0x0000,0x0000,0x0020,0x0020,0x0020,
  0x0020,0x0020,0x0020,0x0020,0x0020,0x0000,0x0020,0x0021,0x0841,0x1062,0x1082,0x18C3,
  0x2924,0x2104,0x0882,0x18C3,0x39C7,0x31C7,0x2987,0x31C8,0x29A7,0x29A7,0x29A7,0x2987,
  0x2166,0x2146,0x2146,0x2146,0x1925,0x1905,0x1925,0x2146,0x1905,0x1925,0x1905,0x1905,
  0x1905,0x18E4,0x1925,0x2166,0x29A7,0x2186,0x1925,0x29A7,0x29C8,0x31C8,0x29A7,0x2187,
  0x2987,0x2187,0x2187,0x29A8,0x29A7,0x2187,0x2166,0x2167,0x2146,0x2146,0x2146,0x2166,
  0x1945,0x1946,0x2146,0x2146,0x1925,0x1905,0x1905,0x1926,0x10E4,0x1925,0x1905,0x1925,
  0x1925,0x1905,0x1905,0x10E4,0x1905,0x1905,0x10E4,0x10C4,0x10C4,0x10E4,0x10E4,0x10E4,
  0x10C4,0x10C4,0x10E4,0x10C4,0x10C4,0x10E4,0x10E4,0x1905,0x10E5,0x10E4,0x1105,0x1967,
  0x2167,0x1926,0x10E4,0x10C4,0x10C4,0x10C4,0x10E4,0x1905,0x10E4,0x10E4,0x10C4,0x1105,
  0x2167,0x1905,0x8452,0x8452,0x4229,0x2986,0x0842,0x0862,0x0042,0x0042,0x0042,0x0862,
  0x0862,0x0021,0x0042,0x10C4,0x0882,0x0021,0x0062,0x1946,0x1946,0x1926,0x2167,0x29A8,
  0x2188,0x2147,0x2146,0x1946,0x2187,0x2167,0x1946,0x1105,0x1105,0x1105,0x10E5,0x1905,
  0x0883,0x10E4,0x10C3,0x0862,0x0062,0x0862,0x0883,0x10A3,0x0883,0x0862,0x0842,0x0041,
  0x0041,0x0021,0x0021,0x0021,0x0021,0x0021,0x0021,0x0041,0x0041,0x0021,0x0000,0x0021,
  0x0021,0x0021,0x0021,0x0021,0x0021,0x0021,0x0000,0x0000,0x0021,0x0021,0x0021,0x0021,
  0x0020,0x0020,0x0020,0x0020,0x0020,0x0020,0x0020,0x0021,0x0020,0x0841,0x0841,0x0000,
  0x0000,0x0000,0x0841,0x0862,0x1082,0x0841,0x0000,0x0020,0x0861,0x2124,0x2124,0x1081,
  0x39E7,0x5AA9,0x3185,0x3185,0x2103,0x2964,0x39C6,0x2103,0x2944,0x18E3,0x0020,0x0821,
  0x0021,0x0020,0x0021,0x0000,0x0000,0x0000,0x0000,0x0000,0x0000,0x0000,0x0000,0x0000,
  0x0000,0x0000,0x0000,0x0000,0x0020,0x0000,0x0000,0x0000,0x0000,0x0000,0x0020,0x0000,
  0x0000,0x0020,0x0020,0x0020,0x0021,0x0021,0x0841,0x0861,0x0861,0x0841,0x0861,0x18A2,
  0x10A2,0x1082,0x0841,0x2104,0x41E7,0x4A8A,0x29A7,0x29A7,0x29A7,0x29A7,0x29A8,0x2987,
  0x2166,0x2146,0x2146,0x1925,0x1925,0x1925,0x1926,0x2166,0x1905,0x1925,0x1925,0x1905,
  0x1905,0x1905,0x2166,0x2987,0x31C8,0x29A7,0x1946,0x31C8,0x29C8,0x29C8,0x2987,0x29A7,
  0x29A7,0x29A8,0x29A8,0x2187,0x2187,0x2186,0x2166,0x2166,0x2146,0x2146,0x2126,0x1926,
  0x1946,0x2146,0x1925,0x1925,0x1925,0x1905,0x2146,0x2146,0x1905,0x2146,0x1925,0x1925,
  0x1105,0x1905,0x1925,0x1905,0x1905,0x1905,0x10E4,0x1905,0x10E4,0x10E4,0x10E4,0x10E4,
  0x10C4,0x10E4,0x10C4,0x10C4,0x10C4,0x10E4,0x10E4,0x10C4,0x10C4,0x10E5,0x1925,0x1946,
  0x1946,0x1105,0x10E4,0x10C4,0x10E4,0x10E4,0x10E4,0x18E5,0x1905,0x10E4,0x10E4,0x1926,
  0x1946,0x5B0D,0x73B0,0x39E9,0x18E4,0x10C4,0x0862,0x0862,0x0862,0x0042,0x0862,0x0862,
  0x0862,0x0041,0x0000,0x18E4,0x0882,0x0021,0x0062,0x1926,0x1105,0x1105,0x2187,0x29C9,
  0x2188,0x1926,0x1905,0x10E5,0x1105,0x2187,0x1905,0x1105,0x1105,0x1105,0x1905,0x1905,
  0x1904,0x10C4,0x0862,0x0862,0x0842,0x0862,0x10A3,0x10C3,0x0883,0x0842,0x0041,0x0041,
  0x0041,0x0021,0x0021,0x0021,0x0021,0x0021,0x0021,0x0041,0x0021,0x0000,0x0000,0x0021,
  0x0021,0x0021,0x0021,0x0021,0x0021,0x0021,0x0000,0x0000,0x0021,0x0021,0x0021,0x0021,
  0x0020,0x0020,0x0021,0x0000,0x0020,0x0020,0x0020,0x0021,0x0020,0x0841,0x0841,0x0000,
  0x0000,0x0000,0x0861,0x1082,0x0020,0x0000,0x0020,0x0020,0x0841,0x18C3,0x1082,0x0840,
  0x18C2,0x4A28,0x2103,0x2124,0x3165,0x31A5,0x39A6,0x2944,0x3165,0x3986,0x2104,0x1082,
  0x0021,0x0021,0x0021,0x0000,0x0000,0x0000,0x0000,0x0000,0x0000,0x0000,0x0000,0x0000,
  0x0000,0x0000,0x0000,0x0000,0x0000,0x0000,0x0000,0x0000,0x0000,0x0000,0x0000,0x0000,
  0x0000,0x0020,0x0000,0x0020,0x0841,0x0841,0x0861,0x10A2,0x18C3,0x10A2,0x1082,0x1082,
  0x2103,0x2103,0x2924,0x2945,0x39A6,0x4A8A,0x29C8,0x29A7,0x29A7,0x2987,0x2987,0x2166,
  0x2166,0x2146,0x2146,0x1925,0x1905,0x2146,0x2166,0x1905,0x1905,0x1905,0x1925,0x1925,
  0x1925,0x1905,0x2166,0x29C8,0x29C8,0x29C8,0x08A3,0x2187,0x31C8,0x29A8,0x29A7,0x29A8,
  0x29A8,0x2987,0x2187,0x31C8,0x2166,0x2166,0x2166,0x2166,0x2166,0x2146,0x2146,0x2146,
  0x2146,0x2146,0x1925,0x1905,0x1925,0x1925,0x1925,0x1925,0x2166,0x1925,0x1905,0x1905,
  0x10E4,0x10E4,0x1105,0x1905,0x1905,0x10E4,0x1905,0x1925,0x1946,0x1905,0x10C4,0x10C4,
  0x10C4,0x10C4,0x10C4,0x10C4,0x10C4,0x10E4,0x10E4,0x10E4,0x1905,0x10E4,0x1105,0x1925,
  0x1926,0x1925,0x10E4,0x10C4,0x10E4,0x10C4,0x10E4,0x10E4,0x1905,0x1104,0x2166,0x29A7,
  0x10E4,0x424A,0x0883,0x1905,0x0862,0x1083,0x0862,0x0862,0x0862,0x0042,0x0042,0x0862,
  0x0883,0x0883,0x10E4,0x10A3,0x0041,0x0041,0x0042,0x1105,0x1926,0x1105,0x2167,0x29A8,
  0x2167,0x1105,0x1906,0x1925,0x1926,0x1926,0x1905,0x1905,0x1905,0x1905,0x1905,0x1905,
  0x18E4,0x0882,0x0862,0x0862,0x0862,0x10A3,0x10C4,0x10C3,0x0862,0x0862,0x0041,0x0841,
  0x0841,0x0041,0x0021,0x0021,0x0021,0x0021,0x0841,0x0041,0x0021,0x0000,0x0000,0x0021,
  0x0021,0x0021,0x0021,0x0021,0x0021,0x0021,0x0000,0x0000,0x0000,0x0001,0x0021,0x0021,
  0x0000,0x0000,0x0021,0x0000,0x0000,0x0020,0x0020,0x0020,0x0021,0x0021,0x0000,0x0000,
  0x0021,0x0000,0x0821,0x0000,0x0000,0x0000,0x0020,0x0000,0x0040,0x0020,0x0020,0x0000,
  0x0020,0x2124,0x1081,0x10A2,0x20E3,0x2103,0x2945,0x3145,0x2924,0x3985,0x2944,0x10C2,
  0x0861,0x0021,0x0021,0x0001,0x0000,0x0000,0x0000,0x0000,0x0000,0x0000,0x0000,0x0000,
  0x0020,0x0020,0x0020,0x0000,0x0000,0x0000,0x0000,0x0000,0x0000,0x0000,0x0000,0x0000,
  0x0000,0x0000,0x0861,0x0862,0x0861,0x0841,0x0000,0x1061,0x2965,0x2924,0x3165,0x2124,
  0x3185,0x2965,0x31A6,0x2965,0x3165,0x39A7,0x29C8,0x2987,0x29A7,0x2987,0x2987,0x2967,
  0x2167,0x2146,0x2146,0x1925,0x1925,0x1925,0x1925,0x1905,0x1905,0x1905,0x2146,0x2126,
  0x1925,0x1925,0x2167,0x29A8,0x29A8,0x2167,0x10E4,0x2187,0x29A8,0x29A7,0x29A8,0x29A8,
  0x29A8,0x2987,0x2987,0x29A7,0x2166,0x2166,0x2166,0x2166,0x2166,0x2146,0x2146,0x2146,
  0x2146,0x2146,0x2167,0x2146,0x1905,0x1925,0x1905,0x2146,0x1945,0x1104,0x1105,0x1105,
  0x1925,0x1925,0x1105,0x1905,0x1905,0x1905,0x10E4,0x1925,0x29A7,0x2187,0x1105,0x18E5,
  0x10E4,0x10C4,0x10C4,0x10E5,0x10E4,0x10E4,0x10E4,0x10E4,0x10E4,0x10C4,0x10E4,0x1105,
  0x1105,0x1105,0x10E4,0x10C4,0x10C4,0x10E5,0x10E4,0x10E4,0x1105,0x2186,0x2166,0x1925,
  0x2167,0x3A2A,0x0022,0x10A4,0x0883,0x10A3,0x0861,0x0862,0x0862,0x0842,0x0042,0x0862,
  0x0862,0x0862,0x10E4,0x1904,0x0042,0x0041,0x0021,0x08A3,0x1905,0x2146,0x2987,0x1946,
  0x1926,0x1926,0x1926,0x1925,0x1905,0x1905,0x1905,0x1905,0x1905,0x1905,0x1905,0x1925,
  0x10A3,0x0841,0x0862,0x0862,0x1083,0x10C4,0x18E4,0x0883,0x0042,0x0862,0x0841,0x0041,
  0x0841,0x0021,0x0021,0x0021,0x0021,0x0021,0x0841,0x0041,0x0021,0x0021,0x0021,0x0021,
  0x0021,0x0021,0x0021,0x0021,0x0021,0x0021,0x0000,0x0000,0x0000,0x0000,0x0020,0x0021,
  0x0000,0x0000,0x0000,0x0000,0x0000,0x0020,0x0020,0x0020,0x0020,0x0000,0x0000,0x0000,
  0x0020,0x0000,0x0000,0x0000,0x0000,0x0020,0x0020,0x0020,0x0862,0x1082,0x18C3,0x0861,
  0x0841,0x0841,0x0841,0x0020,0x0861,0x1082,0x18C3,0x3165,0x3986,0x3165,0x2124,0x10C2,
  0x0861,0x0862,0x10C3,0x0021,0x0001,0x0001,0x0021,0x0021,0x0000,0x0000,0x0000,0x0020,
  0x0020,0x0020,0x0020,0x0020,0x0020,0x0020,0x0020,0x0020,0x0020,0x0020,0x0021,0x0021,
  0x0021,0x0041,0x0862,0x10C3,0x10A3,0x1062,0x0820,0x1061,0x2925,0x18E3,0x2103,0x2944,
  0x20E3,0x18E3,0x2945,0x2965,0x2944,0x39C7,0x29A7,0x29A7,0x29A7,0x2987,0x2987,0x2987,
  0x2166,0x2146,0x2146,0x2166,0x2166,0x1926,0x1925,0x1925,0x1905,0x1925,0x1925,0x2146,
  0x2166,0x1925,0x2166,0x2967,0x2146,0x2146,0x1904,0x29A7,0x2987,0x29A8,0x31C8,0x29C8,
  0x29A7,0x2987,0x29A7,0x2987,0x2987,0x31A8,0x2967,0x2167,0x2166,0x2166,0x2166,0x2146,
  0x2166,0x2166,0x2146,0x1926,0x1925,0x1925,0x2146,0x1925,0x1925,0x1925,0x1905,0x1105,
  0x1925,0x29C8,0x1946,0x1905,0x1905,0x1905,0x2146,0x2166,0x1925,0x1925,0x1905,0x1905,
  0x18E5,0x10C4,0x10E4,0x10E4,0x10E4,0x10E4,0x1905,0x1905,0x10E4,0x1905,0x1105,0x1925,
  0x1926,0x10E5,0x10E4,0x10E4,0x10E5,0x10E4,0x10E4,0x1905,0x1105,0x1946,0x1925,0x2166,
  0x29A8,0x2987,0x0021,0x0883,0x0882,0x0882,0x0882,0x0862,0x0841,0x0862,0x0862,0x0862,
  0x0042,0x0862,0x0882,0x0062,0x0041,0x0042,0x0021,0x0882,0x1925,0x29A8,0x2146,0x1946,
  0x1926,0x1926,0x1926,0x1926,0x1925,0x1905,0x1925,0x1926,0x2146,0x1905,0x1926,0x2146,
  0x0862,0x0862,0x0062,0x08A3,0x18E4,0x18E4,0x10A3,0x0862,0x0062,0x0862,0x0841,0x0041,
  0x0021,0x0021,0x0021,0x0021,0x0021,0x0841,0x0841,0x0041,0x0021,0x0021,0x0021,0x0021,
  0x0021,0x0021,0x0021,0x0021,0x0021,0x0000,0x0000,0x0000,0x0000,0x0000,0x0000,0x0020,
  0x0000,0x0000,0x0000,0x0000,0x0000,0x0020,0x0020,0x0000,0x0000,0x0000,0x0000,0x0000,
  0x0000,0x0000,0x0000,0x0000,0x0021,0x0021,0x0841,0x0841,0x1082,0x18E3,0x4A49,0x4A49,
  0x3186,0x18E3,0x0861,0x0000,0x0841,0x0841,0x18C3,0x20E3,0x20E3,0x2924,0x2124,0x1082,
  0x0861,0x10C3,0x0841,0x0000,0x0021,0x0021,0x0021,0x0021,0x0021,0x0021,0x0021,0x0021,
  0x0021,0x0021,0x0020,0x0021,0x0021,0x0020,0x0021,0x0021,0x0021,0x0021,0x0862,0x1082,
  0x0841,0x0841,0x0841,0x0862,0x2104,0x2924,0x1082,0x1082,0x10A2,0x0841,0x18C2,0x2124,
  0x18E3,0x0861,0x1082,0x2103,0x2104,0x39C7,0x31C8,0x29A7,0x2987,0x2987,0x2987,0x2166,
  0x2146,0x2146,0x2146,0x31C8,0x29A7,0x1905,0x1925,0x1925,0x1925,0x1925,0x1926,0x2146,
  0x2166,0x2146,0x2146,0x2146,0x2167,0x2166,0x2145,0x29A7,0x29A8,0x29A7,0x31C8,0x31C8,
  0x29A7,0x29A7,0x29A7,0x2987,0x29A8,0x31C8,0x2167,0x2987,0x2967,0x2166,0x2146,0x2146,
  0x2146,0x2166,0x2146,0x1925,0x1925,0x1925,0x1946,0x1925,0x1925,0x1925,0x1905,0x1905,
  0x18E5,0x1925,0x1946,0x1925,0x1905,0x1925,0x1926,0x1905,0x1946,0x10E4,0x1105,0x1905,
  0x10E4,0x10C4,0x10E4,0x1905,0x10E5,0x10E4,0x10E5,0x10E5,0x10E5,0x1905,0x1926,0x1946,
  0x1926,0x1105,0x10E4,0x10E5,0x1905,0x1905,0x1905,0x2166,0x29C8,0x1946,0x1946,0x2146,
  0x2987,0x29A7,0x0041,0x0883,0x08A3,0x0062,0x0882,0x0041,0x0021,0x0862,0x0882,0x0882,
  0x0862,0x0862,0x0862,0x0021,0x0001,0x0021,0x0841,0x0061,0x2146,0x2987,0x1926,0x1946,
  0x1946,0x1926,0x1926,0x1926,0x1926,0x1925,0x1946,0x1946,0x1926,0x1946,0x2146,0x2126,
  0x0862,0x0862,0x0062,0x10E4,0x1904,0x08A3,0x0862,0x0862,0x0042,0x0042,0x0841,0x0841,
  0x0021,0x0021,0x0021,0x0021,0x0841,0x0841,0x0841,0x0041,0x0021,0x0021,0x0021,0x0021,
  0x0021,0x0021,0x0021,0x0021,0x0021,0x0020,0x0000,0x0000,0x0000,0x0000,0x0000,0x0000,
  0x0000,0x0000,0x0000,0x0000,0x0000,0x0000,0x0000,0x0000,0x0000,0x0000,0x0000,0x0000,
  0x0000,0x0000,0x0000,0x0021,0x0841,0x0861,0x10A2,0x1082,0x0862,0x18C3,0x2925,0x4A28,
  0x39C7,0x2965,0x10A2,0x0020,0x0020,0x0861,0x18C3,0x1082,0x1082,0x18C3,0x2124,0x0861,
  0x0861,0x10A3,0x0020,0x0020,0x0020,0x0021,0x0021,0x0021,0x0021,0x0021,0x0021,0x0021,
  0x0021,0x0021,0x0021,0x0021,0x0021,0x0020,0x0021,0x0021,0x0021,0x0021,0x0861,0x10A3,
  0x0862,0x1062,0x0841,0x1062,0x10A2,0x18E3,0x18C3,0x1062,0x0861,0x0841,0x1082,0x18C2,
  0x0840,0x0840,0x0840,0x18C3,0x2945,0x31A7,0x31C8,0x29A7,0x2987,0x2987,0x2987,0x2166,
  0x2166,0x2146,0x2166,0x29A7,0x2166,0x2166,0x1905,0x2126,0x2146,0x2146,0x2146,0x2146,
  0x2146,0x2146,0x2146,0x2146,0x2166,0x2146,0x18E4,0x2166,0x31C8,0x29A7,0x31A8,0x29A7,
  0x29A7,0x29A7,0x29A7,0x2987,0x2987,0x2987,0x2167,0x2987,0x2987,0x2146,0x2166,0x2166,
  0x2166,0x2146,0x2146,0x1926,0x1925,0x1925,0x1925,0x1925,0x1925,0x1905,0x1905,0x1905,
  0x1905,0x1905,0x1925,0x1905,0x1925,0x2126,0x1905,0x1905,0x1905,0x10E4,0x1105,0x10E4,
  0x10C4,0x10C4,0x10E4,0x1925,0x1905,0x10E4,0x10E4,0x18E5,0x1905,0x1105,0x1926,0x1946,
  0x1946,0x1926,0x10E5,0x1905,0x1926,0x2146,0x31C8,0x29A7,0x2167,0x1105,0x29A8,0x2167,
  0x31E9,0x29A7,0x0062,0x0882,0x0882,0x0862,0x0841,0x0862,0x0862,0x0862,0x0862,0x0862,
  0x0882,0x0862,0x0062,0x0021,0x0000,0x0001,0x0041,0x0041,0x10E5,0x1926,0x1946,0x1946,
  0x1926,0x1926,0x1946,0x1926,0x1926,0x2146,0x2167,0x1946,0x1946,0x1946,0x2146,0x1926,
  0x0862,0x0862,0x10E4,0x1925,0x10C4,0x0862,0x0883,0x0862,0x0041,0x0041,0x0841,0x0841,
  0x0021,0x0021,0x0021,0x0021,0x0841,0x0841,0x0841,0x0021,0x0021,0x0021,0x0021,0x0021,
  0x0021,0x0021,0x0021,0x0021,0x0021,0x0020,0x0000,0x0000,0x0000,0x0000,0x0000,0x0000,
  0x0000,0x0000,0x0000,0x0020,0x0020,0x0000,0x0000,0x0000,0x0000,0x0000,0x0000,0x0000,
  0x0000,0x0020,0x0020,0x0861,0x0862,0x10C3,0x2124,0x10C3,0x0882,0x1082,0x2124,0x2945,
  0x18A2,0x18A2,0x1082,0x0841,0x0020,0x0821,0x0861,0x0841,0x18E3,0x18E3,0x18C3,0x0861,
  0x0862,0x0862,0x0000,0x0020,0x0020,0x0021,0x0021,0x0021,0x0021,0x0021,0x0021,0x0021,
  0x0021,0x0021,0x0021,0x0041,0x0021,0x0021,0x0021,0x0021,0x0020,0x0021,0x0021,0x0861,
  0x0861,0x0862,0x0841,0x0841,0x0841,0x18E3,0x10A2,0x0861,0x0861,0x0841,0x0840,0x18C2,
  0x1082,0x18A2,0x10A1,0x2145,0x2987,0x29A7,0x31C7,0x29A7,0x2987,0x2187,0x2187,0x2186,
  0x2187,0x2987,0x2967,0x2146,0x2146,0x2166,0x1925,0x1925,0x2166,0x2166,0x1925,0x2967,
  0x31A7,0x2166,0x2146,0x2146,0x2146,0x2146,0x10C4,0x29A7,0x2987,0x2987,0x2987,0x29A7,
  0x29A7,0x29A7,0x29A7,0x2987,0x2987,0x2987,0x2987,0x2986,0x2166,0x2166,0x2146,0x2166,
  0x2166,0x2166,0x2146,0x2146,0x1926,0x1925,0x1946,0x1946,0x2166,0x1925,0x1905,0x1905,
  0x1905,0x1925,0x1925,0x2146,0x1925,0x1905,0x1905,0x1905,0x1105,0x1105,0x1105,0x1105,
  0x10E4,0x10E4,0x10E4,0x1905,0x1905,0x10E4,0x10E4,0x1905,0x1926,0x1105,0x1946,0x1946,
  0x1926,0x1925,0x2146,0x2167,0x29A8,0x3A2A,0x29C8,0x1946,0x1946,0x2167,0x322A,0x29C8,
  0x3A29,0x10E4,0x0062,0x0882,0x10C3,0x0882,0x0862,0x1083,0x0862,0x0862,0x0882,0x0042,
  0x08A3,0x0883,0x0062,0x0041,0x0000,0x0020,0x0020,0x0021,0x08A3,0x1926,0x2146,0x1946,
  0x1946,0x2187,0x1946,0x1926,0x1946,0x2146,0x2146,0x2146,0x1946,0x1946,0x1947,0x2146,
  0x0042,0x10A3,0x2145,0x1905,0x10A3,0x0062,0x0882,0x0882,0x0862,0x0862,0x0841,0x0041,
  0x0041,0x0041,0x0021,0x0841,0x0841,0x0841,0x0841,0x0021,0x0021,0x0021,0x0021,0x0021,
  0x0021,0x0021,0x0021,0x0021,0x0021,0x0020,0x0000,0x0000,0x0000,0x0000,0x0000,0x0000,
  0x0000,0x0000,0x0020,0x0020,0x0020,0x0020,0x0000,0x0000,0x0000,0x0000,0x0000,0x0000,
  0x0020,0x0020,0x0021,0x0041,0x0841,0x0861,0x10A3,0x10E3,0x0882,0x0862,0x2104,0x20E3,
  0x18E3,0x18C3,0x1082,0x1082,0x0020,0x0000,0x0020,0x0861,0x10A2,0x2104,0x1082,0x0841,
  0x08A2,0x0883,0x0021,0x0021,0x0021,0x0021,0x0021,0x0021,0x0021,0x0021,0x0021,0x0021,
  0x0021,0x0021,0x0021,0x0041,0x0041,0x0021,0x0021,0x0021,0x0020,0x0021,0x0821,0x0021,
  0x0841,0x0841,0x0821,0x0821,0x0841,0x18E3,0x0040,0x0041,0x0040,0x0840,0x0861,0x2985,
  0x4208,0x2104,0x18E3,0x2145,0x2987,0x2966,0x31C7,0x29A7,0x29A7,0x21A7,0x29A7,0x29A7,
  0x2166,0x2987,0x2146,0x2146,0x2146,0x2146,0x1926,0x2146,0x2166,0x2146,0x1925,0x1905,
  0x10C4,0x0883,0x10A3,0x18E4,0x1925,0x1905,0x10C4,0x2966,0x2146,0x2987,0x2987,0x2987,
  0x31C8,0x29A8,0x2987,0x2987,0x2987,0x2987,0x2987,0x29A7,0x2166,0x2166,0x2146,0x2166,
  0x2166,0x2166,0x2146,0x2146,0x2146,0x2146,0x1946,0x1946,0x1925,0x1925,0x1925,0x1925,
  0x1925,0x1105,0x1925,0x1925,0x1925,0x1925,0x1905,0x1105,0x1105,0x1905,0x1105,0x2146,
  0x1905,0x10E4,0x1905,0x1905,0x1905,0x1905,0x1905,0x1905,0x1926,0x1925,0x2167,0x1966,
  0x1946,0x2167,0x29A8,0x29A8,0x31E9,0x31E9,0x21A7,0x1946,0x2188,0x320A,0x29C9,0x3209,
  0x2187,0x10E4,0x0882,0x10C3,0x10C3,0x0862,0x0842,0x0841,0x0841,0x0041,0x0021,0x0842,
  0x0883,0x0883,0x0862,0x0041,0x0020,0x0020,0x0020,0x0021,0x0862,0x1925,0x2167,0x2167,
  0x2167,0x2167,0x2146,0x1946,0x1946,0x2146,0x2146,0x2167,0x1926,0x2167,0x2187,0x2188,
  0x0883,0x1905,0x2125,0x10C4,0x0883,0x0882,0x0883,0x0862,0x0861,0x0041,0x0041,0x0021,
  0x0021,0x0041,0x0841,0x0841,0x0862,0x0841,0x0841,0x0041,0x0021,0x0041,0x0041,0x0041,
  0x0841,0x0041,0x0021,0x0021,0x0020,0x0020,0x0000,0x0000,0x0000,0x0000,0x0000,0x0000,
  0x0000,0x0000,0x0020,0x0020,0x0021,0x0020,0x0000,0x0000,0x0000,0x0000,0x0000,0x0020,
  0x0020,0x0020,0x0020,0x0021,0x0861,0x0862,0x0862,0x0862,0x0841,0x0841,0x18C3,0x2104,
  0x2104,0x20E4,0x18C3,0x18C3,0x0020,0x0000,0x0020,0x0861,0x1081,0x10A2,0x0841,0x0021,
  0x10A3,0x10E4,0x0862,0x0041,0x0021,0x0021,0x0021,0x0021,0x0021,0x0021,0x0021,0x0021,
  0x0021,0x0021,0x0021,0x0041,0x0041,0x0020,0x0021,0x0021,0x0021,0x0821,0x0821,0x0841,
  0x0841,0x0841,0x0821,0x0821,0x0841,0x0841,0x0021,0x0020,0x0040,0x0841,0x1082,0x2104,
  0x2965,0x18E3,0x10A2,0x1904,0x31A7,0x2987,0x29A7,0x29A7,0x29A7,0x29A7,0x29A7,0x29A8,
  0x2187,0x2146,0x2146,0x2146,0x2146,0x2146,0x2146,0x2146,0x2146,0x2146,0x2146,0x2967,
  0x18E4,0x0042,0x0862,0x0862,0x18E4,0x10C4,0x0882,0x10A3,0x10A3,0x18E4,0x1905,0x2125,
  0x10C4,0x1925,0x2987,0x2987,0x2987,0x2987,0x2987,0x2987,0x2987,0x2987,0x29A7,0x29A7,
  0x2166,0x2166,0x2967,0x2146,0x2146,0x2146,0x2146,0x2146,0x1925,0x1925,0x1925,0x2146,
  0x1925,0x1925,0x1905,0x10E5,0x1905,0x1925,0x1925,0x1925,0x1925,0x1905,0x1905,0x2146,
  0x1905,0x1905,0x1925,0x1905,0x1905,0x1905,0x10E5,0x1925,0x1925,0x1946,0x2187,0x1946,
  0x29A8,0x29A8,0x2167,0x29A8,0x2187,0x1926,0x2167,0x29C8,0x2167,0x29A8,0x29A8,0x2988,
  0x3A29,0x10E4,0x0882,0x18E4,0x0883,0x0862,0x0021,0x0821,0x0841,0x0041,0x0021,0x0042,
  0x0862,0x0862,0x0862,0x0062,0x0041,0x0041,0x0021,0x0021,0x0041,0x18E4,0x2167,0x2188,
  0x1946,0x1946,0x2147,0x2146,0x1946,0x2146,0x2166,0x1946,0x21A8,0x29E9,0x29C8,0x29A8,
  0x1925,0x2146,0x1905,0x10A3,0x0883,0x0882,0x10A3,0x0862,0x0041,0x0041,0x0041,0x0041,
  0x0021,0x0841,0x0841,0x0862,0x0862,0x0841,0x0841,0x0841,0x0041,0x0041,0x0041,0x0041,
  0x0841,0x0841,0x0021,0x0020,0x0020,0x0020,0x0000,0x0000,0x0000,0x0000,0x0000,0x0000,
  0x0000,0x0000,0x0000,0x0020,0x0021,0x0021,0x0000,0x0000,0x0000,0x0000,0x0000,0x0020,
  0x0020,0x0020,0x0020,0x0020,0x0041,0x0041,0x0021,0x0842,0x0041,0x0841,0x1082,0x10A2,
  0x0861,0x1061,0x1082,0x1082,0x0000,0x0000,0x0020,0x0021,0x1082,0x10A3,0x0021,0x0041,
  0x10C4,0x1904,0x1904,0x10A3,0x0021,0x0021,0x0021,0x0021,0x0021,0x0021,0x0021,0x0021,
  0x0021,0x0021,0x0021,0x0041,0x0041,0x0000,0x0000,0x0000,0x0021,0x0841,0x0841,0x0841,
  0x0841,0x0021,0x0000,0x0000,0x0021,0x0021,0x0021,0x0020,0x0040,0x1082,0x10A2,0x0882,
  0x18C3,0x10A2,0x0861,0x10A3,0x2987,0x31A7,0x29A8,0x2987,0x29A8,0x29C8,0x29A7,0x2987,
  0x2987,0x2166,0x2146,0x2146,0x2146,0x2146,0x2146,0x2166,0x2146,0x2146,0x2166,0x2146,
  0x2146,0x08A3,0x0062,0x0862,0x0862,0x0041,0x1082,0x0882,0x0042,0x0042,0x08A3,0x2986,
  0x2125,0x2125,0x2967,0x2967,0x2167,0x2987,0x2987,0x2987,0x2967,0x2987,0x2987,0x2987,
  0x2987,0x2166,0x2987,0x2987,0x2166,0x2146,0x2146,0x2146,0x2146,0x1925,0x1925,0x1925,
  0x1925,0x2126,0x1925,0x1905,0x1905,0x1905,0x1905,0x1925,0x1925,0x1905,0x1925,0x2146,
  0x1925,0x1925,0x1925,0x1925,0x1905,0x2146,0x1925,0x2126,0x2146,0x2146,0x2187,0x2167,
  0x2167,0x1946,0x1946,0x1946,0x2167,0x29A8,0x320A,0x29A8,0x2167,0x29C9,0x29A8,0x31E9,
  0x3A29,0x08A3,0x0062,0x2145,0x10C4,0x0882,0x0841,0x0841,0x0841,0x0841,0x0862,0x0041,
  0x0041,0x0042,0x0042,0x0862,0x0862,0x0882,0x0021,0x0021,0x0021,0x0883,0x2167,0x2167,
  0x1946,0x1946,0x2146,0x2146,0x2146,0x2167,0x1947,0x2188,0x31E9,0x29C9,0x29A8,0x2147,
  0x2166,0x2146,0x10E4,0x10A3,0x10A3,0x08A3,0x08A3,0x0862,0x0041,0x0041,0x0041,0x0841,
  0x0841,0x0841,0x0862,0x0862,0x0862,0x0862,0x0841,0x0841,0x0041,0x0041,0x0041,0x0041,
  0x0041,0x0041,0x0021,0x0020,0x0020,0x0020,0x0000,0x0000,0x0000,0x0000,0x0000,0x0000,
  0x0000,0x0000,0x0000,0x0020,0x0021,0x0021,0x0001,0x0000,0x0000,0x0000,0x0000,0x0020,
  0x0020,0x0020,0x0020,0x0020,0x0020,0x0021,0x0021,0x0021,0x0021,0x0841,0x0861,0x1061,
  0x0861,0x0861,0x0861,0x0861,0x0000,0x0020,0x0020,0x0041,0x18C3,0x10C3,0x0021,0x18E4,
  0x2966,0x1904,0x1904,0x1083,0x0021,0x0020,0x0021,0x0021,0x0000,0x0021,0x0021,0x0020,
  0x0020,0x0020,0x0021,0x0041,0x0021,0x0000,0x0000,0x0020,0x0841,0x0841,0x0021,0x0021,
  0x0021,0x0020,0x0000,0x0000,0x0841,0x0021,0x0020,0x0041,0x0841,0x0862,0x18E4,0x18E3,
  0x10A2,0x1062,0x0861,0x10A3,0x2987,0x29A7,0x31C8,0x29A8,0x29A8,0x29C8,0x29A7,0x2987,
  0x2987,0x2166,0x2166,0x2146,0x2146,0x2166,0x2146,0x2166,0x2166,0x2167,0x2166,0x2166,
  0x2166,0x1905,0x0862,0x0862,0x0842,0x0041,0x0041,0x0041,0x0041,0x0041,0x0862,0x0883,
  0x2146,0x2966,0x2987,0x2987,0x2987,0x2987,0x2987,0x2987,0x2987,0x2987,0x2987,0x2987,
  0x2987,0x2987,0x2167,0x2987,0x2166,0x2146,0x2166,0x2146,0x2146,0x1925,0x1925,0x1925,
  0x2126,0x2146,0x2126,0x1905,0x1925,0x1905,0x1905,0x1905,0x1925,0x1925,0x2146,0x2166,
  0x1925,0x1925,0x1925,0x1925,0x2146,0x2987,0x2146,0x1946,0x2146,0x2167,0x1946,0x2166,
  0x1946,0x1946,0x1946,0x2167,0x29C8,0x31E9,0x3A2A,0x2187,0x2187,0x29C8,0x2167,0x29A7,
  0x10E4,0x08C3,0x0882,0x2986,0x18E4,0x0882,0x0842,0x0842,0x0862,0x0841,0x0841,0x0041,
  0x0041,0x0041,0x0021,0x0021,0x0021,0x0021,0x0021,0x0021,0x0021,0x0862,0x1946,0x1967,
  0x1946,0x2146,0x2146,0x2147,0x2146,0x2167,0x2167,0x29C8,0x29C8,0x2188,0x2187,0x1926,
  0x2146,0x1926,0x10A3,0x10E4,0x08A3,0x10A3,0x0882,0x0041,0x0041,0x0841,0x0841,0x0841,
  0x0862,0x0862,0x0862,0x0862,0x0862,0x0862,0x0841,0x0841,0x0841,0x0041,0x0041,0x0061,
  0x0041,0x0041,0x0021,0x0020,0x0020,0x0020,0x0000,0x0000,0x0000,0x0000,0x0000,0x0000,
  0x0000,0x0000,0x0000,0x0020,0x0021,0x0021,0x0001,0x0000,0x0000,0x0000,0x0000,0x0020,
  0x0020,0x0000,0x0020,0x0020,0x0020,0x0020,0x0021,0x0021,0x0841,0x0841,0x0841,0x0841,
  0x0841,0x0841,0x0881,0x0861,0x0020,0x0020,0x0041,0x10E3,0x2125,0x10C3,0x0041,0x1904,
  0x2125,0x1904,0x10A3,0x0021,0x0001,0x0000,0x0021,0x0021,0x0000,0x0021,0x0021,0x0020,
  0x0020,0x0020,0x0020,0x0020,0x0020,0x0000,0x0000,0x0020,0x0021,0x0020,0x0000,0x0020,
  0x0000,0x0020,0x0020,0x0000,0x0021,0x0020,0x0021,0x0020,0x0041,0x0861,0x0841,0x1082,
  0x1082,0x1062,0x0862,0x0882,0x2966,0x29A7,0x31C8,0x29A8,0x29A7,0x29A7,0x29A7,0x2987,
  0x2186,0x2186,0x2166,0x2166,0x2146,0x2146,0x2166,0x2166,0x2987,0x2987,0x2166,0x2187,
  0x2166,0x2166,0x10A3,0x0862,0x0862,0x0862,0x0042,0x0841,0x0841,0x0041,0x0861,0x0862,
  0x0862,0x18E4,0x2966,0x2987,0x2987,0x29A7,0x2987,0x2987,0x31A7,0x29A7,0x29A7,0x2987,
  0x2987,0x2987,0x2987,0x2987,0x2987,0x2166,0x2166,0x2146,0x2146,0x2146,0x1926,0x1926,
  0x1925,0x1925,0x1925,0x1925,0x1925,0x1925,0x1905,0x1925,0x1925,0x1946,0x2987,0x2146,
  0x2146,0x1926,0x1925,0x2146,0x2146,0x1925,0x1946,0x1946,0x21A8,0x2187,0x2167,0x2167,
  0x1946,0x2167,0x2187,0x29A8,0x3209,0x3209,0x31E9,0x2188,0x2167,0x2167,0x29A7,0x2987,
  0x08A3,0x10C3,0x10E4,0x1925,0x10C3,0x0062,0x0842,0x0842,0x0862,0x0841,0x0821,0x0041,
  0x0041,0x0041,0x0041,0x0842,0x0041,0x0000,0x0020,0x0041,0x0041,0x0041,0x1925,0x2167,
  0x1946,0x2146,0x2146,0x2167,0x2167,0x2167,0x2187,0x29A8,0x2188,0x2147,0x2146,0x1946,
  0x2166,0x1905,0x1905,0x10E4,0x10C3,0x10A3,0x0882,0x0062,0x0042,0x0841,0x0841,0x0862,
  0x0862,0x0862,0x0862,0x0862,0x0862,0x0862,0x0041,0x0041,0x0841,0x0841,0x0862,0x0862,
  0x0041,0x0021,0x0021,0x0020,0x0020,0x0020,0x0000,0x0000,0x0000,0x0000,0x0021,0x0020,
  0x0020,0x0020,0x0000,0x0000,0x0000,0x0021,0x0000,0x0000,0x0000,0x0000,0x0000,0x0000,
  0x0000,0x0020,0x0020,0x0020,0x0020,0x0020,0x0020,0x0000,0x0000,0x0821,0x0821,0x0821,
  0x0841,0x0020,0x0861,0x0841,0x0021,0x0041,0x0882,0x1904,0x2146,0x18E4,0x0062,0x1904,
  0x1925,0x1905,0x08A3,0x0021,0x0001,0x0000,0x0021,0x0000,0x0000,0x0020,0x0021,0x0020,
  0x0020,0x0000,0x0000,0x0020,0x0020,0x0020,0x0021,0x0000,0x0000,0x0000,0x0000,0x0000,
  0x0020,0x0021,0x0021,0x0021,0x0021,0x0021,0x0021,0x0020,0x0040,0x0021,0x0021,0x0841,
  0x0842,0x1062,0x0862,0x10A3,0x2987,0x29A7,0x29A8,0x29A8,0x29A7,0x31C8,0x29A7,0x2987,
  0x2186,0x2166,0x2986,0x2987,0x2166,0x2166,0x2166,0x2166,0x2166,0x2187,0x29A7,0x2187,
  0x2166,0x2966,0x1905,0x0862,0x0882,0x0862,0x0862,0x0841,0x0862,0x0862,0x0861,0x0862,
  0x0862,0x0862,0x10C3,0x2987,0x2987,0x29A7,0x2987,0x2987,0x2987,0x29A7,0x31A7,0x29A7,
  0x29A7,0x2987,0x2987,0x2987,0x2987,0x2987,0x2166,0x2146,0x2146,0x2146,0x2166,0x2146,
  0x1925,0x2146,0x2146,0x2146,0x2146,0x1925,0x1925,0x2146,0x1925,0x2146,0x2146,0x1926,
  0x2166,0x2146,0x1926,0x2166,0x2146,0x2146,0x2146,0x2187,0x29A8,0x2167,0x2167,0x2187,
  0x2167,0x2187,0x29C8,0x31E9,0x3209,0x29C8,0x2167,0x2167,0x2187,0x2167,0x2987,0x2166,
  0x10C3,0x1904,0x10E4,0x10E4,0x08A3,0x0082,0x0841,0x0821,0x0862,0x0842,0x0842,0x0842,
  0x0041,0x0841,0x0841,0x0862,0x0842,0x0862,0x0862,0x0041,0x0041,0x0021,0x18E5,0x2167,
  0x2146,0x2146,0x2167,0x2167,0x2167,0x2167,0x29A8,0x29C9,0x2188,0x2147,0x2147,0x2146,
  0x1946,0x10E4,0x1925,0x1925,0x1904,0x0883,0x0862,0x0862,0x0862,0x0862,0x0862,0x0862,
  0x0882,0x0862,0x0862,0x0862,0x0862,0x0862,0x0862,0x0862,0x0862,0x0862,0x0862,0x0041,
  0x0021,0x0021,0x0021,0x0021,0x0021,0x0021,0x0000,0x0000,0x0000,0x0000,0x0021,0x0021,
  0x0021,0x0021,0x0021,0x0020,0x0000,0x0000,0x0020,0x0000,0x0000,0x0000,0x0000,0x0020,
  0x0000,0x0021,0x0020,0x0000,0x0020,0x0020,0x0000,0x0000,0x0000,0x0000,0x0000,0x0000,
  0x0000,0x0021,0x0861,0x0861,0x0841,0x0861,0x18E4,0x1905,0x2126,0x18E5,0x10A3,0x1925,
  0x1925,0x1925,0x10C4,0x0041,0x0021,0x0021,0x0000,0x0000,0x0000,0x0000,0x0020,0x0020,
  0x0020,0x0000,0x0000,0x0000,0x0020,0x0021,0x0021,0x0021,0x0021,0x0000,0x0000,0x0020,
  0x0021,0x0021,0x0041,0x0021,0x0862,0x0882,0x0862,0x0021,0x0021,0x0021,0x0021,0x0041,
  0x0841,0x0841,0x0041,0x1904,0x2987,0x2987,0x31C8,0x31C8,0x29A8,0x29A7,0x2987,0x2987,
  0x2987,0x2987,0x2987,0x2987,0x2166,0x2166,0x2166,0x2987,0x2167,0x2166,0x2987,0x2987,
  0x2166,0x2166,0x2166,0x0883,0x0882,0x0882,0x0862,0x0042,0x0862,0x0862,0x0862,0x0862,
  0x0862,0x0882,0x0862,0x2125,0x31A7,0x3187,0x2987,0x2987,0x2987,0x3187,0x3187,0x29A7,
  0x29A7,0x29A7,0x29A7,0x29A7,0x2987,0x2987,0x2166,0x2166,0x2987,0x2166,0x2146,0x2146,
  0x2146,0x2146,0x1926,0x2166,0x2166,0x1925,0x1926,0x2146,0x1926,0x2146,0x2146,0x2166,
  0x2166,0x2146,0x2146,0x2146,0x2166,0x2167,0x2166,0x2187,0x29A8,0x29A8,0x29A8,0x29A8,
  0x2167,0x29C8,0x29C8,0x31E9,0x29A8,0x29C8,0x2187,0x2167,0x2987,0x2167,0x2166,0x2146,
  0x10C4,0x2125,0x08A3,0x1905,0x08A3,0x0882,0x1042,0x1062,0x0862,0x0862,0x0862,0x0842,
  0x0862,0x0862,0x0841,0x0862,0x0041,0x0882,0x10C3,0x0062,0x0041,0x0021,0x0883,0x2167,
  0x2146,0x2146,0x1946,0x2167,0x2187,0x2987,0x29C8,0x29A8,0x2167,0x2167,0x2167,0x2147,
  0x1925,0x1925,0x1945,0x2146,0x10A3,0x0862,0x0862,0x0862,0x0862,0x0862,0x0862,0x1082,
  0x0882,0x0862,0x0862,0x0862,0x0862,0x0862,0x0862,0x0862,0x0862,0x0862,0x0862,0x0021,
  0x0021,0x0021,0x0021,0x0021,0x0021,0x0021,0x0000,0x0000,0x0000,0x0000,0x0021,0x0021,
  0x0000,0x0000,0x0000,0x0000,0x0000,0x0000,0x0020,0x0000,0x0000,0x0000,0x0000,0x0021,
  0x0020,0x0000,0x0021,0x0020,0x0000,0x0000,0x0000,0x0000,0x0000,0x0000,0x0000,0x0020,
  0x0020,0x0841,0x0861,0x0861,0x0841,0x0882,0x2146,0x2126,0x2146,0x18E5,0x10E4,0x2145,
  0x1945,0x1925,0x08A3,0x0021,0x0021,0x0021,0x0000,0x0000,0x0000,0x0000,0x0020,0x0020,
  0x0000,0x0000,0x0000,0x0000,0x0020,0x0021,0x0021,0x0021,0x0021,0x0020,0x0020,0x0021,
  0x0041,0x0862,0x0041,0x0021,0x0841,0x1082,0x1082,0x0861,0x0841,0x0041,0x0021,0x0021,
  0x0021,0x0841,0x0861,0x2145,0x2987,0x29A7,0x31A8,0x31A8,0x29A8,0x29A7,0x29A7,0x2987,
  0x2987,0x2987,0x2987,0x2166,0x2987,0x2987,0x2167,0x2987,0x2987,0x2987,0x2987,0x2167,
  0x2187,0x2187,0x2987,0x10C4,0x0862,0x0882,0x0882,0x0862,0x0862,0x0882,0x0882,0x0862,
  0x0862,0x0882,0x1083,0x10A3,0x2966,0x31A7,0x31A7,0x31A7,0x2966,0x39E8,0x39A8,0x29A7,
  0x31C8,0x31C8,0x29A7,0x29A7,0x2987,0x2987,0x2987,0x29A7,0x2166,0x2987,0x2166,0x2146,
  0x2146,0x2146,0x2146,0x2167,0x2146,0x2146,0x2166,0x2146,0x1926,0x2146,0x2146,0x2166,
  0x2166,0x2166,0x2166,0x2166,0x2166,0x2187,0x2987,0x29A7,0x29C8,0x29C8,0x31E9,0x29A8,
  0x31E9,0x3209,0x31E9,0x31E9,0x29C8,0x31E9,0x31E9,0x2967,0x2987,0x2967,0x2967,0x2146,
  0x18E4,0x2987,0x10E4,0x10E4,0x08A3,0x0882,0x0821,0x0821,0x0841,0x0862,0x0842,0x0842,
  0x0862,0x1062,0x0862,0x0862,0x0882,0x08A3,0x10C3,0x18E4,0x0041,0x0883,0x0042,0x1926,
  0x2166,0x2187,0x2187,0x29A8,0x29C8,0x29C8,0x29A8,0x2167,0x2147,0x2167,0x2167,0x2167,
  0x1946,0x2146,0x2166,0x1905,0x0883,0x0862,0x0842,0x0861,0x0861,0x0882,0x18E4,0x10C3,
  0x0882,0x0862,0x0862,0x0882,0x0862,0x0882,0x0882,0x0882,0x0862,0x0862,0x0862,0x0041,
  0x0021,0x0021,0x0021,0x0021,0x0021,0x0021,0x0021,0x0000,0x0021,0x0021,0x0021,0x0021,
  0x0021,0x0021,0x0021,0x0021,0x0020,0x0020,0x0000,0x0021,0x0000,0x0000,0x0000,0x0861,
  0x10C3,0x0020,0x0000,0x0000,0x0000,0x0000,0x0000,0x0000,0x0000,0x0000,0x0021,0x0841,
  0x0000,0x0861,0x18C3,0x0861,0x0021,0x0882,0x2146,0x2146,0x1946,0x1925,0x1925,0x2146,
  0x2145,0x1905,0x0041,0x0021,0x0021,0x0021,0x0021,0x0000,0x0000,0x0000,0x0000,0x0000,
  0x0000,0x0000,0x0000,0x0000,0x0000,0x0000,0x0021,0x0021,0x0041,0x0841,0x0041,0x0041,
  0x0841,0x0882,0x0842,0x0021,0x0041,0x0861,0x0861,0x0841,0x0041,0x0021,0x0021,0x0021,
  0x0021,0x0021,0x0882,0x2166,0x29A7,0x29A7,0x31C8,0x31C8,0x29A8,0x29A7,0x29A7,0x2987,
  0x2987,0x2987,0x2987,0x2987,0x2987,0x2987,0x29A7,0x2987,0x2987,0x29A7,0x2987,0x2987,
  0x29A7,0x2187,0x2987,0x1925,0x0882,0x0862,0x1082,0x0861,0x0861,0x10A3,0x10A3,0x0882,
  0x0862,0x0862,0x1082,0x1082,0x18C3,0x31A7,0x39A7,0x51C7,0x51A7,0x3967,0x39A7,0x31C7,
  0x31C8,0x31C8,0x31C8,0x29A7,0x29A7,0x29A7,0x2987,0x2987,0x2166,0x2166,0x2987,0x2166,
  0x2146,0x2146,0x2166,0x31A8,0x2146,0x2146,0x2967,0x2987,0x2987,0x2166,0x2166,0x2967,
  0x2987,0x2166,0x2166,0x2166,0x2167,0x2987,0x2987,0x29A8,0x29A8,0x31C8,0x31E9,0x320A,
  0x320A,0x3A2A,0x3A2A,0x31E9,0x29C8,0x29A8,0x29A8,0x2987,0x31A8,0x2987,0x2966,0x2987,
  0x2146,0x2146,0x10E4,0x10C3,0x0883,0x0882,0x0041,0x0862,0x0841,0x0841,0x1062,0x1062,
  0x0862,0x0842,0x10C3,0x0062,0x10C3,0x10A3,0x0021,0x0021,0x0021,0x10A3,0x10A3,0x1905,
  0x2187,0x2167,0x2187,0x29C8,0x29E9,0x29C8,0x2188,0x2187,0x2187,0x2187,0x2187,0x2187,
  0x2167,0x2126,0x2966,0x10A3,0x0882,0x0862,0x0841,0x0861,0x0861,0x10E3,0x2146,0x10A3,
  0x0862,0x0862,0x0882,0x0862,0x0882,0x1082,0x0882,0x0882,0x0862,0x0862,0x0862,0x0862,
  0x0841,0x0021,0x0021,0x0021,0x0021,0x0000,0x0041,0x0021,0x0021,0x0021,0x0021,0x0021,
  0x0021,0x0021,0x0021,0x0021,0x0021,0x0000,0x0000,0x0021,0x0000,0x0000,0x0000,0x0000,
  0x0041,0x10C3,0x0861,0x0000,0x0000,0x0000,0x0000,0x0000,0x0000,0x0000,0x0020,0x0000,
  0x1082,0x18E3,0x18E3,0x1082,0x0021,0x0862,0x2146,0x2146,0x1945,0x1945,0x1945,0x1945,
  0x1925,0x0862,0x0021,0x0021,0x0021,0x0021,0x0021,0x0021,0x0021,0x0000,0x0000,0x0000,
  0x0000,0x0000,0x0000,0x0000,0x0000,0x0000,0x0020,0x0021,0x0841,0x0861,0x0882,0x0862,
  0x0862,0x0862,0x0821,0x0021,0x0041,0x0841,0x0041,0x0041,0x0041,0x0021,0x0021,0x0021,
  0x0841,0x0841,0x18E4,0x2986,0x29A7,0x31C7,0x31C7,0x31C8,0x29A8,0x31C8,0x29A7,0x29A7,
  0x2987,0x2987,0x2987,0x2987,0x2987,0x2987,0x29A7,0x3A09,0x29A7,0x2987,0x2987,0x29A7,
  0x29A7,0x29A7,0x2187,0x2166,0x10C3,0x0882,0x10A3,0x0862,0x0862,0x0882,0x10E4,0x10C4,
  0x0883,0x0862,0x0862,0x1082,0x1062,0x2945,0x3987,0x8288,0x82CA,0x28E4,0x3186,0x31C7,
  0x31C7,0x31E8,0x31C8,0x31C8,0x31C8,0x29A8,0x29A7,0x2987,0x2987,0x2987,0x2987,0x2987,
  0x2987,0x2166,0x31E8,0x2987,0x2166,0x2967,0x29A7,0x29A7,0x2987,0x2987,0x2987,0x29A7,
  0x29A7,0x29A7,0x2987,0x2987,0x2987,0x2987,0x29A7,0x29A8,0x29A8,0x31E9,0x3209,0x320A,
  0x3A0A,0x320A,0x3A0A,0x31C8,0x31E8,0x29C8,0x2988,0x2988,0x2987,0x2987,0x2987,0x31E8,
  0x1925,0x0883,0x08A3,0x08A3,0x0082,0x0882,0x0062,0x0862,0x0021,0x1062,0x0882,0x0882,
  0x0862,0x1083,0x10A3,0x08A2,0x08A3,0x0041,0x0000,0x0000,0x0000,0x0041,0x10A3,0x10E4,
  0x2187,0x2167,0x2187,0x2187,0x2187,0x29A8,0x29A8,0x2188,0x2187,0x2187,0x2187,0x2187,
  0x2166,0x1946,0x2146,0x10A3,0x0862,0x0862,0x0862,0x0841,0x0882,0x1925,0x2987,0x1904,
  0x0862,0x0862,0x0862,0x0862,0x18E4,0x10A3,0x10C3,0x10A3,0x0882,0x0882,0x0862,0x0862,
  0x0041,0x0041,0x0041,0x0041,0x0021,0x0041,0x0041,0x0021,0x0021,0x0021,0x0021,0x0021,
  0x0021,0x0021,0x0021,0x0021,0x0021,0x0000,0x0000,0x0000,0x0000,0x0000,0x0000,0x0000,
  0x0000,0x0041,0x18E3,0x10A3,0x0000,0x0000,0x0000,0x0000,0x0000,0x0000,0x0020,0x0020,
  0x1082,0x18C3,0x1082,0x0861,0x0841,0x0882,0x2146,0x2146,0x1946,0x1946,0x1946,0x1945,
  0x1905,0x0862,0x0041,0x0021,0x0021,0x0021,0x0021,0x0021,0x0020,0x0000,0x0000,0x0000,
  0x0000,0x0000,0x0000,0x0000,0x0000,0x0000,0x0020,0x0021,0x0021,0x0841,0x0882,0x0862,
  0x1082,0x0862,0x0021,0x0021,0x0021,0x0021,0x0021,0x0021,0x0021,0x0021,0x0041,0x0841,
  0x0841,0x0842,0x2125,0x29A7,0x29A7,0x29A7,0x31C8,0x31C8,0x31C8,0x31C8,0x29A7,0x29A7,
  0x29A7,0x29A7,0x2987,0x29A7,0x29A7,0x29A7,0x29A7,0x31E8,0x3A09,0x29A7,0x2987,0x29A7,
  0x29A7,0x29A7,0x2166,0x2986,0x1925,0x0883,0x10A3,0x0862,0x0862,0x0862,0x10A3,0x18E4,
  0x10C3,0x0882,0x0862,0x1082,0x1062,0x18C3,0x6248,0xD4EF,0xB42D,0x3104,0x3166,0x2986,
  0x29A7,0x39E8,0x31E8,0x31C8,0x31C8,0x31C8,0x29A7,0x29A7,0x29A7,0x29A7,0x2987,0x31A7,
  0x31A7,0x29A7,0x31C8,0x2987,0x2987,0x2987,0x29A7,0x2987,0x2987,0x29A7,0x29A7,0x31C8,
  0x31C8,0x29A7,0x29A7,0x2987,0x29A7,0x31C8,0x31C8,0x29A8,0x31E8,0x31E9,0x31E9,0x31E9,
  0x31E9,0x31E9,0x31E9,0x31C8,0x31E8,0x31C8,0x31C8,0x29A8,0x2987,0x29A7,0x31A7,0x3A09,
  0x10E4,0x0862,0x08A3,0x0883,0x10C3,0x0882,0x0041,0x0842,0x0842,0x0842,0x0841,0x0862,
  0x0842,0x1083,0x10C3,0x0882,0x10A3,0x0041,0x0000,0x0021,0x0000,0x0000,0x0021,0x0062,
  0x2166,0x2988,0x31E9,0x29C8,0x21A8,0x21A7,0x2988,0x2988,0x29A8,0x29A7,0x2187,0x21A7,
  0x2166,0x2146,0x10E4,0x10E4,0x0882,0x0862,0x0862,0x0862,0x10C4,0x2145,0x2966,0x18E4,
  0x0862,0x0862,0x0862,0x10C3,0x2966,0x10C3,0x1905,0x0883,0x0882,0x0862,0x0862,0x0862,
  0x0041,0x0862,0x0862,0x0862,0x0841,0x0841,0x0041,0x0041,0x0041,0x0041,0x0021,0x0021,
  0x0021,0x0021,0x0021,0x0021,0x0021,0x0000,0x0000,0x0000,0x0000,0x0000,0x0000,0x0000,
  0x0000,0x0000,0x0841,0x18C3,0x1082,0x0841,0x0021,0x0021,0x0000,0x0021,0x0021,0x0841,
  0x0861,0x1082,0x0020,0x0862,0x10A3,0x0862,0x1925,0x2987,0x29A7,0x1946,0x2146,0x2146,
  0x18E4,0x0042,0x0041,0x0041,0x0021,0x0021,0x0021,0x0021,0x0020,0x0000,0x0000,0x0000,
  0x0000,0x0000,0x0000,0x0000,0x0000,0x0000,0x0020,0x0020,0x0020,0x0021,0x0841,0x0841,
  0x0841,0x0862,0x0021,0x0021,0x0021,0x0021,0x0021,0x0021,0x0021,0x0021,0x0041,0x0841,
  0x0021,0x10C3,0x2146,0x29A7,0x29A7,0x31C8,0x31C8,0x31C8,0x31C8,0x31C8,0x29A7,0x29C7,
  0x29C8,0x29A7,0x29A7,0x29A7,0x29A7,0x29A7,0x29A7,0x29A7,0x3A09,0x3A29,0x29A7,0x29A7,
  0x29A7,0x29A7,0x2987,0x29A7,0x2966,0x0862,0x0883,0x0882,0x0882,0x0862,0x0862,0x10C3,
  0x18E4,0x10A3,0x0862,0x0882,0x1083,0x1882,0x3923,0x49A5,0x6A68,0x3145,0x3165,0x2124,
  0x31A6,0x4249,0x31E8,0x31E8,0x31C8,0x31C8,0x31C8,0x29A8,0x29A7,0x31A8,0x31C8,0x31A7,
  0x2987,0x31A8,0x29A7,0x29A7,0x29A7,0x29A7,0x29A7,0x29A7,0x29A7,0x31C8,0x31C8,0x31C8,
  0x31C8,0x31C8,0x29A7,0x29A7,0x31C8,0x31C8,0x31E9,0x31C8,0x31E9,0x3A09,0x3A2A,0x31E9,
  0x31C9,0x3209,0x3A0A,0x39E9,0x3209,0x31E8,0x31E9,0x31C8,0x29A8,0x29A7,0x31C8,0x73D0,
  0x2987,0x0042,0x10A3,0x0883,0x10C3,0x0882,0x0841,0x0882,0x0862,0x0841,0x0842,0x0842,
  0x0862,0x0862,0x0041,0x0862,0x0842,0x0001,0x0000,0x0041,0x0862,0x0001,0x0001,0x0020,
  0x1104,0x29A8,0x29A8,0x29A8,0x29A8,0x29A8,0x2987,0x29A8,0x29A8,0x29A8,0x29A8,0x29A8,
  0x2166,0x1946,0x10C4,0x10C3,0x0862,0x0862,0x0862,0x10A3,0x2145,0x2987,0x2146,0x0883,
  0x0862,0x0862,0x0861,0x2125,0x2966,0x10A3,0x10A3,0x0862,0x0842,0x0842,0x0862,0x0882,
  0x0882,0x0862,0x0862,0x0841,0x0041,0x0841,0x0841,0x0862,0x0882,0x1082,0x0882,0x0841,
  0x0041,0x0041,0x0862,0x0021,0x0020,0x0000,0x0000,0x0000,0x0000,0x0000,0x0000,0x0000,
  0x0000,0x0000,0x0020,0x0021,0x0841,0x1082,0x10A3,0x18C3,0x10A3,0x10A2,0x0841,0x0020,
  0x0041,0x0021,0x0021,0x18E4,0x1904,0x0062,0x1925,0x2166,0x2166,0x1946,0x2145,0x2146,
  0x10C4,0x0041,0x0041,0x0041,0x0021,0x0021,0x0021,0x0021,0x0020,0x0000,0x0000,0x0000,
  0x0000,0x0000,0x0000,0x0000,0x0000,0x0000,0x0020,0x0020,0x0000,0x0020,0x0021,0x0041,
  0x0841,0x0841,0x0021,0x0021,0x0041,0x0041,0x0041,0x0021,0x0021,0x0041,0x0841,0x0041,
  0x10A3,0x2966,0x2146,0x2987,0x29A7,0x31C8,0x31E8,0x31C8,0x29C8,0x29C8,0x29C8,0x29C8,
  0x29C8,0x29C8,0x29A8,0x29A7,0x29A8,0x29A8,0x29A7,0x29A7,0x29A7,0x31C8,0x31E8,0x31C8,
  0x31C8,0x29A8,0x2987,0x31A7,0x2987,0x10C4,0x0883,0x08A3,0x0882,0x0882,0x0862,0x10A3,
  0x18E4,0x18E4,0x0882,0x0862,0x1083,0x1882,0x3103,0x20C3,0x1083,0x18C3,0x10A2,0x18C3,
  0x2125,0x31C7,0x29A7,0x31E8,0x31E8,0x31C8,0x31C8,0x31C8,0x31E8,0x31E8,0x39E8,0x31C8,
  0x31A7,0x31C8,0x29A7,0x29A7,0x31C8,0x31C8,0x29A8,0x29A8,0x31C8,0x31C8,0x29A8,0x2987,
  0x31C8,0x31C8,0x31C8,0x31C8,0x31C9,0x31E8,0x29A8,0x31E8,0x3A09,0x3A2A,0x3A2A,0x31E9,
  0x31E9,0x3A09,0x3A09,0x39E9,0x31E9,0x3209,0x31E9,0x39E9,0x31E9,0x29A8,0x424A,0x4A8B,
  0x29A7,0x10A3,0x0882,0x0062,0x0862,0x0882,0x0882,0x0862,0x0841,0x0842,0x1082,0x0882,
  0x0862,0x0862,0x0042,0x0862,0x0862,0x0041,0x0000,0x0021,0x10A2,0x0041,0x0021,0x0020,
  0x0882,0x2987,0x2988,0x29A8,0x29A8,0x31E9,0x3A09,0x29A8,0x31C8,0x29C8,0x29A8,0x29C8,
  0x2166,0x2166,0x1925,0x10A3,0x0862,0x0862,0x0862,0x1905,0x2166,0x2126,0x2146,0x0883,
  0x0841,0x0862,0x0862,0x2125,0x2146,0x0883,0x0883,0x0842,0x0041,0x0021,0x0862,0x0862,
  0x0041,0x0021,0x0021,0x0862,0x0882,0x0862,0x0862,0x0862,0x10A3,0x10A3,0x0862,0x0862,
  0x0841,0x0862,0x1083,0x0041,0x0020,0x0020,0x0020,0x0000,0x0000,0x0000,0x0000,0x0000,
  0x0000,0x0000,0x0000,0x0000,0x0020,0x0021,0x0841,0x0841,0x0861,0x0841,0x0020,0x0020,
  0x0021,0x0041,0x08A2,0x1904,0x1904,0x0882,0x1925,0x2166,0x2166,0x1925,0x10C3,0x08A2,
  0x0862,0x0041,0x0041,0x0040,0x0020,0x0021,0x0021,0x0021,0x0021,0x0000,0x0000,0x0000,
  0x0001,0x0000,0x0000,0x0000,0x0020,0x0020,0x0020,0x0020,0x0020,0x0020,0x0020,0x0021,
  0x0041,0x0041,0x0021,0x0021,0x0041,0x0841,0x0841,0x0041,0x0841,0x0841,0x0862,0x0882,
  0x2146,0x29A7,0x2166,0x2987,0x29A7,0x31C8,0x31C8,0x29E8,0x29C8,0x31C8,0x31C8,0x31C8,
  0x31C8,0x29C8,0x31C8,0x31C8,0x31C8,0x29A7,0x29A7,0x31C8,0x31C8,0x31C8,0x31E8,0x31E8,
  0x31C8,0x29A8,0x29A7,0x31C8,0x31A7,0x1905,0x0883,0x08A3,0x08A3,0x0883,0x0862,0x0862,
  0x10E4,0x1905,0x10A3,0x0862,0x1082,0x18A3,0x28E3,0x3944,0x18A3,0x10C3,0x10C3,0x2104,
  0x10A3,0x1905,0x2967,0x31C8,0x31E8,0x31E8,0x31C8,0x31E8,0x3A09,0x31C8,0x31C8,0x39E8,
  0x31C7,0x31C8,0x31A8,0x31A7,0x31E8,0x31E8,0x31C8,0x31C8,0x31E8,0x31E8,0x31A8,0x2987,
  0x31C8,0x31C8,0x31E9,0x31E9,0x31E9,0x31E9,0x31C8,0x3209,0x3209,0x3A09,0x31E9,0x31E9,
  0x31E9,0x31E9,0x39E9,0x39E9,0x3A09,0x39E9,0x31E9,0x3A09,0x31E9,0x31C8,0x428B,0x2187,
  0x29A7,0x08A3,0x0041,0x0062,0x0862,0x0883,0x0862,0x0862,0x0841,0x1062,0x0862,0x0862,
  0x0062,0x0862,0x0862,0x0862,0x0841,0x0861,0x0020,0x0020,0x0021,0x0041,0x0021,0x0021,
  0x0042,0x2166,0x29A7,0x29A8,0x29A8,0x31E9,0x3A09,0x2987,0x29C8,0x2987,0x2987,0x2187,
  0x2187,0x1925,0x10E4,0x10C3,0x0062,0x0882,0x08A3,0x2166,0x29A8,0x1905,0x2146,0x0883,
  0x0861,0x0841,0x0882,0x2966,0x1905,0x10C3,0x10A3,0x0862,0x0041,0x0021,0x0862,0x0862,
  0x0021,0x0021,0x0021,0x0041,0x0841,0x0841,0x0841,0x0862,0x0882,0x0882,0x0841,0x0862,
  0x0862,0x0882,0x0862,0x0862,0x0841,0x0020,0x0020,0x0020,0x0000,0x0000,0x0000,0x0000,
  0x0000,0x0000,0x0000,0x0000,0x0000,0x0021,0x0821,0x0841,0x0021,0x0021,0x0021,0x0020,
  0x0021,0x0041,0x10C3,0x2145,0x1904,0x0883,0x1925,0x2166,0x2166,0x1925,0x0882,0x0041,
  0x0041,0x0041,0x0041,0x0021,0x0020,0x0021,0x0021,0x0021,0x0021,0x0001,0x0001,0x0001,
  0x0001,0x0000,0x0000,0x0000,0x0020,0x0020,0x0020,0x0020,0x0020,0x0020,0x0000,0x0021,
  0x0021,0x0021,0x0021,0x0021,0x0021,0x0841,0x0861,0x0041,0x0841,0x0861,0x0882,0x1904,
  0x2986,0x2987,0x29A7,0x29A7,0x31C8,0x31C8,0x31C8,0x31C8,0x31C8,0x31C8,0x3A09,0x3A09,
  0x3A08,0x31C8,0x31C8,0x31C8,0x31E8,0x31C8,0x31A8,0x31C8,0x31C8,0x31E8,0x31E8,0x31C8,
  0x31C8,0x31C8,0x29A7,0x31E8,0x31C7,0x2986,0x0883,0x08A3,0x10A3,0x10A3,0x0862,0x0862,
  0x10C4,0x1905,0x18E4,0x0862,0x1082,0x1083,0x1882,0x28E3,0x18A3,0x10A3,0x10E3,0x2125,
  0x18E4,0x1925,0x31E8,0x31E8,0x31E8,0x31E8,0x31E8,0x31E8,0x31E8,0x31E8,0x31C8,0x31E8,
  0x39C8,0x31A8,0x31C8,0x39E9,0x31C8,0x31E8,0x31E8,0x31E8,0x31E8,0x3A09,0x39E9,0x31C8,
  0x3A09,0x3A09,0x3A0A,0x3A09,0x3A09,0x3A09,0x31E9,0x31E9,0x3A09,0x3A2A,0x31E9,0x31E9,
  0x3209,0x3A09,0x3A09,0x3A09,0x3A09,0x31E9,0x31C8,0x31C9,0x31E9,0x31E9,0x424A,0x2146,
  0x2166,0x0062,0x0042,0x0041,0x0062,0x0882,0x0862,0x0862,0x0862,0x1062,0x0841,0x0041,
  0x0883,0x0883,0x0862,0x0021,0x0882,0x0882,0x0000,0x0000,0x0021,0x0041,0x0021,0x0021,
  0x0041,0x2146,0x2987,0x2167,0x2167,0x2146,0x2146,0x2146,0x2167,0x1946,0x1926,0x1925,
  0x2166,0x1905,0x10E4,0x10C3,0x0862,0x10A3,0x1905,0x2987,0x29A7,0x2166,0x2125,0x0862,
  0x0841,0x0062,0x10C3,0x2986,0x2145,0x1904,0x10C3,0x0862,0x0021,0x0021,0x0862,0x0862,
  0x0041,0x0021,0x0041,0x0841,0x0041,0x0021,0x0041,0x0862,0x0041,0x0041,0x0861,0x0861,
  0x0862,0x0862,0x0882,0x1082,0x0862,0x0861,0x0861,0x0862,0x0861,0x0041,0x0020,0x0000,
  0x0000,0x0000,0x0000,0x0000,0x0020,0x0821,0x0841,0x0021,0x0000,0x0020,0x0841,0x0021,
  0x0021,0x0041,0x10A3,0x2125,0x1905,0x10C4,0x2126,0x2146,0x2146,0x10C4,0x0862,0x0841,
  0x0841,0x0841,0x0041,0x0021,0x0021,0x0021,0x0021,0x0021,0x0021,0x0021,0x0021,0x0021,
  0x0021,0x0021,0x0021,0x0021,0x0021,0x0021,0x0020,0x0020,0x0020,0x0020,0x0020,0x0021,
  0x0021,0x0021,0x0021,0x0021,0x0041,0x0041,0x0021,0x0841,0x0841,0x0841,0x18C3,0x2986,
  0x2987,0x29A7,0x31C8,0x31C8,0x31C8,0x31C8,0x31E8,0x31E8,0x1925,0x31E8,0x3A09,0x3A08,
  0x2146,0x31C8,0x31E8,0x31C8,0x31E8,0x31E8,0x31C8,0x31E8,0x31E8,0x31E8,0x31E9,0x31C8,
  0x31E8,0x31E8,0x29C7,0x31E8,0x29A7,0x31C8,0x08A3,0x0882,0x10A3,0x10C3,0x10A3,0x0862,
  0x18C4,0x1905,0x18E4,0x0862,0x0862,0x1082,0x1062,0x1882,0x10A3,0x10C3,0x10C4,0x10C4,
  0x10E4,0x10A3,0x29A7,0x3A09,0x3A09,0x31E8,0x31E8,0x31E8,0x3A09,0x3A09,0x31E8,0x31E8,
  0x4209,0x4209,0x4229,0x3A29,0x39E8,0x39E9,0x31E8,0x39E8,0x4229,0x3A29,0x4209,0x4209,
  0x3A29,0x3A2A,0x3A2A,0x424A,0x3A2A,0x3A2A,0x3A09,0x31E9,0x3A29,0x3A0A,0x3A09,0x3A09,
  0x3A2A,0x422A,0x3A09,0x3A09,0x3A2A,0x31E9,0x31C8,0x31E9,0x31E9,0x3A09,0x31C8,0x1905,
  0x2146,0x0082,0x0041,0x0062,0x0882,0x0883,0x0862,0x0041,0x1082,0x1062,0x0041,0x10A3,
  0x10C3,0x0883,0x0862,0x0041,0x0862,0x0021,0x0021,0x0021,0x0021,0x0041,0x0862,0x0041,
  0x0021,0x10E4,0x2146,0x2146,0x2146,0x2166,0x2166,0x2146,0x2146,0x2146,0x2146,0x1946,
  0x1946,0x1905,0x1925,0x10A3,0x0883,0x18E4,0x2166,0x29A7,0x2987,0x2987,0x10A4,0x0042,
  0x0841,0x0882,0x1905,0x2166,0x1904,0x2145,0x1925,0x0882,0x0021,0x0021,0x0041,0x0041,
  0x0041,0x0041,0x0021,0x0041,0x0021,0x0021,0x0021,0x0041,0x0041,0x0841,0x0861,0x0841,
  0x0841,0x0862,0x0841,0x0862,0x0862,0x0862,0x0861,0x0841,0x0841,0x0841,0x0841,0x0000,
  0x0000,0x0000,0x0000,0x0000,0x0000,0x0020,0x0021,0x0020,0x0020,0x0021,0x0020,0x0021,
  0x0021,0x0841,0x0862,0x1904,0x2125,0x1925,0x2146,0x2145,0x2145,0x10C4,0x0862,0x0841,
  0x0841,0x0841,0x0841,0x0041,0x0021,0x0021,0x0021,0x0021,0x0021,0x0021,0x0021,0x0021,
  0x0000,0x0000,0x0021,0x0021,0x0020,0x0020,0x0020,0x0020,0x0020,0x0020,0x0020,0x0021,
  0x0021,0x0021,0x0021,0x0041,0x0841,0x0041,0x0041,0x0041,0x0841,0x0841,0x18C3,0x2986,
  0x2987,0x31A7,0x31C8,0x31C8,0x31C8,0x31C8,0x31E8,0x31E8,0x1905,0x1905,0x10C4,0x0882,
  0x2166,0x31E8,0x31E8,0x31E8,0x31E8,0x31E8,0x31E8,0x31E8,0x31E8,0x31E8,0x31E8,0x31E8,
  0x31E9,0x3A09,0x31C8,0x3A08,0x29A7,0x31E8,0x10E4,0x0882,0x10A3,0x10A3,0x10C3,0x0862,
  0x0883,0x18E4,0x1904,0x0882,0x0862,0x0862,0x1062,0x1082,0x10A3,0x10C4,0x10E4,0x10C4,
  0x10C4,0x10A3,0x2166,0x3A09,0x31E9,0x3A09,0x3A09,0x3A09,0x3A29,0x3A09,0x3A29,0x3A09,
  0x4A4A,0x4A6A,0x4A4A,0x422A,0x39E9,0x3A09,0x3A09,0x3A09,0x3A09,0x31A7,0x41E9,0x4209,
  0x424A,0x424A,0x3A29,0x3A2A,0x3A2A,0x426B,0x3A2A,0x31E9,0x3A29,0x3A2A,0x3A09,0x3A2A,
  0x422A,0x3A09,0x31E8,0x31E8,0x3A09,0x31E9,0x2987,0x3A09,0x31E9,0x3A09,0x2166,0x10E4,
  0x2146,0x08A3,0x0062,0x0862,0x08A3,0x10A3,0x0041,0x0021,0x0862,0x1082,0x0841,0x0862,
  0x0882,0x0882,0x0883,0x0862,0x0042,0x0042,0x0021,0x0862,0x0861,0x0041,0x0862,0x0021,
  0x0021,0x08A3,0x2166,0x2167,0x2167,0x2167,0x2167,0x2166,0x2166,0x2166,0x2167,0x2167,
  0x2166,0x1926,0x1925,0x08A3,0x08A3,0x2125,0x2987,0x29A7,0x29A7,0x2166,0x10C4,0x0862,
  0x0842,0x10C3,0x2166,0x2986,0x2146,0x1925,0x1904,0x0862,0x0041,0x0021,0x0021,0x0021,
  0x0041,0x0041,0x0021,0x0021,0x0000,0x0000,0x0020,0x0020,0x0041,0x0841,0x0041,0x0021,
  0x0021,0x0841,0x0841,0x0841,0x0041,0x0041,0x0020,0x0021,0x0020,0x0020,0x0020,0x0000,
  0x0020,0x0861,0x1082,0x1082,0x0861,0x1082,0x18C3,0x10A2,0x1081,0x10A2,0x0862,0x0861,
  0x1082,0x0861,0x0041,0x10C3,0x1945,0x2146,0x2146,0x2146,0x1925,0x10A3,0x0842,0x0842,
  0x0862,0x0862,0x0041,0x0021,0x0021,0x0021,0x0021,0x0041,0x0041,0x0021,0x0021,0x0021,
  0x0021,0x0021,0x0021,0x0021,0x0020,0x0020,0x0020,0x0020,0x0020,0x0020,0x0021,0x0021,
  0x0021,0x0021,0x0021,0x0021,0x0841,0x0861,0x0861,0x0841,0x0041,0x0861,0x10A3,0x3187,
  0x4229,0x31A7,0x31C8,0x31C8,0x31E8,0x31E8,0x31E8,0x31E8,0x31C8,0x10E4,0x18E4,0x10A3,
  0x1905,0x3A09,0x31E8,0x31E8,0x31E9,0x3A09,0x3A09,0x3A09,0x31E9,0x31E9,0x31E9,0x31E9,
  0x3A09,0x3A09,0x31E8,0x3A08,0x29A7,0x39E8,0x1905,0x0882,0x10C3,0x10A3,0x0882,0x0882,
  0x0862,0x10A3,0x18E4,0x1083,0x0862,0x0862,0x1082,0x0882,0x10A3,0x10C3,0x10E4,0x10A3,
  0x1904,0x1905,0x1905,0x3A09,0x3A29,0x4229,0x3A09,0x4229,0x422A,0x424A,0x424A,0x4A6A,
  0x4A4A,0x526B,0x52CB,0x4A4A,0x4229,0x3A29,0x3A09,0x31C8,0x10E4,0x10C4,0x1905,0x424A,
  0x424A,0x4A8A,0x31E8,0x3A29,0x4A6B,0x426B,0x424A,0x31E9,0x3A09,0x3A29,0x3A29,0x424A,
  0x31E8,0x31C8,0x39E8,0x3A29,0x3A09,0x2987,0x2146,0x3A29,0x3A09,0x3A09,0x1925,0x10C4,
  0x2146,0x10C4,0x0883,0x0883,0x0883,0x10A2,0x0041,0x0021,0x0821,0x0841,0x0041,0x0041,
  0x0882,0x1083,0x0862,0x0862,0x0862,0x0862,0x0042,0x0001,0x0021,0x0021,0x0001,0x0021,
  0x0001,0x0862,0x2146,0x2167,0x2167,0x2187,0x29A8,0x29A7,0x2187,0x2187,0x2167,0x2187,
  0x2167,0x1926,0x10E4,0x10C3,0x10C4,0x2166,0x29A7,0x29A7,0x29C8,0x2146,0x10A3,0x0862,
  0x0882,0x1905,0x2967,0x2987,0x1925,0x1905,0x10C3,0x0862,0x0842,0x0041,0x0041,0x0021,
  0x0841,0x0041,0x0021,0x0021,0x0000,0x0000,0x0000,0x0020,0x0020,0x0021,0x0020,0x0020,
  0x0021,0x0041,0x0021,0x0000,0x0000,0x0000,0x0000,0x0020,0x0021,0x0821,0x0841,0x0021,
  0x0020,0x0020,0x1081,0x10A2,0x18C3,0x18C3,0x2124,0x18E3,0x2124,0x2104,0x18C3,0x18C3,
  0x10A2,0x1082,0x0841,0x10C3,0x2125,0x2166,0x2146,0x1925,0x1904,0x0883,0x0862,0x0841,
  0x0842,0x0841,0x0041,0x0041,0x0041,0x0041,0x0041,0x0021,0x0021,0x0041,0x0041,0x0041,
  0x0841,0x0862,0x0862,0x0861,0x0861,0x0861,0x0861,0x0041,0x0841,0x0841,0x0841,0x0841,
  0x0041,0x0021,0x0021,0x0020,0x0021,0x0041,0x0841,0x0861,0x0861,0x10A3,0x18A3,0x2125,
  0x39E8,0x29A7,0x31C8,0x31C8,0x31E8,0x3208,0x31E8,0x3209,0x31A8,0x10E4,0x10E4,0x08A3,
  0x08A3,0x31C8,0x3A09,0x31E9,0x3A09,0x3A09,0x424A,0x426A,0x3A09,0x3A09,0x3A09,0x3A09,
  0x3A09,0x31E8,0x31E9,0x31E8,0x2987,0x31E8,0x1904,0x0883,0x10A3,0x10A3,0x10A2,0x0882,
  0x0882,0x10A3,0x18E4,0x10A3,0x0862,0x0862,0x0882,0x0862,0x0882,0x10C3,0x10C3,0x10A3,
  0x10C4,0x2146,0x1905,0x31E8,0x424A,0x3A29,0x422A,0x4229,0x4229,0x424A,0x4A4A,0x3A09,
  0x4A4A,0x528B,0x52AB,0x4A6A,0x4A49,0x4229,0x424A,0x2967,0x10C4,0x10C4,0x1925,0x426A,
  0x424A,0x52CB,0x31E8,0x29A8,0x426B,0x4A6B,0x424A,0x3A09,0x3A29,0x426B,0x426B,0x3A29,
  0x29A8,0x29A8,0x31E8,0x31C8,0x2987,0x2146,0x1905,0x2987,0x31C8,0x3A09,0x1925,0x1905,
  0x10E4,0x10C4,0x08A4,0x0883,0x0883,0x0862,0x0841,0x0841,0x0842,0x0841,0x0841,0x0862,
  0x0862,0x0883,0x0882,0x0862,0x0862,0x0883,0x0042,0x0001,0x0021,0x0021,0x0021,0x0041,
  0x0021,0x0021,0x2146,0x2167,0x29A8,0x29C8,0x31C8,0x3209,0x2987,0x2167,0x2987,0x2987,
  0x2987,0x1905,0x1905,0x10E4,0x1925,0x29A7,0x29A7,0x29A8,0x29A7,0x1925,0x10A3,0x0042,
  0x10E4,0x2166,0x2987,0x2987,0x1905,0x2125,0x10C3,0x0862,0x0062,0x0862,0x0862,0x0041,
  0x0041,0x0041,0x0021,0x0021,0x0020,0x0000,0x0000,0x0000,0x0000,0x0000,0x0000,0x0020,
  0x0021,0x0021,0x0000,0x0000,0x0000,0x0000,0x0000,0x0000,0x0000,0x0020,0x1082,0x0861,
  0x0020,0x18A3,0x2124,0x2104,0x2104,0x18C3,0x1082,0x18E3,0x2965,0x2124,0x10A2,0x10A2,
  0x1082,0x1082,0x0862,0x10C3,0x2145,0x2146,0x2146,0x1925,0x1904,0x0883,0x0862,0x0041,
  0x0041,0x0021,0x0021,0x0041,0x0021,0x0041,0x0021,0x0041,0x0041,0x0041,0x0041,0x0041,
  0x0041,0x0841,0x0861,0x1082,0x0882,0x1082,0x1082,0x1082,0x0882,0x0862,0x0861,0x0862,
  0x0861,0x0041,0x0021,0x0021,0x0021,0x0841,0x1082,0x1082,0x18E4,0x20E4,0x18C3,0x2104,
  0x2986,0x29C7,0x31C8,0x31C8,0x31E8,0x3209,0x3209,0x3A29,0x29A8,0x10C4,0x1904,0x10C4,
  0x10C4,0x29A7,0x3209,0x3A09,0x3A29,0x3A09,0x3A09,0x3A29,0x3A29,0x3A09,0x3A09,0x39E9,
  0x3A2A,0x3A09,0x31E9,0x31E8,0x2987,0x39E8,0x1905,0x10A3,0x10A3,0x10A3,0x10A3,0x0882,
  0x0862,0x10A3,0x18E4,0x10A3,0x0862,0x0882,0x0862,0x10A2,0x0882,0x10A3,0x10C3,0x10C3,
  0x10A3,0x2125,0x2126,0x29A7,0x426A,0x424A,0x422A,0x422A,0x422A,0x424A,0x4229,0x2987,
  0x4209,0x4A6B,0x528B,0x4A6A,0x4A4A,0x424A,0x426A,0x2146,0x10C4,0x10C4,0x1925,0x426A,
  0x426A,0x3A29,0x2166,0x2166,0x422A,0x4A6B,0x4A6B,0x424A,0x3A2A,0x4A6B,0x426B,0x3A09,
  0x2987,0x31C8,0x31A8,0x2167,0x2167,0x2167,0x1925,0x2166,0x29C8,0x31E8,0x1105,0x1905,
  0x1905,0x10C4,0x08A4,0x08A3,0x0883,0x0862,0x0820,0x0862,0x0862,0x0862,0x0842,0x0862,
  0x0862,0x0882,0x0882,0x0862,0x0883,0x0882,0x0041,0x0001,0x0021,0x0021,0x0021,0x0021,
  0x0021,0x0020,0x1925,0x2187,0x29A8,0x29A8,0x29A8,0x2987,0x2167,0x2167,0x29A8,0x2988,
  0x2146,0x1925,0x1925,0x1905,0x2166,0x2987,0x29A7,0x29A8,0x2166,0x1905,0x08A3,0x0883,
  0x2146,0x2987,0x2987,0x2967,0x2146,0x10E4,0x0862,0x0062,0x0062,0x10A3,0x0882,0x0041,
  0x0841,0x0841,0x0041,0x0021,0x0021,0x0020,0x0020,0x0020,0x0020,0x0020,0x0000,0x0020,
  0x0020,0x0020,0x0000,0x0020,0x0000,0x0000,0x0000,0x0000,0x0000,0x0020,0x0841,0x0021,
  0x0021,0x2104,0x18C3,0x0841,0x0841,0x0841,0x0000,0x10A2,0x10A2,0x10A2,0x18C3,0x1082,
  0x0861,0x1082,0x1062,0x18C4,0x2125,0x2146,0x2146,0x1925,0x1905,0x10A3,0x0861,0x0841,
  0x0041,0x0021,0x0021,0x0021,0x0021,0x0021,0x0021,0x0021,0x0021,0x0021,0x0021,0x0021,
  0x0021,0x0021,0x0021,0x0041,0x0841,0x0841,0x0861,0x0862,0x0882,0x0862,0x0882,0x0882,
  0x0861,0x0841,0x0882,0x0882,0x0882,0x10A2,0x18C3,0x20E4,0x2125,0x2104,0x20E4,0x18C3,
  0x2966,0x29C7,0x29C8,0x31E8,0x31E8,0x3A09,0x3A09,0x3A29,0x29C8,0x10E5,0x2146,0x2987,
  0x10C4,0x2166,0x3A09,0x3A09,0x3A4A,0x3209,0x3A09,0x3A09,0x3A29,0x3209,0x3A09,0x3A09,
  0x424A,0x31E9,0x31E8,0x31C8,0x31C8,0x3A09,0x2146,0x10C4,0x10A3,0x10A3,0x10A3,0x10A3,
  0x1083,0x10A3,0x18E4,0x10A3,0x0862,0x0882,0x0862,0x10A3,0x0882,0x10A3,0x18E4,0x18E4,
  0x10E4,0x1905,0x1905,0x2166,0x426A,0x424A,0x4A4A,0x424A,0x4A8B,0x424A,0x31C8,0x2967,
  0x39E9,0x4A6B,0x4A6B,0x4A6A,0x4A6A,0x4A6A,0x4A6A,0x1925,0x2146,0x1925,0x10E4,0x424A,
  0x4A8B,0x29A7,0x2166,0x2166,0x424A,0x5ACD,0x4A8B,0x426B,0x3A2A,0x424A,0x426B,0x3A09,
  0x2987,0x31A8,0x2987,0x2987,0x2167,0x2167,0x1925,0x2187,0x31C8,0x29A8,0x10E4,0x1905,
  0x1905,0x08A3,0x0883,0x0883,0x0883,0x0862,0x0840,0x0842,0x0841,0x0862,0x10A3,0x1082,
  0x0062,0x0862,0x08A3,0x0882,0x0882,0x0882,0x0041,0x0001,0x0021,0x0021,0x0021,0x0021,
  0x0021,0x0000,0x08A3,0x2188,0x29A8,0x2988,0x29A8,0x2147,0x2146,0x2167,0x29A8,0x29A8,
  0x2146,0x2146,0x1926,0x2166,0x2987,0x2987,0x29A8,0x29A8,0x2146,0x1925,0x08A3,0x10E4,
  0x2987,0x2987,0x2987,0x2166,0x1904,0x0882,0x0862,0x0062,0x0882,0x10A3,0x0862,0x0041,
  0x0841,0x0862,0x0841,0x0041,0x0020,0x0020,0x0020,0x0021,0x0041,0x0021,0x0021,0x0021,
  0x0021,0x0021,0x0020,0x0020,0x0020,0x0000,0x0000,0x0000,0x0020,0x0821,0x0021,0x0841,
  0x0821,0x0861,0x0861,0x0000,0x0020,0x0000,0x0020,0x0841,0x0861,0x10A2,0x0861,0x0861,
  0x0861,0x0882,0x10A3,0x1904,0x2125,0x2146,0x2146,0x1925,0x10E4,0x0882,0x0861,0x0841,
  0x0841,0x0041,0x0021,0x0021,0x0021,0x0021,0x0021,0x0021,0x0021,0x0021,0x0021,0x0021,
  0x0020,0x0020,0x0020,0x0020,0x0021,0x0041,0x0841,0x0861,0x0861,0x0861,0x0882,0x0862,
  0x0841,0x0861,0x1082,0x0862,0x0861,0x0841,0x1082,0x18A3,0x18C3,0x10A2,0x18E4,0x2104,
  0x2966,0x31C7,0x31E8,0x31E8,0x31E9,0x3A09,0x3A2A,0x3A09,0x3A09,0x2166,0x2126,0x31E8,
  0x10C4,0x2166,0x3A09,0x3209,0x3A09,0x3209,0x3A09,0x3A09,0x3A09,0x3209,0x29C8,0x31E8,
  0x3A2A,0x31A8,0x31E8,0x31C8,0x31E8,0x3A09,0x1905,0x10A3,0x10A3,0x10A3,0x1082,0x1082,
  0x10A3,0x10C3,0x18C4,0x1083,0x0862,0x0882,0x0882,0x0862,0x0862,0x10C3,0x18E4,0x1904,
  0x1904,0x1925,0x10C4,0x1905,0x3A09,0x424A,0x4A2A,0x4A8B,0x4AAB,0x426A,0x2987,0x2146,
  0x2987,0x4A6B,0x52AB,0x62EC,0x4A6A,0x4A6B,0x424A,0x1905,0x2987,0x31E8,0x2126,0x3A29,
  0x424A,0x2987,0x2166,0x2146,0x3A29,0x5B0D,0x4A6B,0x424A,0x3A09,0x3A0A,0x3A2A,0x3A0A,
  0x29A8,0x2146,0x2967,0x2987,0x2987,0x2166,0x1905,0x1925,0x31E8,0x31C8,0x1905,0x1925,
  0x1925,0x08A3,0x0882,0x0862,0x0883,0x08A3,0x0820,0x0841,0x0841,0x0841,0x0862,0x0882,
  0x0882,0x0883,0x0883,0x0862,0x0882,0x0882,0x0883,0x0021,0x0021,0x0021,0x0020,0x0861,
  0x0862,0x0020,0x0882,0x2988,0x29A8,0x29A8,0x2987,0x2147,0x2147,0x2167,0x31C8,0x39E9,
  0x2167,0x2167,0x2166,0x29A7,0x2987,0x29A8,0x29A8,0x29A8,0x1905,0x1905,0x08A4,0x1926,
  0x2987,0x2987,0x2166,0x1925,0x10E4,0x08A2,0x0862,0x0862,0x10A3,0x0883,0x0862,0x0041,
  0x0841,0x0041,0x0021,0x0020,0x0000,0x0041,0x0841,0x0841,0x0841,0x0861,0x0861,0x0841,
  0x0841,0x0041,0x0021,0x0021,0x0021,0x0020,0x0020,0x0021,0x0841,0x0841,0x0020,0x0000,
  0x0000,0x0000,0x0841,0x0020,0x0020,0x0020,0x0020,0x0020,0x0841,0x0841,0x0020,0x0841,
  0x0861,0x1924,0x1904,0x1925,0x2146,0x2146,0x1925,0x1905,0x1904,0x0862,0x0041,0x0841,
  0x0841,0x0041,0x0021,0x0021,0x0021,0x0021,0x0021,0x0021,0x0021,0x0021,0x0021,0x0020,
  0x0020,0x0020,0x0020,0x0020,0x0020,0x0861,0x0041,0x0041,0x0021,0x0041,0x0841,0x0021,
  0x0041,0x0841,0x0841,0x0041,0x0841,0x0841,0x0841,0x1062,0x1082,0x1082,0x18E3,0x2966,
  0x2987,0x31C8,0x31E8,0x3209,0x3209,0x3209,0x3A09,0x3A09,0x3A09,0x2166,0x31E9,0x3209,
  0x10E4,0x2166,0x3209,0x3208,0x3209,0x3209,0x3A09,0x3A09,0x31E9,0x3A09,0x2987,0x2987,
  0x3A29,0x29A8,0x3209,0x29C8,0x31E8,0x3A09,0x1905,0x10A3,0x10A3,0x10A3,0x1082,0x0882,
  0x10C3,0x10C4,0x10C3,0x0882,0x0882,0x0882,0x0882,0x0882,0x0862,0x10A3,0x10C4,0x1905,
  0x10E4,0x2987,0x1905,0x1905,0x31A7,0x4A2A,0x524A,0x52AB,0x4A8A,0x426A,0x2166,0x2146,
  0x2166,0x424A,0x52AB,0x5A8A,0x4A4A,0x3A09,0x3209,0x1926,0x2166,0x3A29,0x31C8,0x426B,
  0x3A09,0x2146,0x2146,0x2166,0x31E8,0x3A09,0x4A8B,0x424A,0x31E9,0x3A09,0x52AC,0x3A09,
  0x2167,0x2167,0x2987,0x2187,0x2187,0x2166,0x1105,0x1905,0x29A7,0x31E9,0x1905,0x1905,
  0x10E4,0x0882,0x0062,0x10C4,0x1905,0x08A2,0x0841,0x0821,0x0821,0x0842,0x0842,0x0862,
  0x0883,0x0883,0x0882,0x0862,0x0862,0x0882,0x0882,0x0021,0x0021,0x0020,0x0020,0x0861,
  0x10A3,0x0040,0x0862,0x2988,0x2987,0x2167,0x2167,0x2167,0x2187,0x2988,0x2167,0x2987,
  0x2987,0x2187,0x29C8,0x31C8,0x29A8,0x29C8,0x29C8,0x2987,0x2146,0x2126,0x10C4,0x2166,
  0x2987,0x29A7,0x2166,0x1925,0x10C4,0x08A3,0x0041,0x0862,0x10A3,0x0062,0x0041,0x0862,
  0x0841,0x0021,0x0021,0x0020,0x0841,0x0882,0x0021,0x0041,0x0841,0x0841,0x0861,0x0841,
  0x0841,0x0041,0x0041,0x0041,0x0841,0x0021,0x0020,0x0841,0x0841,0x0841,0x0861,0x0861,
  0x1082,0x1082,0x0841,0x0841,0x0841,0x0841,0x0841,0x0841,0x0020,0x0020,0x0021,0x0841,
  0x0841,0x2125,0x1925,0x1925,0x2146,0x2146,0x1926,0x2146,0x10E4,0x0062,0x0861,0x0841,
  0x0841,0x0021,0x0021,0x0021,0x0021,0x0021,0x0021,0x0021,0x0021,0x0021,0x0021,0x0020,
  0x0020,0x0020,0x0020,0x0021,0x0020,0x0841,0x0021,0x0020,0x0020,0x0020,0x0021,0x0021,
  0x0021,0x0021,0x0021,0x0021,0x0021,0x0821,0x0821,0x1062,0x0861,0x1082,0x18E4,0x2986,
  0x31C8,0x31C8,0x31E8,0x3209,0x3209,0x3209,0x31E9,0x3209,0x3209,0x29C8,0x3209,0x31E9,
  0x10E4,0x2166,0x31E9,0x31C8,0x31E8,0x31E8,0x3A29,0x3209,0x31E9,0x3A09,0x29A7,0x1925,
  0x2987,0x2987,0x3209,0x29A7,0x31E8,0x3A29,0x1905,0x0883,0x10A3,0x10A3,0x1082,0x1083,
  0x10C3,0x18E4,0x10C3,0x0882,0x0882,0x0882,0x0882,0x0882,0x0882,0x10C4,0x10C4,0x1925,
  0x1905,0x1905,0x2146,0x1905,0x2125,0x4A09,0x5A8B,0x4A8B,0x4A8B,0x3A49,0x2166,0x2166,
  0x2166,0x422A,0x528B,0x7B4C,0x4209,0x31C9,0x31E8,0x2146,0x1926,0x424A,0x3A09,0x3A29,
  0x31C8,0x2146,0x2987,0x2987,0x3A2A,0x4AAC,0x4AAC,0x424A,0x39E9,0x3A2A,0x52CC,0x39E9,
  0x2167,0x2187,0x2987,0x29A8,0x29C8,0x2146,0x1105,0x1905,0x2146,0x3A2A,0x1926,0x10C4,
  0x10C3,0x0882,0x0041,0x0883,0x10C3,0x0882,0x0841,0x0821,0x0821,0x0841,0x1062,0x0882,
  0x0862,0x0883,0x08A3,0x0882,0x0883,0x1083,0x0862,0x0021,0x0021,0x0020,0x0041,0x0041,
  0x10A3,0x0041,0x0041,0x2147,0x2987,0x2147,0x2147,0x2167,0x2167,0x29A8,0x31C8,0x1926,
  0x2187,0x29C8,0x29C8,0x29C8,0x29C8,0x31C8,0x29A8,0x2167,0x1946,0x1905,0x1904,0x2987,
  0x2987,0x29A7,0x2146,0x1905,0x10E4,0x0062,0x0862,0x0882,0x0882,0x0021,0x0021,0x0041,
  0x0841,0x0021,0x0021,0x0841,0x0862,0x0841,0x0021,0x0021,0x0041,0x0862,0x0862,0x0841,
  0x0841,0x0841,0x0841,0x0841,0x0862,0x10A2,0x0861,0x0861,0x0862,0x1082,0x10A2,0x18C2,
  0x18C3,0x2124,0x18C3,0x0841,0x0861,0x0861,0x0861,0x0841,0x0841,0x0861,0x0841,0x0862,
  0x0842,0x10C3,0x2125,0x2146,0x2146,0x2146,0x2146,0x1925,0x0883,0x0862,0x0861,0x0841,
  0x0041,0x0041,0x0041,0x0021,0x0021,0x0021,0x0021,0x0021,0x0021,0x0021,0x0021,0x0021,
  0x0020,0x0020,0x0020,0x0021,0x0021,0x0020,0x0021,0x0821,0x0021,0x0020,0x0020,0x0020,
  0x0021,0x0841,0x0861,0x1062,0x0821,0x0841,0x0841,0x0841,0x0862,0x18E3,0x2125,0x2986,
  0x31C7,0x31E8,0x31E9,0x3209,0x31E9,0x31E8,0x31E9,0x3209,0x3209,0x320A,0x3209,0x31E8,
  0x10E4,0x2187,0x3209,0x29C8,0x31E8,0x31E8,0x3A09,0x3209,0x31E9,0x3A29,0x422A,0x18E4,
  0x10C4,0x10C4,0x2987,0x31E8,0x39E9,0x3A29,0x2125,0x0883,0x10A3,0x10A3,0x10A3,0x10C3,
  0x10C4,0x18C4,0x10A3,0x0883,0x10A3,0x10A3,0x0883,0x0882,0x0882,0x0883,0x10C4,0x10C4,
  0x10C4,0x10E4,0x2146,0x2125,0x18E4,0x41C8,0x734D,0x4A8B,0x4A6B,0x3A09,0x2166,0x2166,
  0x2166,0x31E8,0x4A6A,0x6B0B,0x4A6B,0x31C9,0x31C8,0x2146,0x1905,0x31C8,0x2987,0x2146,
  0x2967,0x2146,0x2146,0x1926,0x31C8,0x4A8B,0x4AAC,0x426B,0x3A09,0x3A2A,0x426B,0x31C8,
  0x2187,0x2187,0x2187,0x29A8,0x29A8,0x1946,0x1905,0x1946,0x2146,0x3A29,0x1946,0x08A3,
  0x10A3,0x0882,0x0882,0x08A3,0x08A3,0x0882,0x0841,0x0841,0x0842,0x0821,0x0841,0x0862,
  0x0062,0x0883,0x10A3,0x0882,0x10A3,0x10A3,0x0862,0x0021,0x0000,0x0020,0x0041,0x0041,
  0x0862,0x0862,0x0021,0x2146,0x29A8,0x2187,0x2167,0x2167,0x2167,0x2187,0x31C8,0x2167,
  0x29A8,0x29C8,0x29C8,0x29C8,0x29C8,0x29C8,0x29A8,0x2987,0x2146,0x1905,0x2146,0x29A7,
  0x29A7,0x2987,0x2166,0x2166,0x10C4,0x0862,0x0862,0x0882,0x0862,0x0021,0x0021,0x0021,
  0x0021,0x0021,0x0041,0x0841,0x0021,0x0021,0x0021,0x0021,0x0041,0x0841,0x0041,0x0041,
  0x0841,0x0862,0x0841,0x0841,0x0862,0x10A3,0x10A2,0x1082,0x1082,0x10A2,0x0862,0x18C3,
  0x2945,0x2965,0x18C3,0x0020,0x0020,0x0841,0x0861,0x0861,0x0861,0x0861,0x1082,0x0862,
  0x0882,0x10A3,0x1905,0x2166,0x2146,0x2146,0x2146,0x1905,0x08A3,0x0882,0x0061,0x0841,
  0x0841,0x0041,0x0041,0x0021,0x0021,0x0021,0x0021,0x0021,0x0021,0x0020,0x0020,0x0021,
  0x0021,0x0021,0x0041,0x0841,0x0862,0x0841,0x0841,0x0841,0x0021,0x0021,0x0041,0x0041,
  0x0021,0x0841,0x0841,0x1062,0x0841,0x0841,0x0841,0x0861,0x18C3,0x18E3,0x2104,0x31A7,
  0x31C7,0x31E8,0x3209,0x3A2A,0x3209,0x29A7,0x31E8,0x31E9,0x3209,0x3209,0x3209,0x29A7,
  0x10E4,0x29C8,0x31E8,0x29C8,0x29E8,0x29E8,0x31C8,0x31C8,0x31E9,0x3A09,0x31A8,0x10C4,
  0x10C4,0x08A3,0x2987,0x39E9,0x3A09,0x3A09,0x18E4,0x08A3,0x10A3,0x10A3,0x10C3,0x10C4,
  0x18C4,0x10C3,0x0883,0x10A3,0x18E4,0x10A3,0x1083,0x0882,0x0883,0x10A3,0x10C3,0x10C4,
  0x10C4,0x10E4,0x1905,0x2145,0x1904,0x41C8,0x62EC,0x428B,0x426B,0x3A29,0x2166,0x2987,
  0x2166,0x29A8,0x31C8,0x29A8,0x31E9,0x31C8,0x29A8,0x2166,0x10E4,0x2146,0x2166,0x2146,
  0x2146,0x2146,0x1925,0x1925,0x2167,0x426B,0x4A8C,0x4A8B,0x424A,0x3A2A,0x3A2A,0x29A8,
  0x2987,0x2187,0x2987,0x29A8,0x29A8,0x1926,0x1925,0x1926,0x1105,0x4AAB,0x29A7,0x0882,
  0x10C3,0x10A3,0x0882,0x0882,0x08A3,0x0883,0x0041,0x0821,0x0841,0x0821,0x1062,0x0862,
  0x0062,0x08A3,0x0882,0x0882,0x10A3,0x10A3,0x0882,0x0021,0x0000,0x0020,0x0021,0x0021,
  0x0862,0x0862,0x0021,0x1925,0x29A7,0x2167,0x2187,0x2167,0x2146,0x1926,0x3A4A,0x424B,
  0x29E9,0x29C9,0x29C8,0x29C8,0x29C8,0x29C8,0x29C8,0x29A7,0x2167,0x2146,0x2987,0x29A8,
  0x29A8,0x29A7,0x2987,0x2166,0x10C4,0x0883,0x10A3,0x0862,0x0021,0x0021,0x0021,0x0021,
  0x0021,0x0021,0x0021,0x0841,0x0021,0x0021,0x0021,0x0021,0x0021,0x0021,0x0041,0x0841,
  0x0841,0x0041,0x0041,0x0041,0x0021,0x0841,0x1082,0x1082,0x1082,0x10A3,0x2124,0x2966,
  0x2945,0x3186,0x18C3,0x0020,0x0020,0x0861,0x1082,0x1082,0x1082,0x0861,0x10A2,0x1082,
  0x1082,0x2125,0x18E4,0x2146,0x2146,0x2146,0x1905,0x10E4,0x1925,0x10A3,0x0041,0x0041,
  0x0041,0x0041,0x0041,0x0021,0x0021,0x0021,0x0021,0x0021,0x0021,0x0020,0x0020,0x0021,
  0x0041,0x0041,0x0841,0x0862,0x10A3,0x0882,0x0841,0x0862,0x0841,0x0862,0x0862,0x0862,
  0x0861,0x0821,0x0862,0x1062,0x1082,0x18C3,0x18E3,0x18C3,0x1903,0x2124,0x1904,0x31C7,
  0x39E8,0x31E8,0x3209,0x3A2A,0x3209,0x29A7,0x29C8,0x31E9,0x3209,0x3209,0x3209,0x2187,
  0x10E4,0x31E8,0x31E9,0x29A8,0x2166,0x29E8,0x31C8,0x31E8,0x31E8,0x3209,0x2166,0x10E4,
  0x1904,0x0883,0x2987,0x31C8,0x3A09,0x31C8,0x08A3,0x10A3,0x10C3,0x10C4,0x10C3,0x10C3,
  0x10C3,0x10A3,0x10A3,0x10A3,0x10C4,0x10A3,0x10A3,0x10A3,0x10A2,0x10C3,0x10C3,0x10C3,
  0x10E4,0x18E4,0x1905,0x1905,0x1945,0x2166,0x426A,0x428B,0x424B,0x424A,0x2987,0x2987,
  0x2167,0x2167,0x2987,0x29A8,0x31C8,0x29C8,0x31E8,0x29A7,0x10E4,0x1925,0x2166,0x2166,
  0x2187,0x1946,0x1946,0x1925,0x1926,0x424A,0x4AAC,0x4AAC,0x428C,0x42AB,0x3209,0x29A8,
  0x2987,0x2987,0x29A8,0x29A8,0x2987,0x1926,0x2146,0x1946,0x1926,0x424A,0x1105,0x10E4,
  0x10A3,0x0842,0x0842,0x0883,0x08A3,0x0883,0x0021,0x0842,0x0842,0x0821,0x0841,0x0882,
  0x08A3,0x08A3,0x0862,0x0882,0x08A3,0x1083,0x0041,0x0020,0x0020,0x0021,0x0041,0x0021,
  0x0862,0x0842,0x0021,0x18E5,0x29A7,0x2167,0x2147,0x2146,0x2146,0x2987,0x3A09,0x4A2A,
  0x31E9,0x31E9,0x29C8,0x29C8,0x29C8,0x29C8,0x29C8,0x29C8,0x29C8,0x2166,0x29A7,0x29C8,
  0x29C8,0x29A8,0x2987,0x1925,0x1905,0x18E4,0x1905,0x18E4,0x0021,0x0021,0x0021,0x0000,
  0x0000,0x0021,0x0041,0x0021,0x0021,0x0000,0x0000,0x0000,0x0021,0x0021,0x0021,0x0021,
  0x0021,0x0021,0x0041,0x0041,0x0041,0x0841,0x1082,0x18C3,0x2104,0x10A3,0x0882,0x1082,
  0x0841,0x0861,0x18C3,0x18C3,0x18C3,0x1082,0x18C3,0x18E3,0x1082,0x0861,0x1082,0x1082,
  0x1082,0x2166,0x1905,0x1905,0x2166,0x2146,0x1925,0x1925,0x2145,0x10A3,0x0841,0x0041,
  0x0041,0x0041,0x0041,0x0021,0x0021,0x0021,0x0021,0x0021,0x0021,0x0020,0x0020,0x0021,
  0x0841,0x0841,0x0862,0x0882,0x1082,0x0862,0x0861,0x0862,0x0842,0x0842,0x0882,0x1082,
  0x10A2,0x0862,0x1082,0x18A3,0x18A3,0x1904,0x2124,0x2124,0x18C3,0x18C3,0x1904,0x31C7,
  0x31E8,0x31E8,0x3209,0x31E8,0x31E8,0x2987,0x29A8,0x3209,0x3209,0x3209,0x3209,0x2166,
  0x10E4,0x31E8,0x3209,0x29C8,0x2166,0x31E8,0x31C8,0x31E9,0x31E9,0x3209,0x2166,0x10C3,
  0x08A3,0x0883,0x2967,0x31C8,0x31E8,0x2166,0x08A3,0x10A3,0x10C4,0x10C4,0x10C3,0x10C3,
  0x0882,0x0883,0x08A3,0x10A3,0x10C3,0x10A3,0x10A3,0x10C3,0x10A3,0x10C3,0x10C3,0x10C3,
  0x10E4,0x10E4,0x18E4,0x10E4,0x2146,0x1946,0x3209,0x3A2A,0x3A2A,0x3A2A,0x2967,0x2167,
  0x2167,0x2167,0x2967,0x2987,0x31C8,0x29C8,0x29C8,0x29A8,0x1905,0x1905,0x2146,0x2166,
  0x2186,0x2186,0x2166,0x1925,0x1926,0x424A,0x3A2A,0x4AAC,0x428B,0x3A6B,0x3209,0x29C8,
  0x2987,0x29A8,0x29A8,0x31E9,0x2187,0x1926,0x1946,0x1946,0x2167,0x10E4,0x0083,0x10E4,
  0x10C4,0x0042,0x0882,0x0883,0x0883,0x0883,0x0021,0x1082,0x1082,0x0841,0x0841,0x0862,
  0x0062,0x0862,0x0862,0x0862,0x0882,0x10A3,0x0862,0x0041,0x0020,0x0021,0x0041,0x0021,
  0x0862,0x0041,0x0021,0x10A4,0x2187,0x2167,0x1946,0x1946,0x2987,0x29A8,0x2987,0x31A7,
  0x31E9,0x31E9,0x31E9,0x29E8,0x29C8,0x29C8,0x29C8,0x31E9,0x31E9,0x29A8,0x29C8,0x29C8,
  0x29C8,0x29A7,0x2987,0x29A7,0x2987,0x2166,0x2166,0x1904,0x0041,0x0021,0x0021,0x0020,
  0x0001,0x0021,0x0021,0x0000,0x0000,0x0000,0x0000,0x0000,0x0000,0x0021,0x0021,0x0020,
  0x0000,0x0041,0x0841,0x0041,0x0021,0x0821,0x0862,0x0862,0x0862,0x0021,0x0861,0x1082,
  0x1082,0x1062,0x18C3,0x2945,0x2965,0x18E3,0x1082,0x2104,0x18E3,0x1082,0x0841,0x0861,
  0x10A3,0x2145,0x2125,0x1925,0x2146,0x2146,0x2146,0x2146,0x1925,0x0882,0x0062,0x0041,
  0x0841,0x0841,0x0841,0x0021,0x0021,0x0021,0x0021,0x0021,0x0021,0x0021,0x0021,0x0041,
  0x0841,0x0862,0x10A3,0x1082,0x0862,0x0841,0x0021,0x0021,0x0041,0x0862,0x1082,0x10A2,
  0x10A2,0x18C3,0x18A3,0x18A3,0x18C3,0x10A2,0x10A2,0x18E3,0x18C3,0x10A2,0x2966,0x31A7,
  0x31E8,0x31E8,0x31E9,0x29C8,0x29A8,0x2987,0x2987,0x31E8,0x3209,0x3209,0x3209,0x1946,
  0x10E4,0x31E8,0x3209,0x31E8,0x2187,0x31E9,0x31E9,0x31C9,0x31E9,0x31E9,0x31E8,0x10C4,
  0x10E4,0x10E4,0x1905,0x29A7,0x31C8,0x1905,0x10C4,0x08A3,0x10A4,0x1905,0x2986,0x2987,
  0x31C8,0x31E8,0x29A7,0x18E4,0x08A3,0x10C3,0x10C3,0x10A3,0x10A3,0x10C3,0x10C3,0x10C4,
  0x10C4,0x10E4,0x10E4,0x10E4,0x2146,0x2146,0x2987,0x31E9,0x31C9,0x3A09,0x2167,0x2167,
  0x2146,0x2187,0x2987,0x2987,0x31C8,0x29A8,0x2187,0x2987,0x1905,0x10E4,0x1946,0x2166,
  0x2166,0x1945,0x1946,0x1946,0x1946,0x29A8,0x29A8,0x29E9,0x3A4B,0x3A4B,0x3209,0x3A2A,
  0x29A8,0x29A8,0x29A8,0x3209,0x2167,0x1946,0x2167,0x2166,0x2146,0x10C4,0x10C4,0x1905,
  0x18E4,0x0042,0x0882,0x0883,0x0883,0x0883,0x0021,0x0841,0x1082,0x0841,0x0841,0x0862,
  0x0862,0x0862,0x0041,0x0862,0x0862,0x10A3,0x0882,0x0041,0x0020,0x0021,0x0021,0x0021,
  0x0041,0x0021,0x0041,0x0883,0x2187,0x2187,0x2167,0x2187,0x29A8,0x2167,0x2187,0x2166,
  0x31E9,0x31C8,0x3209,0x29E8,0x29C8,0x29C8,0x29C8,0x31E9,0x3209,0x3A0A,0x31E9,0x31E9,
  0x31E9,0x31C8,0x29C8,0x31C8,0x31C8,0x29A7,0x2986,0x10C4,0x0062,0x0042,0x0021,0x0021,
  0x0021,0x0021,0x0021,0x0000,0x0000,0x0000,0x0000,0x0000,0x0000,0x0000,0x0000,0x0000,
  0x0000,0x0020,0x0021,0x0020,0x0000,0x0020,0x0000,0x0000,0x0000,0x0861,0x0882,0x0882,
  0x1082,0x0841,0x1082,0x2124,0x2965,0x2104,0x0861,0x1082,0x18E3,0x18C3,0x0841,0x1082,
  0x1904,0x2145,0x2146,0x2146,0x2146,0x2146,0x2146,0x2146,0x1905,0x0883,0x0862,0x0042,
  0x0041,0x0841,0x0841,0x0021,0x0021,0x0021,0x0021,0x0021,0x0021,0x0021,0x0021,0x0041,
  0x0041,0x0841,0x0882,0x0862,0x0041,0x0021,0x0021,0x0021,0x0862,0x0882,0x0882,0x0861,
  0x0861,0x10A3,0x2104,0x1082,0x0861,0x0862,0x0862,0x10A2,0x0882,0x1083,0x2145,0x31A8,
  0x31E8,0x31E9,0x31E9,0x29C8,0x2987,0x2167,0x2987,0x29C8,0x29E8,0x29C9,0x31E9,0x1946,
  0x10E4,0x29A7,0x31E9,0x31E9,0x29A7,0x31E9,0x31E9,0x31C9,0x29C8,0x29C8,0x31E8,0x1925,
  0x10C4,0x10E4,0x18E4,0x31A8,0x2166,0x08A3,0x08A4,0x10E4,0x29A8,0x422A,0x4A8A,0x3A09,
  0x424A,0x426A,0x428B,0x3A09,0x10E4,0x10C4,0x10C4,0x10C4,0x10C4,0x10C4,0x10C4,0x10C4,
  0x10C4,0x10E4,0x10E4,0x10C4,0x2146,0x2146,0x2146,0x31C8,0x29C8,0x3A09,0x2167,0x2167,
  0x2146,0x2988,0x29A8,0x29A8,0x31C8,0x2987,0x2987,0x2987,0x1905,0x10E4,0x1925,0x29C8,
  0x31C8,0x1905,0x1925,0x1926,0x1926,0x2988,0x29A8,0x1967,0x322A,0x3A4B,0x3A4B,0x3A2A,
  0x29C9,0x29A8,0x31C9,0x29C8,0x2167,0x2166,0x29A8,0x1946,0x1926,0x08A4,0x10C4,0x10E4,
  0x2986,0x0042,0x0882,0x0883,0x0863,0x0862,0x0021,0x0061,0x1062,0x1042,0x0842,0x0862,
  0x0862,0x0841,0x0862,0x0862,0x0862,0x10A3,0x10A3,0x0041,0x0021,0x0021,0x0821,0x0841,
  0x0041,0x0021,0x0042,0x0862,0x2167,0x29A8,0x29A8,0x29A8,0x2188,0x2167,0x2167,0x2167,
  0x31E9,0x29C8,0x29E8,0x29E8,0x31E9,0x31E9,0x31E9,0x31E9,0x31E9,0x3209,0x31E9,0x31E9,
  0x31E8,0x31E8,0x31C8,0x29C8,0x31E8,0x29A7,0x29A7,0x10E4,0x0062,0x0862,0x0041,0x0021,
  0x0021,0x0021,0x0021,0x0021,0x0000,0x0000,0x0000,0x0000,0x0000,0x0000,0x0000,0x0000,
  0x0000,0x0000,0x0000,0x0000,0x0000,0x0000,0x0000,0x0000,0x0020,0x0841,0x0021,0x0021,
  0x0841,0x0020,0x0861,0x10A2,0x18E3,0x18C3,0x0841,0x0841,0x18C3,0x10A3,0x0862,0x10A3,
  0x1905,0x1925,0x2166,0x2146,0x2146,0x2146,0x2146,0x2146,0x1925,0x10C4,0x1904,0x18E4,
  0x0862,0x0041,0x0841,0x0041,0x0021,0x0021,0x0021,0x0021,0x0021,0x0021,0x0021,0x0021,
  0x0021,0x0021,0x0021,0x0021,0x0021,0x0021,0x0021,0x0841,0x0862,0x1082,0x0862,0x0041,
  0x0841,0x0861,0x18E3,0x18C3,0x0862,0x0861,0x0841,0x0882,0x18E4,0x18E4,0x2125,0x2967,
  0x31C8,0x3209,0x31E9,0x29A7,0x29A7,0x2167,0x29A7,0x31E8,0x31E8,0x31E9,0x31C8,0x1925,
  0x10E4,0x29A7,0x31E9,0x3209,0x29C8,0x3209,0x31E9,0x31E9,0x31C8,0x29C8,0x31C8,0x1946,
  0x1105,0x2967,0x10A4,0x2967,0x10C4,0x1925,0x1905,0x31C8,0x428B,0x426A,0x424A,0x31E9,
  0x3A2A,0x3A6A,0x426B,0x31E8,0x2987,0x1925,0x10C4,0x10C4,0x10C4,0x10E4,0x10E4,0x10C4,
  0x10E4,0x10E4,0x10E4,0x10C4,0x2146,0x2146,0x2146,0x31E9,0x29C8,0x3209,0x2187,0x2167,
  0x2146,0x29A8,0x29C8,0x29A8,0x29C8,0x2187,0x2987,0x2987,0x1905,0x10E4,0x1925,0x31E8,
  0x29C7,0x1925,0x1946,0x1946,0x1946,0x320A,0x322A,0x2188,0x322B,0x3A6B,0x426B,0x3A4B,
  0x3209,0x29A8,0x29A8,0x29A8,0x2187,0x29A8,0x2166,0x1905,0x1926,0x08A3,0x10E4,0x10C4,
  0x2125,0x0041,0x0862,0x0882,0x0862,0x0862,0x0842,0x0882,0x0861,0x1041,0x0841,0x0841,
  0x0841,0x0841,0x0861,0x0862,0x0862,0x10A3,0x0882,0x0021,0x0021,0x0021,0x0841,0x0041,
  0x0021,0x0041,0x0862,0x0042,0x2167,0x2187,0x2187,0x2187,0x2188,0x29A8,0x29A8,0x29A8,
  0x29C8,0x29E8,0x29E8,0x31C8,0x31E9,0x3209,0x3209,0x31E9,0x31E9,0x3209,0x31E9,0x29C8,
  0x29C8,0x31E8,0x31C8,0x29C8,0x29E8,0x29C8,0x29C8,0x1904,0x0862,0x0862,0x0842,0x0041,
  0x0021,0x0021,0x0021,0x0021,0x0021,0x0020,0x0020,0x0020,0x0000,0x0000,0x0000,0x0000,
  0x0000,0x0000,0x0000,0x0000,0x0000,0x0000,0x0000,0x0000,0x0000,0x0020,0x0000,0x0000,
  0x0020,0x0000,0x0841,0x0841,0x10A2,0x18C3,0x0841,0x0841,0x10A2,0x1082,0x1082,0x0882,
  0x1905,0x1905,0x2166,0x2166,0x2166,0x2166,0x2166,0x2166,0x1945,0x1905,0x2146,0x2146,
  0x10A3,0x0021,0x0841,0x0041,0x0021,0x0021,0x0021,0x0021,0x0021,0x0021,0x0021,0x0021,
  0x0021,0x0021,0x0000,0x0021,0x0021,0x0021,0x0021,0x0041,0x0862,0x0041,0x0021,0x0021,
  0x0041,0x0041,0x0861,0x10A2,0x0882,0x0841,0x0041,0x1082,0x31A7,0x2125,0x2987,0x29C8,
  0x31E8,0x3209,0x3209,0x29C8,0x2187,0x2187,0x29A8,0x3209,0x3209,0x3209,0x29A8,0x1905,
  0x10E4,0x2987,0x31E9,0x3209,0x29C8,0x3209,0x3209,0x29C8,0x29C8,0x29A7,0x2187,0x1905,
  0x1925,0x3A09,0x10E4,0x1925,0x2987,0x424A,0x2187,0x29C8,0x428B,0x3A6A,0x3A6A,0x29C8,
  0x2167,0x428B,0x3A4A,0x29A8,0x29A7,0x2987,0x10E4,0x10C4,0x10E4,0x18E4,0x18E4,0x10E4,
  0x10E4,0x10E4,0x10E4,0x10E4,0x2146,0x2146,0x1926,0x3209,0x3A2A,0x3A4A,0x29A7,0x2187,
  0x2146,0x31E8,0x31E9,0x29A8,0x29A8,0x29A8,0x29A8,0x2987,0x1905,0x1105,0x1925,0x2166,
  0x2166,0x2146,0x1946,0x1946,0x2167,0x29E9,0x322A,0x2188,0x3A4B,0x3A4B,0x3A6B,0x428C,
  0x320A,0x29C8,0x29A8,0x2188,0x29A8,0x29C8,0x2146,0x1905,0x1925,0x10A3,0x10C4,0x18E4,
  0x1905,0x0042,0x0862,0x0882,0x0882,0x0862,0x0842,0x0861,0x0861,0x0841,0x0841,0x0861,
  0x0841,0x0842,0x0862,0x0862,0x0882,0x1904,0x0862,0x0021,0x0041,0x0041,0x0041,0x0041,
  0x0041,0x0041,0x0862,0x0042,0x1926,0x2987,0x2187,0x29A8,0x29C8,0x29C9,0x29C8,0x2187,
  0x29A8,0x29C8,0x29C8,0x31C9,0x31E9,0x31E9,0x31E9,0x3209,0x3209,0x3209,0x3209,0x31E9,
  0x31E9,0x31E8,0x31E8,0x29C8,0x29C8,0x29C8,0x29C8,0x1905,0x0862,0x0862,0x0862,0x0041,
  0x0021,0x0021,0x0021,0x0021,0x0020,0x0020,0x0020,0x0020,0x0020,0x0000,0x0000,0x0000,
  0x0000,0x0000,0x0000,0x0000,0x0000,0x0000,0x0000,0x0000,0x0000,0x0000,0x0000,0x0020,
  0x0000,0x0000,0x0020,0x0020,0x0861,0x0841,0x0021,0x0841,0x0882,0x18E4,0x10C3,0x18E4,
  0x2166,0x2166,0x2166,0x2186,0x2166,0x2166,0x1946,0x2166,0x2166,0x2146,0x2146,0x2146,
  0x0883,0x0842,0x0041,0x0021,0x0021,0x0021,0x0021,0x0021,0x0021,0x0021,0x0021,0x0021,
  0x0021,0x0021,0x0021,0x0021,0x0841,0x0841,0x0862,0x0041,0x0021,0x0021,0x0021,0x0021,
  0x0021,0x0041,0x0841,0x0841,0x0861,0x0861,0x0862,0x10A3,0x31A7,0x2966,0x2187,0x31E8,
  0x31E9,0x3209,0x3209,0x29C8,0x2187,0x21A7,0x29C8,0x3209,0x3209,0x3A29,0x2987,0x2125,
  0x18E4,0x2146,0x31E9,0x31E9,0x29C8,0x3A29,0x3209,0x29C8,0x29A8,0x2187,0x2187,0x1925,
  0x1925,0x3A29,0x1946,0x2987,0x31E8,0x424A,0x2167,0x29C8,0x426B,0x3A2A,0x29E8,0x1946,
  0x1946,0x428B,0x3A2A,0x29C8,0x29C8,0x29C8,0x2146,0x10E4,0x1905,0x1905,0x1905,0x18E4,
  0x18E4,0x18E4,0x1905,0x10E5,0x2167,0x1926,0x1925,0x31E9,0x3A4A,0x3A4A,0x29A7,0x29A7,
  0x2167,0x29A8,0x29C8,0x29C8,0x29A8,0x29C8,0x29C8,0x2146,0x10E4,0x10E5,0x2166,0x2166,
  0x2146,0x2146,0x2146,0x2146,0x1946,0x2187,0x29A8,0x2188,0x3A4B,0x31EA,0x3A4B,0x428C,
  0x3A6B,0x29C8,0x2188,0x29A8,0x3A2A,0x2187,0x1946,0x1926,0x1905,0x10A3,0x10C4,0x10C4,
  0x0883,0x0862,0x0883,0x0882,0x0882,0x0062,0x0021,0x0841,0x0861,0x0841,0x0862,0x1062,
  0x0862,0x0862,0x0882,0x0882,0x0041,0x10C4,0x0883,0x0021,0x0041,0x0041,0x0041,0x0041,
  0x0041,0x0041,0x0862,0x0042,0x1925,0x31E9,0x29A8,0x29A8,0x29C9,0x29C8,0x29A8,0x2988,
  0x29A8,0x29A8,0x29A8,0x2187,0x29A8,0x31E9,0x31E9,0x31E9,0x31E9,0x31E9,0x31E9,0x31E9,
  0x31E9,0x31E9,0x29C8,0x29C8,0x2187,0x29A7,0x29C8,0x1925,0x0842,0x0862,0x0862,0x0841,
  0x0021,0x0041,0x0841,0x0021,0x0020,0x0021,0x0020,0x0021,0x0020,0x0020,0x0000,0x0000,
  0x0000,0x0000,0x0000,0x0000,0x0000,0x0020,0x0000,0x0000,0x0020,0x0021,0x0021,0x0020,
  0x0000,0x0000,0x0020,0x0020,0x0020,0x0020,0x0020,0x0021,0x10A3,0x2145,0x10C4,0x2146,
  0x2146,0x2987,0x2167,0x2166,0x2166,0x1946,0x1946,0x2167,0x2166,0x2166,0x2166,0x2167,
  0x10C4,0x0042,0x0041,0x0041,0x0041,0x0021,0x0021,0x0021,0x0021,0x0021,0x0021,0x0021,
  0x0021,0x0021,0x0021,0x0041,0x0861,0x0861,0x1062,0x0841,0x0021,0x0821,0x0841,0x0841,
  0x0021,0x0841,0x0841,0x0841,0x0841,0x0841,0x0862,0x10C3,0x31C7,0x29A7,0x2187,0x31E9,
  0x3209,0x29C8,0x31E9,0x31E9,0x29A8,0x29A8,0x29C8,0x3A2A,0x3A2A,0x3A29,0x2167,0x1905,
  0x18E4,0x1905,0x31E9,0x31E9,0x31E8,0x3A4A,0x3209,0x29C8,0x29A8,0x29A7,0x29A7,0x10E5,
  0x1905,0x31C8,0x2987,0x08A4,0x2167,0x426B,0x2167,0x29C8,0x428B,0x29E8,0x29E8,0x29A7,
  0x1946,0x424A,0x3A2A,0x31E9,0x29C8,0x29C8,0x1926,0x1105,0x1925,0x1925,0x1925,0x1905,
  0x1905,0x1905,0x1905,0x1905,0x2987,0x2146,0x1926,0x3209,0x3A4A,0x322A,0x31E8,0x29C8,
  0x2166,0x2187,0x29C8,0x29C8,0x29A8,0x29C8,0x31C8,0x1946,0x1905,0x1105,0x1926,0x21A7,
  0x2187,0x2147,0x2146,0x2146,0x2146,0x2167,0x2187,0x2188,0x29C9,0x29C9,0x3A4B,0x428C,
  0x428C,0x322A,0x31E9,0x426B,0x31E9,0x1946,0x1946,0x1925,0x29A7,0x1904,0x10E4,0x10E4,
  0x0021,0x0041,0x0862,0x0882,0x0882,0x0882,0x0842,0x0842,0x0841,0x0841,0x0841,0x0862,
  0x0862,0x0882,0x0883,0x0882,0x0042,0x10C4,0x0882,0x0041,0x0021,0x0021,0x0021,0x0041,
  0x0882,0x0862,0x0862,0x0042,0x10E4,0x29E9,0x29C8,0x29A8,0x29C8,0x29A8,0x2988,0x29A8,
  0x29A8,0x29A8,0x29A8,0x1926,0x2166,0x31E9,0x29C8,0x31E9,0x29C8,0x31E9,0x31E9,0x31E9,
  0x31E9,0x31E9,0x29C8,0x29C8,0x2987,0x29A7,0x29A7,0x18E4,0x0862,0x0862,0x0862,0x0041,
  0x0841,0x0841,0x0841,0x0041,0x0021,0x0021,0x0021,0x0021,0x0021,0x0021,0x0000,0x0000,
  0x0000,0x0000,0x0000,0x0000,0x0020,0x0021,0x0021,0x0020,0x0000,0x0000,0x0020,0x0841,
  0x0821,0x0020,0x0020,0x0020,0x0020,0x0020,0x0021,0x0001,0x18E4,0x2166,0x10E4,0x2166,
  0x2987,0x2987,0x2987,0x2166,0x2987,0x1925,0x2167,0x2987,0x1926,0x2166,0x2167,0x2167,
  0x1925,0x0862,0x0041,0x0041,0x0021,0x0021,0x0021,0x0021,0x0021,0x0021,0x0021,0x0021,
  0x0021,0x0021,0x0021,0x0021,0x0840,0x0841,0x0841,0x0021,0x0021,0x0841,0x0841,0x0841,
  0x0841,0x0841,0x0841,0x0861,0x0841,0x0841,0x10A2,0x1904,0x31C8,0x29C8,0x2166,0x29E9,
  0x3209,0x31E9,0x29C8,0x31E9,0x29E9,0x29E9,0x29C8,0x3A4A,0x3A4A,0x3A4A,0x2146,0x1905,
  0x1905,0x10E5,0x2987,0x3209,0x29A8,0x3A4A,0x3A2A,0x29C8,0x29A8,0x31E9,0x2987,0x18E5,
  0x10E5,0x31C8,0x3A09,0x10E4,0x10E5,0x3A29,0x2167,0x29A8,0x3A4A,0x29C8,0x3A6A,0x3209,
  0x1926,0x31E9,0x3A4A,0x31E9,0x31E9,0x2187,0x1105,0x1905,0x2146,0x31E9,0x2146,0x1905,
  0x1905,0x1905,0x1925,0x2146,0x2987,0x1925,0x1926,0x31E9,0x3A4A,0x322A,0x3209,0x2187,
  0x2167,0x2987,0x29A8,0x29A8,0x29A8,0x31C8,0x29C8,0x1925,0x1925,0x10E5,0x2187,0x428B,
  0x2187,0x2167,0x2167,0x2166,0x2166,0x2166,0x2167,0x29C8,0x2188,0x29E9,0x3A6B,0x42AC,
  0x428C,0x428C,0x4ACC,0x426B,0x2188,0x1946,0x1946,0x1926,0x31C8,0x18E4,0x10E4,0x1905,
  0x0000,0x10A3,0x2987,0x0882,0x08A3,0x0882,0x0842,0x0841,0x0841,0x0862,0x0862,0x10A3,
  0x0882,0x08A3,0x08A3,0x0882,0x0021,0x0882,0x0882,0x0021,0x0021,0x0021,0x0021,0x0041,
  0x0861,0x0882,0x0883,0x0041,0x0883,0x31C8,0x29C8,0x29A8,0x29A8,0x2988,0x2988,0x2988,
  0x29C8,0x29A8,0x29C8,0x1926,0x1946,0x29A7,0x29A7,0x29C8,0x29C8,0x29C8,0x29C8,0x29C8,
  0x31E9,0x31E9,0x29C8,0x29C8,0x29A8,0x29C8,0x2146,0x0042,0x0862,0x0862,0x0862,0x0862,
  0x0841,0x0841,0x0041,0x0021,0x0020,0x0020,0x0020,0x0020,0x0021,0x0021,0x0021,0x0000,
  0x0000,0x0000,0x0000,0x0000,0x0020,0x0821,0x0841,0x0861,0x0861,0x10A2,0x1082,0x1082,
  0x0841,0x0821,0x0020,0x0041,0x0841,0x0841,0x0020,0x0021,0x2145,0x29A7,0x1105,0x2987,
  0x31E8,0x29A7,0x29A7,0x1946,0x2146,0x2146,0x29A7,0x29A7,0x1925,0x2166,0x2987,0x2166,
  0x2166,0x0883,0x0041,0x0061,0x0041,0x0021,0x0021,0x0021,0x0000,0x0021,0x0021,0x0021,
  0x0021,0x0021,0x0041,0x0021,0x0020,0x0020,0x0021,0x0041,0x0821,0x0841,0x0841,0x0841,
  0x0841,0x0841,0x0841,0x0841,0x0862,0x0862,0x10A3,0x2166,0x31E8,0x31E9,0x29E8,0x31E9,
  0x3209,0x31E9,0x31E9,0x322A,0x3209,0x29C8,0x29E8,0x3A4A,0x426B,0x3A2A,0x2146,0x1905,
  0x1905,0x1925,0x1105,0x2187,0x29C8,0x3A29,0x31E8,0x29A8,0x29A8,0x3A09,0x2987,0x18E4,
  0x1925,0x31E8,0x3A2A,0x2987,0x08A3,0x2166,0x2186,0x2987,0x3A2A,0x3209,0x42AB,0x3209,
  0x2167,0x29A8,0x3A2A,0x3229,0x2187,0x1105,0x1925,0x2987,0x31C8,0x31E8,0x2987,0x2146,
  0x1905,0x1925,0x1925,0x2166,0x2166,0x1945,0x1925,0x29E8,0x3209,0x3209,0x29A8,0x29A8,
  0x2987,0x2987,0x31A8,0x2987,0x2987,0x31C8,0x2146,0x1905,0x1905,0x10E5,0x2167,0x3A2A,
  0x2187,0x2167,0x2167,0x2167,0x2167,0x2166,0x29A8,0x3A2A,0x2187,0x320A,0x428C,0x322A,
  0x3A4B,0x428C,0x428C,0x29C8,0x2187,0x1946,0x1946,0x2166,0x2145,0x10C3,0x18E4,0x10E4,
  0x0000,0x1925,0x1904,0x0882,0x0882,0x0882,0x0042,0x0021,0x0021,0x0841,0x0841,0x0862,
  0x0882,0x10A3,0x08A3,0x0862,0x0041,0x0862,0x0862,0x0862,0x0021,0x0021,0x0021,0x0021,
  0x0041,0x0882,0x10A3,0x0061,0x0882,0x2987,0x2988,0x2188,0x2188,0x2988,0x2188,0x21A8,
  0x29C8,0x29C8,0x29C8,0x2166,0x1105,0x1925,0x2187,0x2187,0x2167,0x29A8,0x29A8,0x29C8,
  0x31E9,0x31E9,0x29C8,0x29C8,0x2187,0x2146,0x08A3,0x0883,0x0061,0x0861,0x0861,0x0842,
  0x0041,0x0021,0x0021,0x0020,0x0020,0x0020,0x0020,0x0020,0x0020,0x0021,0x0021,0x0020,
  0x0020,0x0020,0x0020,0x0021,0x0021,0x0841,0x0021,0x0020,0x0020,0x0020,0x0861,0x10A2,
  0x1062,0x0841,0x0861,0x0861,0x0841,0x0841,0x0020,0x10C3,0x2987,0x21A7,0x1105,0x2146,
  0x31E8,0x29C7,0x2187,0x1925,0x1926,0x2167,0x29C8,0x29A8,0x1925,0x2987,0x29C8,0x2987,
  0x2166,0x10A3,0x0041,0x0061,0x0041,0x0041,0x0021,0x0021,0x0021,0x0021,0x0021,0x0021,
  0x0021,0x0041,0x0841,0x0021,0x0020,0x0021,0x0821,0x0841,0x0841,0x0861,0x0862,0x1082,
  0x0862,0x0862,0x0841,0x0861,0x10A3,0x0861,0x10A3,0x2986,0x29C8,0x29E8,0x31E9,0x3209,
  0x3209,0x3209,0x320A,0x3A4B,0x3A6B,0x29E9,0x31E9,0x426B,0x426B,0x3A29,0x1926,0x1905,
  0x1905,0x1905,0x1104,0x10E5,0x2187,0x3A4A,0x31E8,0x29A8,0x2167,0x3A09,0x2167,0x10C4,
  0x10C3,0x2146,0x31E9,0x31E8,0x1905,0x1904,0x2145,0x2987,0x3A2A,0x3209,0x426B,0x3209,
  0x2187,0x29A8,0x29E8,0x2187,0x1925,0x2166,0x29A7,0x31E8,0x29A7,0x2146,0x2987,0x31C8,
  0x31A8,0x2166,0x1926,0x2987,0x2187,0x1925,0x1926,0x29C8,0x31E9,0x2167,0x29C8,0x29A8,
  0x29A7,0x2987,0x2987,0x2126,0x29A7,0x2166,0x1925,0x1925,0x1905,0x1905,0x1926,0x2987,
  0x2987,0x2187,0x2187,0x2167,0x2187,0x2187,0x31E9,0x3209,0x2167,0x322A,0x3A6B,0x1967,
  0x3A4A,0x428B,0x3A6B,0x2187,0x2167,0x2167,0x2166,0x2987,0x2146,0x10E4,0x18E4,0x10C4,
  0x0021,0x0082,0x0882,0x08A3,0x0062,0x0862,0x0041,0x0841,0x0842,0x0842,0x0841,0x0001,
  0x0862,0x08A3,0x0883,0x08A3,0x0882,0x10A3,0x0882,0x0882,0x0041,0x0021,0x0021,0x0021,
  0x0021,0x0882,0x08A3,0x0882,0x0061,0x2126,0x2967,0x2187,0x2988,0x29A8,0x29A8,0x29A8,
  0x29C8,0x31C8,0x29C8,0x29A8,0x29A7,0x1925,0x2166,0x1925,0x10E4,0x2166,0x31C8,0x31C8,
  0x31E8,0x29C8,0x29C8,0x29C8,0x2167,0x10E4,0x1905,0x2966,0x0882,0x0041,0x0841,0x0841,
  0x0021,0x0021,0x0021,0x0021,0x0020,0x0020,0x0020,0x0000,0x0000,0x0020,0x0020,0x0020,
  0x0000,0x0000,0x0020,0x0021,0x0021,0x0021,0x0021,0x0841,0x0861,0x0841,0x1061,0x18A2,
  0x1082,0x0841,0x0841,0x0841,0x0841,0x0041,0x0841,0x2146,0x2987,0x2987,0x1905,0x2166,
  0x31E8,0x29C8,0x2167,0x1925,0x1926,0x2167,0x31C8,0x2987,0x1926,0x29C8,0x29A8,0x2987,
  0x2146,0x10C3,0x0062,0x0061,0x0041,0x0041,0x0021,0x0021,0x0021,0x0000,0x0021,0x0021,
  0x0021,0x0021,0x0021,0x0021,0x0021,0x0021,0x0021,0x0841,0x0841,0x0841,0x0861,0x0862,
  0x0841,0x0841,0x0862,0x1082,0x1082,0x0861,0x10C3,0x2987,0x2987,0x31E8,0x31E9,0x3209,
  0x31E9,0x29E9,0x31E9,0x322A,0x3A6B,0x3A4A,0x3209,0x426B,0x29C8,0x31E8,0x1926,0x1905,
  0x1904,0x1904,0x1904,0x1104,0x10E4,0x2166,0x29C8,0x29C8,0x2146,0x2146,0x18E5,0x10C4,
  0x10C4,0x1905,0x29A7,0x2166,0x1904,0x1904,0x1905,0x2146,0x31C8,0x3A09,0x426B,0x3A29,
  0x2187,0x29A7,0x31C8,0x4A2A,0x31C8,0x31C8,0x2987,0x2987,0x2146,0x1925,0x2987,0x2987,
  0x31C8,0x2167,0x2146,0x2987,0x2146,0x1905,0x29A7,0x3209,0x2187,0x1926,0x2167,0x2167,
  0x2967,0x2146,0x1925,0x2966,0x1925,0x1925,0x1925,0x1925,0x1925,0x1905,0x2146,0x2987,
  0x29C8,0x29A7,0x2987,0x2987,0x2187,0x29A8,0x29A8,0x29A8,0x29A8,0x29E9,0x2188,0x29C8,
  0x3A6B,0x426B,0x3A4A,0x2188,0x2167,0x1946,0x2166,0x2987,0x2166,0x1905,0x10C4,0x1905,
  0x0041,0x0082,0x08A3,0x0882,0x0862,0x0882,0x0842,0x1082,0x0842,0x0841,0x0862,0x0841,
  0x0862,0x0862,0x0883,0x10A3,0x0883,0x10A3,0x08A3,0x0041,0x0841,0x0821,0x0000,0x0021,
  0x0021,0x0861,0x0882,0x0862,0x0041,0x2126,0x2988,0x29A8,0x29C9,0x29C8,0x29A8,0x29A8,
  0x29C8,0x29C8,0x29C8,0x29C8,0x29A7,0x10E4,0x10C3,0x10E4,0x10E4,0x1925,0x2987,0x31C8,
  0x31E8,0x29C8,0x29C8,0x29C8,0x2987,0x2167,0x29A8,0x2146,0x0862,0x0862,0x0021,0x0841,
  0x0021,0x0021,0x0021,0x0021,0x0021,0x0021,0x0021,0x0000,0x0000,0x0000,0x0000,0x0000,
  0x0000,0x0000,0x0020,0x0020,0x0020,0x0021,0x0021,0x0841,0x0861,0x0861,0x0861,0x1061,
  0x0861,0x0841,0x0841,0x0841,0x0841,0x0041,0x10A3,0x31A7,0x2987,0x29A8,0x2166,0x29C8,
  0x31E8,0x31E8,0x2146,0x2146,0x1926,0x2987,0x31E9,0x29A7,0x1946,0x29C8,0x2987,0x2166,
  0x1905,0x0862,0x0062,0x0061,0x0041,0x0041,0x0041,0x0021,0x0021,0x0021,0x0021,0x0021,
  0x0021,0x0021,0x0021,0x0021,0x0021,0x0021,0x0021,0x0841,0x0841,0x0861,0x0862,0x1082,
  0x1082,0x0841,0x0841,0x0861,0x0862,0x1082,0x10A3,0x2987,0x2967,0x29A8,0x3209,0x3209,
  0x29E9,0x21A8,0x29C9,0x29C9,0x31E9,0x3A2A,0x3A2A,0x3A2A,0x29A8,0x2987,0x1925,0x1905,
  0x1904,0x1904,0x1904,0x1104,0x10E4,0x10C4,0x10C4,0x2146,0x1925,0x18E5,0x10C4,0x10E4,
  0x10C4,0x1905,0x18E4,0x18E4,0x10E4,0x1905,0x1904,0x18E4,0x18E4,0x29A7,0x2166,0x2987,
  0x2987,0x10E5,0x2166,0x3166,0x1904,0x2146,0x2125,0x10E4,0x1925,0x2987,0x2166,0x29A7,
  0x29A7,0x2146,0x2166,0x2987,0x2146,0x1905,0x1926,0x2187,0x1926,0x1926,0x1926,0x1926,
  0x2146,0x2166,0x2166,0x2125,0x1925,0x2146,0x1926,0x1926,0x1926,0x2146,0x2146,0x2987,
  0x29A8,0x29C8,0x29A8,0x29A8,0x2988,0x29A8,0x29A8,0x29A8,0x31E9,0x2167,0x2167,0x322A,
  0x3A4B,0x3A2A,0x3A4A,0x2188,0x1967,0x2167,0x2167,0x29A7,0x31C8,0x10E4,0x0883,0x18E4,
  0x10A3,0x0862,0x08A3,0x0883,0x0863,0x0862,0x0862,0x0842,0x0841,0x0841,0x0821,0x0041,
  0x1082,0x10A3,0x0883,0x0883,0x10C3,0x10C3,0x0883,0x0021,0x1062,0x1062,0x0000,0x0020,
  0x0041,0x0861,0x0862,0x0862,0x0041,0x2126,0x31C9,0x29C8,0x29A8,0x29A8,0x2188,0x2187,
  0x29C8,0x29C8,0x29C8,0x29E8,0x1946,0x08A3,0x10C4,0x10C4,0x10C4,0x1905,0x31A7,0x31C8,
  0x31E8,0x31E9,0x29C8,0x29C8,0x29C8,0x29C8,0x2187,0x1905,0x0883,0x0862,0x0021,0x0041,
  0x0021,0x0021,0x0021,0x0021,0x0021,0x0021,0x0021,0x0021,0x0000,0x0000,0x0000,0x0000,
  0x0000,0x0000,0x0020,0x0020,0x0020,0x0021,0x0021,0x0021,0x0021,0x1062,0x1062,0x18A2,
  0x18A3,0x1082,0x0841,0x0841,0x0841,0x0841,0x1083,0x2126,0x29A7,0x29A8,0x29A8,0x29C8,
  0x31E9,0x29C8,0x1946,0x29A8,0x1925,0x29A7,0x31E8,0x2987,0x2146,0x31C8,0x2167,0x2166,
  0x10E4,0x0883,0x0862,0x0061,0x0061,0x0041,0x0841,0x0021,0x0021,0x0021,0x0021,0x0021,
  0x0021,0x0021,0x0021,0x0021,0x0021,0x0021,0x0021,0x0821,0x0841,0x0841,0x0862,0x1062,
  0x10A2,0x10A3,0x0841,0x0021,0x0862,0x1062,0x10A3,0x2145,0x31C8,0x2987,0x3209,0x3209,
  0x31E9,0x29A8,0x29C8,0x29C8,0x29A8,0x29C8,0x31E9,0x29C8,0x29A8,0x29A7,0x1926,0x1905,
  0x1904,0x1904,0x1904,0x1904,0x18E4,0x10E4,0x10E4,0x10C4,0x10E4,0x1905,0x1905,0x18E4,
  0x18E4,0x18E4,0x10C4,0x10E4,0x1904,0x18E4,0x10C4,0x18E4,0x1905,0x10C4,0x10A3,0x10C4,
  0x10E4,0x10E4,0x1104,0x1904,0x10C3,0x1904,0x18E4,0x10C4,0x10E4,0x1905,0x10E4,0x1925,
  0x2987,0x2126,0x1905,0x2166,0x29A7,0x1925,0x1926,0x1925,0x1946,0x1946,0x1925,0x2166,
  0x2146,0x1925,0x1925,0x1925,0x1925,0x1946,0x1926,0x1926,0x1926,0x29A7,0x29A7,0x29C8,
  0x29C8,0x29A8,0x29C8,0x29C8,0x29A8,0x29A8,0x29A8,0x29A8,0x2187,0x29C8,0x3A2A,0x31E9,
  0x29C9,0x29E9,0x3A2A,0x29A8,0x2188,0x29A8,0x2187,0x29A7,0x2167,0x10E5,0x1905,0x10C4,
  0x08A3,0x0062,0x0883,0x0883,0x10A3,0x0041,0x0841,0x0841,0x0821,0x0862,0x0882,0x0862,
  0x1082,0x08A3,0x0883,0x0883,0x10C3,0x10A3,0x0862,0x0021,0x0000,0x0000,0x0021,0x0021,
  0x0021,0x0862,0x0862,0x0862,0x0021,0x2105,0x31E9,0x3A0A,0x29C8,0x21A8,0x29A8,0x2188,
  0x31E9,0x29C8,0x29E9,0x3209,0x1925,0x10C4,0x10C3,0x18E4,0x10E4,0x1905,0x29A7,0x31C8,
  0x31E8,0x31E9,0x29E8,0x29C8,0x29C8,0x29A7,0x2187,0x29A7,0x1105,0x0042,0x0042,0x0041,
  0x0021,0x0000,0x0021,0x0020,0x0020,0x0021,0x0021,0x0000,0x0020,0x0021,0x0000,0x0000,
  0x0000,0x0000,0x0000,0x0000,0x0021,0x0841,0x0861,0x0841,0x0021,0x0841,0x0861,0x1082,
  0x1062,0x0841,0x0841,0x0021,0x0041,0x0862,0x0882,0x10C4,0x31C8,0x29C8,0x29C8,0x29E8,
  0x31E9,0x2187,0x1946,0x29C8,0x1925,0x2187,0x2167,0x1905,0x1905,0x2167,0x1946,0x2146,
  0x10C4,0x1925,0x10A3,0x0041,0x0041,0x0041,0x0841,0x0021,0x0021,0x0021,0x0021,0x0021,
  0x0021,0x0021,0x0021,0x0021,0x0021,0x0021,0x0021,0x0021,0x0021,0x0021,0x0841,0x0861,
  0x0861,0x0861,0x0841,0x0861,0x0861,0x0862,0x2125,0x1905,0x31E8,0x29A8,0x29C8,0x31E9,
  0x31E9,0x29C9,0x29C8,0x29A8,0x29A8,0x29C8,0x29C8,0x29C8,0x29A8,0x2987,0x1926,0x1905,
  0x1104,0x1904,0x1905,0x1905,0x18E4,0x18E4,0x1905,0x18E4,0x10C4,0x10E4,0x10E4,0x10E4,
  0x10C4,0x10C3,0x10C3,0x10E4,0x18E4,0x10C4,0x18E4,0x10E4,0x10E4,0x10E4,0x10C4,0x10C4,
  0x10E4,0x1905,0x1904,0x18E4,0x10C4,0x10E4,0x1905,0x10E4,0x10C4,0x10C4,0x1905,0x1925,
  0x2987,0x2146,0x1925,0x2146,0x2146,0x1925,0x2146,0x1925,0x2146,0x2146,0x1905,0x1925,
  0x1925,0x1925,0x2146,0x2146,0x1926,0x1925,0x1945,0x1926,0x2146,0x2146,0x29C8,0x31E9,
  0x29C8,0x29C9,0x29C9,0x29C9,0x29C8,0x29C9,0x29C8,0x2167,0x2167,0x31E9,0x29E9,0x29C8,
  0x322A,0x428B,0x3A2A,0x29C9,0x29C8,0x2187,0x2187,0x29A7,0x1926,0x1925,0x1905,0x1905,
  0x0883,0x0021,0x0862,0x0882,0x0862,0x0061,0x0821,0x0841,0x0841,0x0862,0x0882,0x0862,
  0x0883,0x0883,0x0882,0x0883,0x10A3,0x10A3,0x0021,0x0041,0x0021,0x0021,0x0041,0x0041,
  0x0020,0x0882,0x0862,0x0062,0x0842,0x18C4,0x31E8,0x29C8,0x29E9,0x29C8,0x29C8,0x29C8,
  0x31E9,0x31E9,0x29E9,0x3209,0x1926,0x1905,0x2146,0x10E4,0x10C4,0x18E4,0x2987,0x31C8,
  0x31E8,0x31E9,0x31C8,0x29C8,0x31E9,0x2187,0x2187,0x29C8,0x10E4,0x0863,0x0042,0x0041,
  0x0021,0x0021,0x0021,0x0020,0x0020,0x0020,0x0021,0x0000,0x0000,0x0000,0x0020,0x0020,
  0x0000,0x0000,0x0000,0x0000,0x0000,0x0020,0x0021,0x0020,0x0021,0x0821,0x0000,0x0000,
  0x0020,0x0820,0x0841,0x0861,0x0842,0x10A3,0x18C3,0x2146,0x31E8,0x29A7,0x29C8,0x29C8,
  0x29C8,0x2166,0x2987,0x29A8,0x2146,0x2987,0x1925,0x1105,0x10E5,0x1905,0x2987,0x2146,
  0x1105,0x29A7,0x1925,0x0062,0x0062,0x0041,0x0041,0x0021,0x0021,0x0021,0x0021,0x0021,
  0x0021,0x0021,0x0021,0x0021,0x0021,0x0021,0x0021,0x0021,0x0021,0x0841,0x0841,0x0841,
  0x0841,0x0861,0x1082,0x10A2,0x0841,0x10A2,0x31C7,0x2166,0x29A8,0x29C8,0x29C8,0x29C9,
  0x29C8,0x29C8,0x29C8,0x29C9,0x29C8,0x29C8,0x29C8,0x31C9,0x31C9,0x31C8,0x1946,0x1905,
  0x1104,0x1905,0x1905,0x1905,0x1904,0x1905,0x1905,0x18E4,0x10E4,0x10E4,0x10E4,0x10C4,
  0x10C4,0x10E4,0x10C4,0x10C3,0x10C4,0x10E4,0x10E4,0x10E4,0x10E4,0x10E4,0x10E4,0x10C4,
  0x10E5,0x10E5,0x18E4,0x18E4,0x1905,0x18E5,0x1905,0x10E4,0x10E4,0x10E4,0x2146,0x2146,
  0x1905,0x2146,0x1925,0x1925,0x1905,0x1925,0x1946,0x1905,0x1905,0x1925,0x1925,0x1925,
  0x1925,0x1925,0x2146,0x2146,0x2146,0x2146,0x1946,0x1946,0x2146,0x1946,0x29A8,0x3A2A,
  0x29E9,0x31E9,0x29E9,0x29C9,0x29C9,0x29C8,0x29A8,0x2167,0x2187,0x29A8,0x21A8,0x31E9,
  0x322A,0x3A4A,0x322A,0x29A8,0x29A8,0x29A8,0x29A8,0x29A8,0x2166,0x1925,0x08A4,0x1905,
  0x08A3,0x0021,0x0862,0x0842,0x0842,0x0061,0x0021,0x1041,0x1062,0x0841,0x0041,0x0842,
  0x1083,0x0883,0x0862,0x0883,0x0883,0x0882,0x0842,0x10A3,0x0021,0x0021,0x0041,0x0041,
  0x0041,0x0041,0x0862,0x0862,0x18C4,0x10A4,0x29C8,0x29A8,0x29A8,0x29A8,0x29A8,0x29A8,
  0x29C8,0x3209,0x31E9,0x31E9,0x2167,0x29A8,0x31C8,0x10C4,0x10C3,0x18E4,0x31C8,0x31C8,
  0x31E8,0x3209,0x31E9,0x31C8,0x29C8,0x2166,0x29A8,0x2187,0x1905,0x0863,0x0862,0x0841,
  0x0841,0x0841,0x0020,0x0020,0x0020,0x0020,0x0021,0x0021,0x0020,0x0020,0x0000,0x0000,
  0x0000,0x0000,0x0020,0x0020,0x0021,0x0821,0x0841,0x0862,0x1082,0x0841,0x0820,0x0020,
  0x0841,0x0841,0x1082,0x0841,0x10A3,0x2146,0x1063,0x29A7,0x31E8,0x29C8,0x31E9,0x31E9,
  0x29A8,0x2166,0x29C8,0x29C8,0x2167,0x2187,0x2167,0x2166,0x1946,0x2167,0x29A8,0x2167,
  0x2187,0x29A7,0x2987,0x08A3,0x0862,0x0842,0x0841,0x0041,0x0021,0x0021,0x0021,0x0021,
  0x0021,0x0021,0x0021,0x0021,0x0041,0x0041,0x0841,0x0841,0x0841,0x0841,0x0841,0x0841,
  0x0841,0x0841,0x1082,0x1082,0x0882,0x1904,0x31E8,0x29C8,0x21A7,0x3A2A,0x322A,0x3A2A,
  0x3A2A,0x322A,0x322A,0x29E9,0x29C9,0x29C8,0x29C9,0x31E9,0x31E9,0x31E9,0x2146,0x1925,
  0x1925,0x1905,0x1925,0x1905,0x1905,0x1905,0x1905,0x18E5,0x18E4,0x10E4,0x10E4,0x10E4,
  0x10E4,0x1904,0x10E4,0x10C4,0x10C4,0x1905,0x10E4,0x10C4,0x10E4,0x10E4,0x1904,0x10E4,
  0x10E4,0x10E4,0x10E4,0x10E4,0x10E4,0x10E4,0x10E4,0x10E4,0x10E4,0x10E4,0x1905,0x1905,
  0x10E5,0x1905,0x1925,0x10E5,0x1925,0x1925,0x2146,0x1925,0x2126,0x2146,0x1946,0x1925,
  0x1925,0x2146,0x2146,0x2146,0x2166,0x2146,0x2166,0x2167,0x2146,0x2167,0x2187,0x29E9,
  0x322A,0x29E9,0x29E9,0x29C8,0x29A8,0x2187,0x2187,0x2187,0x29C8,0x31E9,0x31E9,0x320A,
  0x31E9,0x31E9,0x31E9,0x29C8,0x29C8,0x29A8,0x29A8,0x29C8,0x31C8,0x2167,0x0883,0x1925,
  0x10A3,0x0041,0x0862,0x0041,0x0862,0x0062,0x0020,0x0841,0x0841,0x0841,0x0861,0x0041,
  0x0882,0x0882,0x0882,0x0882,0x0882,0x0862,0x10A3,0x18E4,0x10A3,0x0021,0x0041,0x0041,
  0x0021,0x0021,0x0841,0x0862,0x0841,0x1083,0x29A7,0x29C8,0x29C8,0x29A8,0x2987,0x1946,
  0x31E9,0x31E9,0x31E9,0x31E9,0x31E9,0x31E9,0x2146,0x08C3,0x10E4,0x10E4,0x2987,0x3209,
  0x31E9,0x31E9,0x31E9,0x31E9,0x2187,0x2166,0x29C8,0x29A7,0x2987,0x10A3,0x0842,0x0021,
  0x0021,0x0021,0x0021,0x0020,0x0000,0x0020,0x0021,0x0021,0x0020,0x0020,0x0020,0x0020,
  0x0020,0x0020,0x0020,0x0020,0x0021,0x0861,0x0841,0x0020,0x0020,0x0861,0x0861,0x0841,
  0x0841,0x0841,0x0841,0x0021,0x1904,0x39E8,0x18E5,0x2987,0x3209,0x31E9,0x31E9,0x3209,
  0x2988,0x2187,0x3209,0x31E8,0x2187,0x2987,0x2987,0x2987,0x2187,0x29C8,0x29C8,0x29A8,
  0x29C8,0x29A8,0x29C8,0x10C3,0x0062,0x0862,0x0841,0x0041,0x0021,0x0021,0x0021,0x0021,
  0x0021,0x0021,0x0021,0x0021,0x0021,0x0021,0x0021,0x0021,0x0841,0x0841,0x0841,0x0841,
  0x0862,0x1082,0x18C3,0x10A2,0x0862,0x1904,0x3A29,0x3229,0x29C8,0x3A4B,0x426B,0x3A6B,
  0x3A6B,0x3A6B,0x3A4B,0x29E9,0x29C9,0x29C8,0x29C9,0x3209,0x31E9,0x31E9,0x1967,0x1926,
  0x1925,0x1925,0x1925,0x1905,0x1905,0x1905,0x1905,0x1905,0x1905,0x18E5,0x10E4,0x10E4,
  0x10E4,0x1925,0x10E4,0x10C4,0x10E4,0x1904,0x10E4,0x10E4,0x10E4,0x10E4,0x10E4,0x10E4,
  0x18E5,0x1905,0x1905,0x10E4,0x1925,0x1905,0x10E4,0x10E5,0x10E5,0x1905,0x1925,0x1925,
  0x2166,0x1905,0x1925,0x1905,0x1905,0x1905,0x2987,0x1926,0x2146,0x2146,0x2166,0x2187,
  0x1926,0x2146,0x2146,0x2146,0x2166,0x2166,0x2166,0x2167,0x2167,0x2187,0x21A8,0x21A8,
  0x31E9,0x31E9,0x29C8,0x29C9,0x29A8,0x3209,0x29C8,0x2187,0x31E9,0x31E9,0x31E9,0x31E9,
  0x31E9,0x31E9,0x320A,0x29C9,0x29A8,0x29C8,0x29A8,0x2146,0x2187,0x2987,0x10C4,0x1905,
  0x10E4,0x0041,0x0842,0x0842,0x0862,0x0062,0x0020,0x0841,0x0821,0x1042,0x0862,0x0841,
  0x0862,0x0862,0x0862,0x0882,0x0862,0x0862,0x1905,0x18E4,0x10A3,0x0021,0x0041,0x0021,
  0x0021,0x0021,0x0041,0x0841,0x0041,0x0883,0x2187,0x29A8,0x29C8,0x29A8,0x1946,0x1946,
  0x29A8,0x2187,0x31E9,0x31E9,0x31E9,0x3209,0x1105,0x08C3,0x10E4,0x08A3,0x1905,0x3209,
  0x31E9,0x31E9,0x31E9,0x31E9,0x2187,0x29A8,0x29C8,0x29A7,0x2166,0x0883,0x0842,0x0021,
  0x0021,0x0021,0x0021,0x0020,0x0020,0x0020,0x0021,0x0000,0x0000,0x0000,0x0000,0x0000,
  0x0000,0x0000,0x0000,0x0020,0x0841,0x0862,0x0861,0x18C2,0x10A2,0x0841,0x0861,0x1062,
  0x0841,0x0841,0x0861,0x0861,0x2146,0x31E8,0x2967,0x29C8,0x3209,0x3209,0x3229,0x31E9,
  0x1946,0x1946,0x31E9,0x31E9,0x2167,0x2987,0x31C8,0x29A8,0x2187,0x31E9,0x3229,0x31E9,
  0x29E9,0x29E8,0x29C8,0x0883,0x0042,0x0041,0x0041,0x0021,0x0021,0x0021,0x0021,0x0021,
  0x0021,0x0021,0x0021,0x0041,0x0041,0x0021,0x0021,0x0020,0x0021,0x0021,0x0021,0x0020,
  0x1082,0x18C3,0x18C3,0x0862,0x0841,0x18E4,0x424A,0x3A6A,0x3A2A,0x3A4B,0x3A4B,0x3A6B,
  0x3A4B,0x3A6B,0x3A6B,0x3A8B,0x42AC,0x3A6B,0x428C,0x42AC,0x4AED,0x4B0D,0x322A,0x1926,
  0x1946,0x1925,0x1905,0x1905,0x1905,0x18E5,0x1905,0x1905,0x1905,0x1905,0x1105,0x1104,
  0x1925,0x10E4,0x10E4,0x10C4,0x10C4,0x10C4,0x10E4,0x10E4,0x10E4,0x10E4,0x10E4,0x10E5,
  0x10E4,0x1905,0x1905,0x1905,0x1905,0x1925,0x1905,0x1905,0x1905,0x1925,0x1905,0x1905,
  0x1926,0x1905,0x2146,0x1925,0x1905,0x1905,0x1905,0x1905,0x1925,0x1925,0x1925,0x29A7,
  0x29A8,0x2146,0x2167,0x2146,0x2146,0x2167,0x2167,0x2167,0x2187,0x2188,0x29A8,0x21A8,
  0x29C8,0x3209,0x3209,0x3209,0x31E9,0x2187,0x1946,0x2187,0x29A8,0x29A8,0x29C8,0x29C9,
  0x31E9,0x320A,0x3209,0x29C9,0x21A8,0x29A8,0x2187,0x2146,0x1905,0x2166,0x1925,0x18E4,
  0x0862,0x0021,0x0842,0x0042,0x0041,0x0061,0x0021,0x0841,0x1082,0x0861,0x0841,0x0861,
  0x1082,0x3146,0x10A3,0x0882,0x0042,0x10A3,0x10C4,0x10E4,0x1925,0x0021,0x0021,0x0021,
  0x0021,0x0021,0x0041,0x0841,0x0021,0x0041,0x2146,0x31C8,0x29A7,0x2187,0x2987,0x1905,
  0x1926,0x1905,0x29C8,0x31E9,0x31E8,0x2187,0x10C4,0x08C3,0x10C3,0x10C4,0x10C4,0x29A8,
  0x31E9,0x31E9,0x3209,0x3209,0x31E9,0x29C8,0x29A8,0x1946,0x10C4,0x10A3,0x0062,0x0041,
  0x0041,0x0021,0x0021,0x0021,0x0021,0x0000,0x0000,0x0000,0x0000,0x0000,0x0000,0x0000,
  0x0000,0x0000,0x0000,0x0000,0x0021,0x10A2,0x0881,0x0861,0x10A2,0x0861,0x0841,0x0841,
  0x0841,0x0841,0x0861,0x1082,0x2987,0x2987,0x2146,0x29C8,0x31C8,0x3209,0x322A,0x3A29,
  0x29A8,0x29A8,0x29A7,0x29A7,0x2167,0x2167,0x31E9,0x31E8,0x2167,0x31E9,0x29E9,0x29C8,
  0x29C8,0x29C8,0x2987,0x0883,0x0042,0x0841,0x0041,0x0021,0x0021,0x0021,0x0021,0x0021,
  0x0021,0x0021,0x0021,0x0021,0x0021,0x0021,0x0021,0x0021,0x0021,0x0841,0x1082,0x0861,
  0x0862,0x1082,0x1082,0x1082,0x0862,0x10A3,0x29A7,0x3209,0x29E9,0x320A,0x2A0A,0x2A09,
  0x428C,0x3A6B,0x324B,0x3A6B,0x3A6B,0x3A6B,0x320A,0x2A09,0x322A,0x3A8B,0x3A6B,0x1966,
  0x1946,0x1946,0x1905,0x1905,0x1905,0x18E5,0x1905,0x1905,0x1925,0x1925,0x1105,0x1905,
  0x1905,0x10E4,0x10E4,0x10E4,0x10E4,0x10E4,0x10E4,0x10E4,0x10E4,0x1905,0x1905,0x18E5,
  0x18E5,0x10E5,0x1905,0x1905,0x1905,0x1905,0x1905,0x1925,0x1905,0x1905,0x1905,0x1905,
  0x1905,0x1905,0x1905,0x1905,0x1905,0x1905,0x1905,0x1905,0x1925,0x1925,0x1925,0x1926,
  0x29A7,0x2187,0x2167,0x29A8,0x29C8,0x2146,0x2167,0x2167,0x2187,0x29A8,0x29A8,0x29C8,
  0x29C8,0x31E9,0x29C9,0x29A8,0x2187,0x2167,0x2187,0x2187,0x29A8,0x29A8,0x29A8,0x21A8,
  0x2188,0x29A8,0x29E9,0x29A8,0x21A8,0x2187,0x21A8,0x2187,0x10C4,0x2187,0x1905,0x0882,
  0x0000,0x0021,0x0842,0x0041,0x0041,0x0061,0x0821,0x1062,0x0862,0x0862,0x0841,0x0861,
  0x0061,0x10C3,0x18C3,0x0862,0x0862,0x10A3,0x10E4,0x10C3,0x0041,0x0021,0x0021,0x0021,
  0x0020,0x0021,0x0841,0x0041,0x0021,0x0021,0x1905,0x29A7,0x08A3,0x08A3,0x10A4,0x1925,
  0x10E4,0x1905,0x29A7,0x3209,0x2167,0x10C4,0x10C4,0x10C3,0x10C3,0x10E4,0x18E4,0x29A7,
  0x31E8,0x31C8,0x29A7,0x29A7,0x31E9,0x29A8,0x2167,0x10E4,0x0062,0x0883,0x0862,0x0841,
  0x0041,0x0021,0x0021,0x0021,0x0021,0x0021,0x0000,0x0000,0x0000,0x0000,0x0000,0x0000,
  0x0000,0x0000,0x0020,0x0021,0x0020,0x0841,0x10A2,0x18C3,0x0861,0x0841,0x1082,0x0841,
  0x0841,0x0841,0x0861,0x1083,0x2146,0x2987,0x1926,0x2146,0x2146,0x3209,0x322A,0x3209,
  0x3209,0x3A2A,0x31E9,0x2166,0x2146,0x1926,0x2987,0x31C8,0x2167,0x31E9,0x29E9,0x29C8,
  0x1966,0x2166,0x2146,0x1905,0x0842,0x0841,0x0841,0x0041,0x0021,0x0021,0x0021,0x0021,
  0x0021,0x0021,0x0021,0x0021,0x0021,0x0000,0x0021,0x0021,0x0841,0x0841,0x0861,0x0862,
  0x10A2,0x18C3,0x1082,0x0862,0x1082,0x2966,0x2167,0x2187,0x1987,0x29C9,0x2A0A,0x29E9,
  0x2A0A,0x2A0A,0x2A0A,0x3A8C,0x42AC,0x42AC,0x4AED,0x534F,0x534F,0x532E,0x534F,0x3209,
  0x1946,0x2146,0x1905,0x1905,0x1905,0x18E5,0x1905,0x1905,0x1925,0x1905,0x1905,0x1905,
  0x1905,0x1905,0x1905,0x18E4,0x10E4,0x10E4,0x10E4,0x10E4,0x10E4,0x1905,0x1905,0x1905,
  0x1905,0x1905,0x1925,0x1925,0x1905,0x1905,0x1925,0x1925,0x2167,0x1926,0x1926,0x1925,
  0x1905,0x1905,0x1905,0x1905,0x1925,0x1925,0x1926,0x1925,0x1905,0x1925,0x1925,0x1926,
  0x1926,0x2987,0x2987,0x29A8,0x2167,0x31A8,0x29C8,0x2187,0x2188,0x2167,0x29C8,0x31E9,
  0x29C8,0x29A8,0x29A8,0x29A8,0x29A8,0x29C8,0x29C9,0x29C8,0x29C8,0x29C9,0x31E9,0x29C9,
  0x29A8,0x29C8,0x2188,0x2187,0x2188,0x2187,0x29A8,0x10E5,0x0883,0x2166,0x10E4,0x0021,
  0x0021,0x0842,0x0041,0x0021,0x0041,0x0041,0x0021,0x0841,0x0862,0x0862,0x0841,0x0841,
  0x0841,0x0082,0x0882,0x0862,0x0862,0x10A3,0x10E4,0x10C3,0x0021,0x0021,0x0021,0x0021,
  0x0021,0x0021,0x0842,0x0882,0x0021,0x0021,0x1083,0x18E4,0x08C3,0x10E4,0x10E4,0x1905,
  0x1105,0x1905,0x2167,0x31E9,0x10E5,0x10E4,0x10E4,0x10C4,0x10C4,0x10C4,0x1905,0x29A8,
  0x31E8,0x2167,0x10E5,0x1905,0x3209,0x2987,0x1905,0x2146,0x1905,0x0883,0x0842,0x0842,
  0x0841,0x0041,0x0021,0x0021,0x0000,0x0021,0x0021,0x0021,0x0020,0x0020,0x0000,0x0000,
  0x0000,0x0000,0x0020,0x0021,0x0020,0x0020,0x0000,0x0020,0x0020,0x0041,0x0020,0x0020,
  0x0861,0x0841,0x0862,0x1904,0x1904,0x1925,0x1905,0x1905,0x10C4,0x29A8,0x322A,0x31E9,
  0x29C8,0x31E9,0x29A8,0x2187,0x2146,0x1946,0x2187,0x29A8,0x29C8,0x3A2A,0x3A2A,0x29E9,
  0x31E9,0x31C8,0x2967,0x2125,0x0842,0x0862,0x0841,0x0841,0x0041,0x0021,0x0021,0x0021,
  0x0021,0x0021,0x0021,0x0841,0x0021,0x0000,0x0020,0x0000,0x0021,0x0821,0x0841,0x0021,
  0x0021,0x0861,0x0862,0x1082,0x0882,0x2146,0x426A,0x3A6B,0x3A6B,0x4AED,0x63B0,0x5B6F,
  0x4AED,0x4B0E,0x534F,0x534F,0x532F,0x5B90,0x5B6F,0x5B90,0x5B90,0x5B90,0x63B0,0x4AED,
  0x1946,0x2146,0x1926,0x1905,0x1905,0x18E5,0x1905,0x1904,0x1905,0x1905,0x1905,0x1905,
  0x1905,0x1905,0x1905,0x1905,0x1905,0x1905,0x1905,0x1905,0x1905,0x1905,0x1905,0x1905,
  0x1905,0x1905,0x1925,0x1926,0x1925,0x1925,0x1946,0x2987,0x31E9,0x2146,0x1926,0x1926,
  0x2126,0x1926,0x1926,0x1926,0x1926,0x1926,0x1926,0x1926,0x1905,0x1905,0x1926,0x1946,
  0x1946,0x2167,0x29A7,0x2187,0x2987,0x31A8,0x29A8,0x21A8,0x1947,0x1946,0x2187,0x2187,
  0x2167,0x2147,0x2167,0x29A8,0x29A8,0x2988,0x29A8,0x29A8,0x29A8,0x3209,0x31E9,0x29A8,
  0x29A8,0x2187,0x2187,0x2188,0x21A8,0x2187,0x29A8,0x10E5,0x0062,0x2167,0x10C4,0x0000,
  0x1083,0x0862,0x0021,0x0021,0x0041,0x0021,0x0841,0x0862,0x0041,0x0841,0x0821,0x0842,
  0x0842,0x0882,0x0862,0x0841,0x0041,0x0862,0x08A3,0x0882,0x0021,0x0021,0x0021,0x0021,
  0x0021,0x0021,0x0841,0x1082,0x0841,0x0021,0x0862,0x3187,0x31C8,0x2166,0x2166,0x2146,
  0x1905,0x1905,0x2146,0x3A09,0x18E5,0x1905,0x10E4,0x10E4,0x10C4,0x10C4,0x1905,0x31C8,
  0x29A8,0x10E4,0x2166,0x29C8,0x2146,0x2167,0x1905,0x1925,0x18E4,0x0883,0x0041,0x0021,
  0x0041,0x0021,0x0021,0x0021,0x0021,0x0020,0x0020,0x0020,0x0000,0x0000,0x0000,0x0000,
  0x0000,0x0000,0x0000,0x0020,0x0020,0x0020,0x0020,0x0020,0x0020,0x0841,0x0841,0x0020,
  0x0020,0x0841,0x0841,0x18E4,0x1905,0x1925,0x1905,0x10C4,0x18E5,0x2987,0x29A7,0x2167,
  0x2167,0x2187,0x31E9,0x29C8,0x2187,0x2167,0x29C8,0x29A8,0x2987,0x31E9,0x3A2A,0x29A8,
  0x29C8,0x31E9,0x1926,0x0883,0x0042,0x0862,0x0862,0x0841,0x0041,0x0841,0x0041,0x0021,
  0x0021,0x0021,0x0021,0x0021,0x0841,0x0841,0x0021,0x0020,0x0021,0x0841,0x0841,0x1082,
  0x18E3,0x18E3,0x18C3,0x1082,0x1082,0x18E4,0x3A09,0x3209,0x3209,0x320A,0x2A0A,0x322A,
  0x322A,0x324B,0x3A6B,0x324B,0x324B,0x4ACD,0x3A4B,0x21A8,0x5B70,0x63D1,0x428C,0x530E,
  0x31E9,0x1946,0x1946,0x1925,0x1905,0x1905,0x1905,0x10E4,0x10E5,0x1905,0x1905,0x1105,
  0x1905,0x1925,0x1925,0x1925,0x1925,0x1925,0x1905,0x1905,0x1905,0x1905,0x1905,0x1905,
  0x1925,0x1925,0x1926,0x1926,0x1925,0x1925,0x2167,0x2167,0x29A8,0x2167,0x1926,0x1926,
  0x2166,0x2146,0x1926,0x1946,0x2146,0x1946,0x2167,0x2187,0x1925,0x1926,0x2146,0x2166,
  0x2167,0x29C8,0x29A8,0x29A8,0x29A8,0x2988,0x29A8,0x2187,0x2167,0x2167,0x2187,0x2167,
  0x2167,0x2187,0x2187,0x2188,0x2188,0x2988,0x29A8,0x2188,0x29A8,0x29C8,0x2987,0x29C8,
  0x29C8,0x2188,0x29A8,0x21A8,0x29A8,0x29A8,0x29C8,0x10C4,0x08A3,0x2146,0x0882,0x0021,
  0x1083,0x0862,0x0021,0x0041,0x0041,0x0021,0x0841,0x0862,0x0041,0x0841,0x0841,0x0841,
  0x0842,0x0862,0x0882,0x0861,0x0041,0x0862,0x0882,0x0862,0x0021,0x0021,0x0021,0x0021,
  0x0021,0x0021,0x0821,0x28C3,0x0841,0x0041,0x0062,0x31A7,0x31A7,0x2187,0x2146,0x2145,
  0x1905,0x1905,0x10E4,0x2145,0x1905,0x1905,0x10E4,0x10E4,0x10E4,0x10C4,0x18E4,0x2987,
  0x18E5,0x1926,0x31E8,0x2987,0x10E4,0x10E4,0x10E4,0x10C4,0x10A3,0x0862,0x0862,0x0841,
  0x0021,0x0021,0x0021,0x0021,0x0021,0x0020,0x0020,0x0000,0x0000,0x0000,0x0000,0x0000,
  0x0020,0x0000,0x0020,0x0000,0x0020,0x0020,0x0000,0x0000,0x0000,0x0020,0x0020,0x0020,
  0x0020,0x0020,0x0862,0x10C3,0x1905,0x2125,0x1925,0x10C3,0x10C4,0x1905,0x2166,0x2146,
  0x2186,0x2166,0x2187,0x2166,0x1926,0x2167,0x31C8,0x31C8,0x2146,0x31C8,0x3A09,0x2987,
  0x31C8,0x2146,0x1926,0x1925,0x0042,0x0862,0x0862,0x0841,0x0041,0x0041,0x0021,0x0021,
  0x0021,0x0021,0x0021,0x0021,0x0021,0x0021,0x0021,0x0821,0x0841,0x0861,0x0862,0x18C3,
  0x2104,0x18E3,0x20E3,0x18A2,0x1061,0x10A3,0x1905,0x31C8,0x3A4A,0x42AC,0x324A,0x2A2A,
  0x2A0A,0x322A,0x324A,0x322A,0x322A,0x2A0A,0x4ACD,0x5B4F,0x7453,0x7C73,0x5B4F,0x6390,
  0x532E,0x2187,0x1946,0x1946,0x1925,0x1905,0x1925,0x1905,0x18E5,0x1905,0x1105,0x1925,
  0x1925,0x1946,0x1926,0x1926,0x1926,0x1925,0x1905,0x1905,0x1125,0x1926,0x1925,0x1925,
  0x1925,0x1926,0x1926,0x1946,0x1966,0x2187,0x29C8,0x29A8,0x29C8,0x2988,0x2187,0x29A7,
  0x2187,0x2187,0x2187,0x2987,0x2187,0x2146,0x2166,0x2146,0x1905,0x1905,0x1926,0x1926,
  0x1946,0x2167,0x2167,0x29E9,0x31E9,0x29A8,0x29A8,0x29A8,0x29A7,0x2187,0x2167,0x2167,
  0x29A7,0x29A8,0x2167,0x2187,0x2167,0x2188,0x2187,0x2187,0x2187,0x2187,0x29A7,0x29C8,
  0x29A8,0x21A8,0x29A8,0x29A8,0x21A8,0x2988,0x29A9,0x10E4,0x1924,0x1925,0x0062,0x0042,
  0x10A3,0x0882,0x0021,0x0862,0x0041,0x0041,0x0841,0x0861,0x0021,0x0021,0x0041,0x0841,
  0x0862,0x0862,0x0862,0x0061,0x0041,0x0862,0x0882,0x0021,0x0000,0x0021,0x0021,0x0021,
  0x0021,0x0021,0x0020,0x0861,0x0841,0x0041,0x0041,0x1905,0x2146,0x2146,0x2166,0x2166,
  0x1906,0x2987,0x2166,0x1925,0x1905,0x1905,0x10E4,0x10E4,0x10E4,0x10C4,0x10A3,0x1925,
  0x1905,0x2146,0x31C8,0x2166,0x10E4,0x1904,0x10E4,0x1905,0x18E4,0x0042,0x0862,0x0841,
  0x0041,0x0021,0x0021,0x0000,0x0000,0x0000,0x0000,0x0000,0x0000,0x0000,0x0000,0x0020,
  0x0021,0x0841,0x0841,0x0861,0x0861,0x1082,0x1082,0x10A2,0x1082,0x0861,0x0020,0x0861,
  0x0861,0x0861,0x0862,0x0862,0x1905,0x1925,0x1904,0x10A3,0x10A3,0x10C4,0x2145,0x2987,
  0x2166,0x1945,0x1925,0x1926,0x1925,0x1905,0x2126,0x2146,0x1925,0x1946,0x2987,0x2126,
  0x2987,0x2146,0x2167,0x1925,0x0062,0x0862,0x0862,0x0041,0x0041,0x0021,0x0021,0x0021,
  0x0021,0x0021,0x0021,0x0021,0x0021,0x0021,0x0021,0x0841,0x1082,0x0862,0x0861,0x1082,
  0x18C3,0x2144,0x18C3,0x18A2,0x1082,0x1082,0x2966,0x2146,0x29C8,0x3A4A,0x2A09,0x29E9,
  0x2188,0x3A6B,0x42AC,0x324A,0x2A0A,0x320A,0x3A6B,0x324B,0x2A0A,0x322A,0x322A,0x2188,
  0x1987,0x1946,0x1926,0x1926,0x1926,0x1926,0x1926,0x1925,0x1105,0x1905,0x1925,0x1946,
  0x2187,0x29A7,0x2187,0x2187,0x29A8,0x2187,0x2187,0x2987,0x2187,0x21A8,0x21A7,0x2187,
  0x1966,0x1967,0x2187,0x2167,0x1946,0x1946,0x1946,0x1947,0x1926,0x1926,0x1925,0x1926,
  0x1925,0x1946,0x1966,0x1925,0x1946,0x1926,0x1926,0x2166,0x2146,0x1926,0x1926,0x1946,
  0x1946,0x2167,0x2167,0x2187,0x2167,0x2187,0x2988,0x2167,0x2167,0x1926,0x1926,0x1947,
  0x2167,0x1967,0x2167,0x2187,0x2187,0x2187,0x2187,0x2187,0x2187,0x2187,0x2187,0x29A7,
  0x2188,0x21A8,0x29A8,0x21A8,0x2188,0x2188,0x2988,0x2146,0x1924,0x10E4,0x0042,0x0862,
  0x10C3,0x0862,0x0041,0x0021,0x0041,0x0041,0x0041,0x0841,0x0021,0x0021,0x0841,0x0862,
  0x0862,0x0862,0x0041,0x0041,0x0041,0x0862,0x0882,0x0020,0x0000,0x0000,0x0021,0x0021,
  0x0020,0x0020,0x0020,0x0021,0x0021,0x0041,0x0021,0x1925,0x10E4,0x08A3,0x1905,0x18E4,
};
